2026-01-12 00:00:01.000 [DEBUG] api: ttl=300 key=sess:0
2026-01-12 00:00:02.037 [INFO ] api: job scheduled
2026-01-12 00:00:03.074 [DEBUG] api: pool idle=4 active=2
2026-01-12 00:00:04.111 [INFO ] api: batch flushed
2026-01-12 00:00:05.148 [INFO ] api: user login ok
2026-01-12 00:00:06.185 [INFO ] api: request handled
2026-01-12 00:00:07.222 [WARN ] api: deprecated header seen
2026-01-12 00:00:08.259 [INFO ] api: cache hit
2026-01-12 00:00:09.296 [ERROR] api: upstream 503 after 3 retries
2026-01-12 00:00:10.333 [INFO ] api: user login ok
2026-01-12 00:00:11.370 [DEBUG] api: pool idle=4 active=2
2026-01-12 00:00:12.407 [INFO ] api: job scheduled
2026-01-12 00:00:13.444 [DEBUG] api: ttl=300 key=sess:156
2026-01-12 00:00:14.481 [INFO ] api: batch flushed
2026-01-12 00:00:15.518 [INFO ] api: user login ok
2026-01-12 00:00:16.555 [INFO ] api: request handled
2026-01-12 00:00:17.592 [WARN ] api: retry 208/3 upstream slow
2026-01-12 00:00:18.629 [INFO ] api: cache hit
2026-01-12 00:00:19.666 [ERROR] api: null ref in handler #234
2026-01-12 00:00:20.703 [INFO ] api: user login ok
2026-01-12 00:00:21.740 [DEBUG] api: ttl=300 key=sess:260
2026-01-12 00:00:22.777 [INFO ] api: job scheduled
2026-01-12 00:00:23.814 [DEBUG] api: pool idle=4 active=2
2026-01-12 00:00:24.851 [INFO ] api: batch flushed
2026-01-12 00:00:25.888 [INFO ] api: user login ok
2026-01-12 00:00:26.925 [INFO ] api: request handled
2026-01-12 00:00:27.962 [WARN ] api: deprecated header seen
2026-01-12 00:00:28.999 [INFO ] api: cache hit
2026-01-12 00:00:29.036 [ERROR] api: upstream 503 after 3 retries
2026-01-12 00:00:30.073 [INFO ] api: user login ok
2026-01-12 00:00:31.110 [DEBUG] api: pool idle=4 active=2
2026-01-12 00:00:32.147 [INFO ] api: job scheduled
2026-01-12 00:00:33.184 [DEBUG] api: ttl=300 key=sess:416
2026-01-12 00:00:34.221 [INFO ] api: batch flushed
2026-01-12 00:00:35.258 [INFO ] api: user login ok
2026-01-12 00:00:36.295 [INFO ] api: request handled
2026-01-12 00:00:37.332 [WARN ] api: retry 468/3 upstream slow
2026-01-12 00:00:38.369 [INFO ] api: cache hit
2026-01-12 00:00:39.406 [ERROR] api: null ref in handler #494
2026-01-12 00:00:40.443 [INFO ] api: user login ok
2026-01-12 00:00:41.480 [DEBUG] api: ttl=300 key=sess:520
2026-01-12 00:00:42.517 [INFO ] api: job scheduled
2026-01-12 00:00:43.554 [DEBUG] api: pool idle=4 active=2
2026-01-12 00:00:44.591 [INFO ] api: batch flushed
2026-01-12 00:00:45.628 [INFO ] api: user login ok
2026-01-12 00:00:46.665 [INFO ] api: request handled
2026-01-12 00:00:47.702 [WARN ] api: deprecated header seen
2026-01-12 00:00:48.739 [INFO ] api: cache hit
2026-01-12 00:00:49.776 [ERROR] api: upstream 503 after 3 retries
2026-01-12 00:00:50.813 [INFO ] api: user login ok
2026-01-12 00:00:51.850 [DEBUG] api: pool idle=4 active=2
2026-01-12 00:00:52.887 [INFO ] api: job scheduled
2026-01-12 00:00:53.924 [DEBUG] api: ttl=300 key=sess:676
2026-01-12 00:00:54.961 [INFO ] api: batch flushed
2026-01-12 00:00:55.998 [INFO ] api: user login ok
2026-01-12 00:00:56.035 [INFO ] api: request handled
2026-01-12 00:00:57.072 [WARN ] api: retry 728/3 upstream slow
2026-01-12 00:00:58.109 [INFO ] api: cache hit
2026-01-12 00:00:59.146 [ERROR] api: null ref in handler #754
2026-01-12 00:01:00.183 [INFO ] api: user login ok
2026-01-12 00:01:01.220 [DEBUG] api: ttl=300 key=sess:780
2026-01-12 00:01:02.257 [INFO ] api: job scheduled
2026-01-12 00:01:03.294 [DEBUG] api: pool idle=4 active=2
2026-01-12 00:01:04.331 [INFO ] api: batch flushed
2026-01-12 00:01:05.368 [INFO ] api: user login ok
2026-01-12 00:01:06.405 [INFO ] api: request handled
2026-01-12 00:01:07.442 [WARN ] api: deprecated header seen
2026-01-12 00:01:08.479 [INFO ] api: cache hit
2026-01-12 00:01:09.516 [ERROR] api: upstream 503 after 3 retries
2026-01-12 00:01:10.553 [INFO ] api: user login ok
2026-01-12 00:01:11.590 [DEBUG] api: pool idle=4 active=2
2026-01-12 00:01:12.627 [INFO ] api: job scheduled
2026-01-12 00:01:13.664 [DEBUG] api: ttl=300 key=sess:936
2026-01-12 00:01:14.701 [INFO ] api: batch flushed
2026-01-12 00:01:15.738 [INFO ] api: user login ok
2026-01-12 00:01:16.775 [INFO ] api: request handled
2026-01-12 00:01:17.812 [WARN ] api: retry 988/3 upstream slow
2026-01-12 00:01:18.849 [INFO ] api: cache hit
2026-01-12 00:01:19.886 [ERROR] api: null ref in handler #1014
2026-01-12 00:01:20.923 [INFO ] api: user login ok
2026-01-12 00:01:21.960 [DEBUG] api: ttl=300 key=sess:1040
2026-01-12 00:01:22.997 [INFO ] api: job scheduled
2026-01-12 00:01:23.034 [DEBUG] api: pool idle=4 active=2
2026-01-12 00:01:24.071 [INFO ] api: batch flushed
2026-01-12 00:01:25.108 [INFO ] api: user login ok
2026-01-12 00:01:26.145 [INFO ] api: request handled
2026-01-12 00:01:27.182 [WARN ] api: deprecated header seen
2026-01-12 00:01:28.219 [INFO ] api: cache hit
2026-01-12 00:01:29.256 [ERROR] api: upstream 503 after 3 retries
2026-01-12 00:01:30.293 [INFO ] api: user login ok
2026-01-12 00:01:31.330 [DEBUG] api: pool idle=4 active=2
2026-01-12 00:01:32.367 [INFO ] api: job scheduled
2026-01-12 00:01:33.404 [DEBUG] api: ttl=300 key=sess:1196
2026-01-12 00:01:34.441 [INFO ] api: batch flushed
2026-01-12 00:01:35.478 [INFO ] api: user login ok
2026-01-12 00:01:36.515 [INFO ] api: request handled
2026-01-12 00:01:37.552 [WARN ] api: retry 1248/3 upstream slow
2026-01-12 00:01:38.589 [INFO ] api: cache hit
2026-01-12 00:01:39.626 [ERROR] api: null ref in handler #1274
2026-01-12 00:01:40.663 [INFO ] api: user login ok
2026-01-12 00:01:41.700 [DEBUG] api: ttl=300 key=sess:1300
2026-01-12 00:01:42.737 [INFO ] api: job scheduled
2026-01-12 00:01:43.774 [DEBUG] api: pool idle=4 active=2
2026-01-12 00:01:44.811 [INFO ] api: batch flushed
2026-01-12 00:01:45.848 [INFO ] api: user login ok
2026-01-12 00:01:46.885 [INFO ] api: request handled
2026-01-12 00:01:47.922 [WARN ] api: deprecated header seen
2026-01-12 00:01:48.959 [INFO ] api: cache hit
2026-01-12 00:01:49.996 [ERROR] api: upstream 503 after 3 retries
2026-01-12 00:01:50.033 [INFO ] api: user login ok
2026-01-12 00:01:51.070 [DEBUG] api: pool idle=4 active=2
2026-01-12 00:01:52.107 [INFO ] api: job scheduled
2026-01-12 00:01:53.144 [DEBUG] api: ttl=300 key=sess:1456
2026-01-12 00:01:54.181 [INFO ] api: batch flushed
2026-01-12 00:01:55.218 [INFO ] api: user login ok
2026-01-12 00:01:56.255 [INFO ] api: request handled
2026-01-12 00:01:57.292 [WARN ] api: retry 1508/3 upstream slow
2026-01-12 00:01:58.329 [INFO ] api: cache hit
2026-01-12 00:01:59.366 [ERROR] api: null ref in handler #1534
2026-01-12 00:02:00.403 [INFO ] api: user login ok
2026-01-12 00:02:01.440 [DEBUG] api: ttl=300 key=sess:1560
2026-01-12 00:02:02.477 [INFO ] api: job scheduled
2026-01-12 00:02:03.514 [DEBUG] api: pool idle=4 active=2
2026-01-12 00:02:04.551 [INFO ] api: batch flushed
2026-01-12 00:02:05.588 [INFO ] api: user login ok
2026-01-12 00:02:06.625 [INFO ] api: request handled
2026-01-12 00:02:07.662 [WARN ] api: deprecated header seen
2026-01-12 00:02:08.699 [INFO ] api: cache hit
2026-01-12 00:02:09.736 [ERROR] api: upstream 503 after 3 retries
2026-01-12 00:02:10.773 [INFO ] api: user login ok
2026-01-12 00:02:11.810 [DEBUG] api: pool idle=4 active=2
2026-01-12 00:02:12.847 [INFO ] api: job scheduled
2026-01-12 00:02:13.884 [DEBUG] api: ttl=300 key=sess:1716
2026-01-12 00:02:14.921 [INFO ] api: batch flushed
2026-01-12 00:02:15.958 [INFO ] api: user login ok
2026-01-12 00:02:16.995 [INFO ] api: request handled
2026-01-12 00:02:17.032 [WARN ] api: retry 1768/3 upstream slow
2026-01-12 00:02:18.069 [INFO ] api: cache hit
2026-01-12 00:02:19.106 [ERROR] api: null ref in handler #1794
2026-01-12 00:02:20.143 [INFO ] api: user login ok
2026-01-12 00:02:21.180 [DEBUG] api: ttl=300 key=sess:1820
2026-01-12 00:02:22.217 [INFO ] api: job scheduled
2026-01-12 00:02:23.254 [DEBUG] api: pool idle=4 active=2
2026-01-12 00:02:24.291 [INFO ] api: batch flushed
2026-01-12 00:02:25.328 [INFO ] api: user login ok
2026-01-12 00:02:26.365 [INFO ] api: request handled
2026-01-12 00:02:27.402 [WARN ] api: deprecated header seen
2026-01-12 00:02:28.439 [INFO ] api: cache hit
2026-01-12 00:02:29.476 [ERROR] api: upstream 503 after 3 retries
2026-01-12 00:02:30.513 [INFO ] api: user login ok
2026-01-12 00:02:31.550 [DEBUG] api: pool idle=4 active=2
2026-01-12 00:02:32.587 [INFO ] api: job scheduled
2026-01-12 00:02:33.624 [DEBUG] api: ttl=300 key=sess:1976
2026-01-12 00:02:34.661 [INFO ] api: batch flushed
2026-01-12 00:02:35.698 [INFO ] api: user login ok
2026-01-12 00:02:36.735 [INFO ] api: request handled
2026-01-12 00:02:37.772 [WARN ] api: retry 2028/3 upstream slow
2026-01-12 00:02:38.809 [INFO ] api: cache hit
2026-01-12 00:02:39.846 [ERROR] api: null ref in handler #2054
2026-01-12 00:02:40.883 [INFO ] api: user login ok
2026-01-12 00:02:41.920 [DEBUG] api: ttl=300 key=sess:2080
2026-01-12 00:02:42.957 [INFO ] api: job scheduled
2026-01-12 00:02:43.994 [DEBUG] api: pool idle=4 active=2
2026-01-12 00:02:44.031 [INFO ] api: batch flushed
2026-01-12 00:02:45.068 [INFO ] api: user login ok
2026-01-12 00:02:46.105 [INFO ] api: request handled
2026-01-12 00:02:47.142 [WARN ] api: deprecated header seen
2026-01-12 00:02:48.179 [INFO ] api: cache hit
2026-01-12 00:02:49.216 [ERROR] api: upstream 503 after 3 retries
2026-01-12 00:02:50.253 [INFO ] api: user login ok
2026-01-12 00:02:51.290 [DEBUG] api: pool idle=4 active=2
2026-01-12 00:02:52.327 [INFO ] api: job scheduled
2026-01-12 00:02:53.364 [DEBUG] api: ttl=300 key=sess:2236
2026-01-12 00:02:54.401 [INFO ] api: batch flushed
2026-01-12 00:02:55.438 [INFO ] api: user login ok
2026-01-12 00:02:56.475 [INFO ] api: request handled
2026-01-12 00:02:57.512 [WARN ] api: retry 2288/3 upstream slow
2026-01-12 00:02:58.549 [INFO ] api: cache hit
2026-01-12 00:02:59.586 [ERROR] api: null ref in handler #2314
2026-01-12 00:03:00.623 [INFO ] api: user login ok
2026-01-12 00:03:01.660 [DEBUG] api: ttl=300 key=sess:2340
2026-01-12 00:03:02.697 [INFO ] api: job scheduled
2026-01-12 00:03:03.734 [DEBUG] api: pool idle=4 active=2
2026-01-12 00:03:04.771 [INFO ] api: batch flushed
2026-01-12 00:03:05.808 [INFO ] api: user login ok
2026-01-12 00:03:06.845 [INFO ] api: request handled
2026-01-12 00:03:07.882 [WARN ] api: deprecated header seen
2026-01-12 00:03:08.919 [INFO ] api: cache hit
2026-01-12 00:03:09.956 [ERROR] api: upstream 503 after 3 retries
2026-01-12 00:03:10.993 [INFO ] api: user login ok
2026-01-12 00:03:11.030 [DEBUG] api: pool idle=4 active=2
2026-01-12 00:03:12.067 [INFO ] api: job scheduled
2026-01-12 00:03:13.104 [DEBUG] api: ttl=300 key=sess:2496
2026-01-12 00:03:14.141 [INFO ] api: batch flushed
2026-01-12 00:03:15.178 [INFO ] api: user login ok
2026-01-12 00:03:16.215 [INFO ] api: request handled
2026-01-12 00:03:17.252 [WARN ] api: retry 2548/3 upstream slow
2026-01-12 00:03:18.289 [INFO ] api: cache hit
2026-01-12 00:03:19.326 [ERROR] api: null ref in handler #2574
2026-01-12 00:03:20.363 [INFO ] api: user login ok
2026-01-12 00:03:21.400 [DEBUG] api: ttl=300 key=sess:2600
2026-01-12 00:03:22.437 [INFO ] api: job scheduled
2026-01-12 00:03:23.474 [DEBUG] api: pool idle=4 active=2
2026-01-12 00:03:24.511 [INFO ] api: batch flushed
2026-01-12 00:03:25.548 [INFO ] api: user login ok
2026-01-12 00:03:26.585 [INFO ] api: request handled
2026-01-12 00:03:27.622 [WARN ] api: deprecated header seen
2026-01-12 00:03:28.659 [INFO ] api: cache hit
2026-01-12 00:03:29.696 [ERROR] api: upstream 503 after 3 retries
2026-01-12 00:03:30.733 [INFO ] api: user login ok
2026-01-12 00:03:31.770 [DEBUG] api: pool idle=4 active=2
2026-01-12 00:03:32.807 [INFO ] api: job scheduled
2026-01-12 00:03:33.844 [DEBUG] api: ttl=300 key=sess:2756
2026-01-12 00:03:34.881 [INFO ] api: batch flushed
2026-01-12 00:03:35.918 [INFO ] api: user login ok
2026-01-12 00:03:36.955 [INFO ] api: request handled
2026-01-12 00:03:37.992 [WARN ] api: retry 2808/3 upstream slow
2026-01-12 00:03:38.029 [INFO ] api: cache hit
2026-01-12 00:03:39.066 [ERROR] api: null ref in handler #2834
2026-01-12 00:03:40.103 [INFO ] api: user login ok
2026-01-12 00:03:41.140 [DEBUG] api: ttl=300 key=sess:2860
2026-01-12 00:03:42.177 [INFO ] api: job scheduled
2026-01-12 00:03:43.214 [DEBUG] api: pool idle=4 active=2
2026-01-12 00:03:44.251 [INFO ] api: batch flushed
2026-01-12 00:03:45.288 [INFO ] api: user login ok
2026-01-12 00:03:46.325 [INFO ] api: request handled
2026-01-12 00:03:47.362 [WARN ] api: deprecated header seen
2026-01-12 00:03:48.399 [INFO ] api: cache hit
2026-01-12 00:03:49.436 [ERROR] api: upstream 503 after 3 retries
2026-01-12 00:03:50.473 [INFO ] api: user login ok
2026-01-12 00:03:51.510 [DEBUG] api: pool idle=4 active=2
2026-01-12 00:03:52.547 [INFO ] api: job scheduled
2026-01-12 00:03:53.584 [DEBUG] api: ttl=300 key=sess:3016
2026-01-12 00:03:54.621 [INFO ] api: batch flushed
2026-01-12 00:03:55.658 [INFO ] api: user login ok
2026-01-12 00:03:56.695 [INFO ] api: request handled
2026-01-12 00:03:57.732 [WARN ] api: retry 3068/3 upstream slow
2026-01-12 00:03:58.769 [INFO ] api: cache hit
2026-01-12 00:03:59.806 [ERROR] api: null ref in handler #3094
2026-01-12 00:04:00.843 [INFO ] api: user login ok
2026-01-12 00:04:01.880 [DEBUG] api: ttl=300 key=sess:3120
2026-01-12 00:04:02.917 [INFO ] api: job scheduled
2026-01-12 00:04:03.954 [DEBUG] api: pool idle=4 active=2
2026-01-12 00:04:04.991 [INFO ] api: batch flushed
2026-01-12 00:04:05.028 [INFO ] api: user login ok
2026-01-12 00:04:06.065 [INFO ] api: request handled
2026-01-12 00:04:07.102 [WARN ] api: deprecated header seen
2026-01-12 00:04:08.139 [INFO ] api: cache hit
2026-01-12 00:04:09.176 [ERROR] api: upstream 503 after 3 retries
2026-01-12 00:04:10.213 [INFO ] api: user login ok
2026-01-12 00:04:11.250 [DEBUG] api: pool idle=4 active=2
2026-01-12 00:04:12.287 [INFO ] api: job scheduled
2026-01-12 00:04:13.324 [DEBUG] api: ttl=300 key=sess:3276
2026-01-12 00:04:14.361 [INFO ] api: batch flushed
2026-01-12 00:04:15.398 [INFO ] api: user login ok
2026-01-12 00:04:16.435 [INFO ] api: request handled
2026-01-12 00:04:17.472 [WARN ] api: retry 3328/3 upstream slow
2026-01-12 00:04:18.509 [INFO ] api: cache hit
2026-01-12 00:04:19.546 [ERROR] api: null ref in handler #3354
2026-01-12 00:04:20.583 [INFO ] api: user login ok
2026-01-12 00:04:21.620 [DEBUG] api: ttl=300 key=sess:3380
2026-01-12 00:04:22.657 [INFO ] api: job scheduled
2026-01-12 00:04:23.694 [DEBUG] api: pool idle=4 active=2
2026-01-12 00:04:24.731 [INFO ] api: batch flushed
2026-01-12 00:04:25.768 [INFO ] api: user login ok
2026-01-12 00:04:26.805 [INFO ] api: request handled
2026-01-12 00:04:27.842 [WARN ] api: deprecated header seen
2026-01-12 00:04:28.879 [INFO ] api: cache hit
2026-01-12 00:04:29.916 [ERROR] api: upstream 503 after 3 retries
2026-01-12 00:04:30.953 [INFO ] api: user login ok
2026-01-12 00:04:31.990 [DEBUG] api: pool idle=4 active=2
2026-01-12 00:04:32.027 [INFO ] api: job scheduled
2026-01-12 00:04:33.064 [DEBUG] api: ttl=300 key=sess:3536
2026-01-12 00:04:34.101 [INFO ] api: batch flushed
2026-01-12 00:04:35.138 [INFO ] api: user login ok
2026-01-12 00:04:36.175 [INFO ] api: request handled
2026-01-12 00:04:37.212 [WARN ] api: retry 3588/3 upstream slow
2026-01-12 00:04:38.249 [INFO ] api: cache hit
2026-01-12 00:04:39.286 [ERROR] api: null ref in handler #3614
2026-01-12 00:04:40.323 [INFO ] api: user login ok
2026-01-12 00:04:41.360 [DEBUG] api: ttl=300 key=sess:3640
2026-01-12 00:04:42.397 [INFO ] api: job scheduled
2026-01-12 00:04:43.434 [DEBUG] api: pool idle=4 active=2
2026-01-12 00:04:44.471 [INFO ] api: batch flushed
2026-01-12 00:04:45.508 [INFO ] api: user login ok
2026-01-12 00:04:46.545 [INFO ] api: request handled
2026-01-12 00:04:47.582 [WARN ] api: deprecated header seen
2026-01-12 00:04:48.619 [INFO ] api: cache hit
2026-01-12 00:04:49.656 [ERROR] api: upstream 503 after 3 retries
2026-01-12 00:04:50.693 [INFO ] api: user login ok
2026-01-12 00:04:51.730 [DEBUG] api: pool idle=4 active=2
2026-01-12 00:04:52.767 [INFO ] api: job scheduled
2026-01-12 00:04:53.804 [DEBUG] api: ttl=300 key=sess:3796
2026-01-12 00:04:54.841 [INFO ] api: batch flushed
2026-01-12 00:04:55.878 [INFO ] api: user login ok
2026-01-12 00:04:56.915 [INFO ] api: request handled
2026-01-12 00:04:57.952 [WARN ] api: retry 3848/3 upstream slow
2026-01-12 00:04:58.989 [INFO ] api: cache hit
2026-01-12 00:04:59.026 [ERROR] api: null ref in handler #3874
2026-01-12 00:05:00.063 [INFO ] api: user login ok
2026-01-12 00:05:01.100 [DEBUG] api: ttl=300 key=sess:3900
2026-01-12 00:05:02.137 [INFO ] api: job scheduled
2026-01-12 00:05:03.174 [DEBUG] api: pool idle=4 active=2
2026-01-12 00:05:04.211 [INFO ] api: batch flushed
2026-01-12 00:05:05.248 [INFO ] api: user login ok
2026-01-12 00:05:06.285 [INFO ] api: request handled
2026-01-12 00:05:07.322 [WARN ] api: deprecated header seen
2026-01-12 00:05:08.359 [INFO ] api: cache hit
2026-01-12 00:05:09.396 [ERROR] api: upstream 503 after 3 retries
2026-01-12 00:05:10.433 [INFO ] api: user login ok
2026-01-12 00:05:11.470 [DEBUG] api: pool idle=4 active=2
2026-01-12 00:05:12.507 [INFO ] api: job scheduled
2026-01-12 00:05:13.544 [DEBUG] api: ttl=300 key=sess:4056
2026-01-12 00:05:14.581 [INFO ] api: batch flushed
2026-01-12 00:05:15.618 [INFO ] api: user login ok
2026-01-12 00:05:16.655 [INFO ] api: request handled
2026-01-12 00:05:17.692 [WARN ] api: retry 4108/3 upstream slow
2026-01-12 00:05:18.729 [INFO ] api: cache hit
2026-01-12 00:05:19.766 [ERROR] api: null ref in handler #4134
2026-01-12 00:05:20.803 [INFO ] api: user login ok
2026-01-12 00:05:21.840 [DEBUG] api: ttl=300 key=sess:4160
2026-01-12 00:05:22.877 [INFO ] api: job scheduled
2026-01-12 00:05:23.914 [DEBUG] api: pool idle=4 active=2
2026-01-12 00:05:24.951 [INFO ] api: batch flushed
2026-01-12 00:05:25.988 [INFO ] api: user login ok
2026-01-12 00:05:26.025 [INFO ] api: request handled
2026-01-12 00:05:27.062 [WARN ] api: deprecated header seen
2026-01-12 00:05:28.099 [INFO ] api: cache hit
2026-01-12 00:05:29.136 [ERROR] api: upstream 503 after 3 retries
2026-01-12 00:05:30.173 [INFO ] api: user login ok
2026-01-12 00:05:31.210 [DEBUG] api: pool idle=4 active=2
2026-01-12 00:05:32.247 [INFO ] api: job scheduled
2026-01-12 00:05:33.284 [DEBUG] api: ttl=300 key=sess:4316
2026-01-12 00:05:34.321 [INFO ] api: batch flushed
2026-01-12 00:05:35.358 [INFO ] api: user login ok
2026-01-12 00:05:36.395 [INFO ] api: request handled
2026-01-12 00:05:37.432 [WARN ] api: retry 4368/3 upstream slow
2026-01-12 00:05:38.469 [INFO ] api: cache hit
2026-01-12 00:05:39.506 [ERROR] api: null ref in handler #4394
2026-01-12 00:05:40.543 [INFO ] api: user login ok
2026-01-12 00:05:41.580 [DEBUG] api: ttl=300 key=sess:4420
2026-01-12 00:05:42.617 [INFO ] api: job scheduled
2026-01-12 00:05:43.654 [DEBUG] api: pool idle=4 active=2
2026-01-12 00:05:44.691 [INFO ] api: batch flushed
2026-01-12 00:05:45.728 [INFO ] api: user login ok
2026-01-12 00:05:46.765 [INFO ] api: request handled
2026-01-12 00:05:47.802 [WARN ] api: deprecated header seen
2026-01-12 00:05:48.839 [INFO ] api: cache hit
2026-01-12 00:05:49.876 [ERROR] api: upstream 503 after 3 retries
2026-01-12 00:05:50.913 [INFO ] api: user login ok
2026-01-12 00:05:51.950 [DEBUG] api: pool idle=4 active=2
2026-01-12 00:05:52.987 [INFO ] api: job scheduled
2026-01-12 00:05:53.024 [DEBUG] api: ttl=300 key=sess:4576
2026-01-12 00:05:54.061 [INFO ] api: batch flushed
2026-01-12 00:05:55.098 [INFO ] api: user login ok
2026-01-12 00:05:56.135 [INFO ] api: request handled
2026-01-12 00:05:57.172 [WARN ] api: retry 4628/3 upstream slow
2026-01-12 00:05:58.209 [INFO ] api: cache hit
2026-01-12 00:05:59.246 [ERROR] api: null ref in handler #4654
2026-01-12 00:06:00.283 [INFO ] api: user login ok
2026-01-12 00:06:01.320 [DEBUG] api: ttl=300 key=sess:4680
2026-01-12 00:06:02.357 [INFO ] api: job scheduled
2026-01-12 00:06:03.394 [DEBUG] api: pool idle=4 active=2
2026-01-12 00:06:04.431 [INFO ] api: batch flushed
2026-01-12 00:06:05.468 [INFO ] api: user login ok
2026-01-12 00:06:06.505 [INFO ] api: request handled
2026-01-12 00:06:07.542 [WARN ] api: deprecated header seen
2026-01-12 00:06:08.579 [INFO ] api: cache hit
2026-01-12 00:06:09.616 [ERROR] api: upstream 503 after 3 retries
2026-01-12 00:06:10.653 [INFO ] api: user login ok
2026-01-12 00:06:11.690 [DEBUG] api: pool idle=4 active=2
2026-01-12 00:06:12.727 [INFO ] api: job scheduled
2026-01-12 00:06:13.764 [DEBUG] api: ttl=300 key=sess:4836
2026-01-12 00:06:14.801 [INFO ] api: batch flushed
2026-01-12 00:06:15.838 [INFO ] api: user login ok
2026-01-12 00:06:16.875 [INFO ] api: request handled
2026-01-12 00:06:17.912 [WARN ] api: retry 4888/3 upstream slow
2026-01-12 00:06:18.949 [INFO ] api: cache hit
2026-01-12 00:06:19.986 [ERROR] api: null ref in handler #4914
2026-01-12 00:06:20.023 [INFO ] api: user login ok
2026-01-12 00:06:21.060 [DEBUG] api: ttl=300 key=sess:4940
2026-01-12 00:06:22.097 [INFO ] api: job scheduled
2026-01-12 00:06:23.134 [DEBUG] api: pool idle=4 active=2
2026-01-12 00:06:24.171 [INFO ] api: batch flushed
2026-01-12 00:06:25.208 [INFO ] api: user login ok
2026-01-12 00:06:26.245 [INFO ] api: request handled
2026-01-12 00:06:27.282 [WARN ] api: deprecated header seen
2026-01-12 00:06:28.319 [INFO ] api: cache hit
2026-01-12 00:06:29.356 [ERROR] api: upstream 503 after 3 retries
2026-01-12 00:06:30.393 [INFO ] api: user login ok
2026-01-12 00:06:31.430 [DEBUG] api: pool idle=4 active=2
2026-01-12 00:06:32.467 [INFO ] api: job scheduled
2026-01-12 00:06:33.504 [DEBUG] api: ttl=300 key=sess:5096
2026-01-12 00:06:34.541 [INFO ] api: batch flushed
2026-01-12 00:06:35.578 [INFO ] api: user login ok
2026-01-12 00:06:36.615 [INFO ] api: request handled
2026-01-12 00:06:37.652 [WARN ] api: retry 5148/3 upstream slow
2026-01-12 00:06:38.689 [INFO ] api: cache hit
2026-01-12 00:06:39.726 [ERROR] api: null ref in handler #5174
2026-01-12 00:06:40.763 [INFO ] api: user login ok
2026-01-12 00:06:41.800 [DEBUG] api: ttl=300 key=sess:5200
2026-01-12 00:06:42.837 [INFO ] api: job scheduled
2026-01-12 00:06:43.874 [DEBUG] api: pool idle=4 active=2
2026-01-12 00:06:44.911 [INFO ] api: batch flushed
2026-01-12 00:06:45.948 [INFO ] api: user login ok
2026-01-12 00:06:46.985 [INFO ] api: request handled
2026-01-12 00:06:47.022 [WARN ] api: deprecated header seen
2026-01-12 00:06:48.059 [INFO ] api: cache hit
2026-01-12 00:06:49.096 [ERROR] api: upstream 503 after 3 retries
2026-01-12 00:06:50.133 [INFO ] api: user login ok
2026-01-12 00:06:51.170 [DEBUG] api: pool idle=4 active=2
2026-01-12 00:06:52.207 [INFO ] api: job scheduled
2026-01-12 00:06:53.244 [DEBUG] api: ttl=300 key=sess:5356
2026-01-12 00:06:54.281 [INFO ] api: batch flushed
2026-01-12 00:06:55.318 [INFO ] api: user login ok
2026-01-12 00:06:56.355 [INFO ] api: request handled
2026-01-12 00:06:57.392 [WARN ] api: retry 5408/3 upstream slow
2026-01-12 00:06:58.429 [INFO ] api: cache hit
2026-01-12 00:06:59.466 [ERROR] api: null ref in handler #5434
2026-01-12 00:07:00.503 [INFO ] api: user login ok
2026-01-12 00:07:01.540 [DEBUG] api: ttl=300 key=sess:5460
2026-01-12 00:07:02.577 [INFO ] api: job scheduled
2026-01-12 00:07:03.614 [DEBUG] api: pool idle=4 active=2
2026-01-12 00:07:04.651 [INFO ] api: batch flushed
2026-01-12 00:07:05.688 [INFO ] api: user login ok
2026-01-12 00:07:06.725 [INFO ] api: request handled
2026-01-12 00:07:07.762 [WARN ] api: deprecated header seen
2026-01-12 00:07:08.799 [INFO ] api: cache hit
2026-01-12 00:07:09.836 [ERROR] api: upstream 503 after 3 retries
2026-01-12 00:07:10.873 [INFO ] api: user login ok
2026-01-12 00:07:11.910 [DEBUG] api: pool idle=4 active=2
2026-01-12 00:07:12.947 [INFO ] api: job scheduled
2026-01-12 00:07:13.984 [DEBUG] api: ttl=300 key=sess:5616
2026-01-12 00:07:14.021 [INFO ] api: batch flushed
2026-01-12 00:07:15.058 [INFO ] api: user login ok
2026-01-12 00:07:16.095 [INFO ] api: request handled
2026-01-12 00:07:17.132 [WARN ] api: retry 5668/3 upstream slow
2026-01-12 00:07:18.169 [INFO ] api: cache hit
2026-01-12 00:07:19.206 [ERROR] api: null ref in handler #5694
2026-01-12 00:07:20.243 [INFO ] api: user login ok
2026-01-12 00:07:21.280 [DEBUG] api: ttl=300 key=sess:5720
2026-01-12 00:07:22.317 [INFO ] api: job scheduled
2026-01-12 00:07:23.354 [DEBUG] api: pool idle=4 active=2
2026-01-12 00:07:24.391 [INFO ] api: batch flushed
2026-01-12 00:07:25.428 [INFO ] api: user login ok
2026-01-12 00:07:26.465 [INFO ] api: request handled
2026-01-12 00:07:27.502 [WARN ] api: deprecated header seen
2026-01-12 00:07:28.539 [INFO ] api: cache hit
2026-01-12 00:07:29.576 [ERROR] api: upstream 503 after 3 retries
2026-01-12 00:07:30.613 [INFO ] api: user login ok
2026-01-12 00:07:31.650 [DEBUG] api: pool idle=4 active=2
2026-01-12 00:07:32.687 [INFO ] api: job scheduled
2026-01-12 00:07:33.724 [DEBUG] api: ttl=300 key=sess:5876
2026-01-12 00:07:34.761 [INFO ] api: batch flushed
2026-01-12 00:07:35.798 [INFO ] api: user login ok
2026-01-12 00:07:36.835 [INFO ] api: request handled
2026-01-12 00:07:37.872 [WARN ] api: retry 5928/3 upstream slow
2026-01-12 00:07:38.909 [INFO ] api: cache hit
2026-01-12 00:07:39.946 [ERROR] api: null ref in handler #5954
2026-01-12 00:07:40.983 [INFO ] api: user login ok
2026-01-12 00:07:41.020 [DEBUG] api: ttl=300 key=sess:5980
2026-01-12 00:07:42.057 [INFO ] api: job scheduled
2026-01-12 00:07:43.094 [DEBUG] api: pool idle=4 active=2
2026-01-12 00:07:44.131 [INFO ] api: batch flushed
2026-01-12 00:07:45.168 [INFO ] api: user login ok
2026-01-12 00:07:46.205 [INFO ] api: request handled
2026-01-12 00:07:47.242 [WARN ] api: deprecated header seen
2026-01-12 00:07:48.279 [INFO ] api: cache hit
2026-01-12 00:07:49.316 [ERROR] api: upstream 503 after 3 retries
2026-01-12 00:07:50.353 [INFO ] api: user login ok
2026-01-12 00:07:51.390 [DEBUG] api: pool idle=4 active=2
2026-01-12 00:07:52.427 [INFO ] api: job scheduled
2026-01-12 00:07:53.464 [DEBUG] api: ttl=300 key=sess:6136
2026-01-12 00:07:54.501 [INFO ] api: batch flushed
2026-01-12 00:07:55.538 [INFO ] api: user login ok
2026-01-12 00:07:56.575 [INFO ] api: request handled
2026-01-12 00:07:57.612 [WARN ] api: retry 6188/3 upstream slow
2026-01-12 00:07:58.649 [INFO ] api: cache hit
2026-01-12 00:07:59.686 [ERROR] api: null ref in handler #6214
2026-01-12 00:08:00.723 [INFO ] api: user login ok
2026-01-12 00:08:01.760 [DEBUG] api: ttl=300 key=sess:6240
2026-01-12 00:08:02.797 [INFO ] api: job scheduled
2026-01-12 00:08:03.834 [DEBUG] api: pool idle=4 active=2
2026-01-12 00:08:04.871 [INFO ] api: batch flushed
2026-01-12 00:08:05.908 [INFO ] api: user login ok
2026-01-12 00:08:06.945 [INFO ] api: request handled
2026-01-12 00:08:07.982 [WARN ] api: deprecated header seen
2026-01-12 00:08:08.019 [INFO ] api: cache hit
2026-01-12 00:08:09.056 [ERROR] api: upstream 503 after 3 retries
2026-01-12 00:08:10.093 [INFO ] api: user login ok
2026-01-12 00:08:11.130 [DEBUG] api: pool idle=4 active=2
2026-01-12 00:08:12.167 [INFO ] api: job scheduled
2026-01-12 00:08:13.204 [DEBUG] api: ttl=300 key=sess:6396
2026-01-12 00:08:14.241 [INFO ] api: batch flushed
2026-01-12 00:08:15.278 [INFO ] api: user login ok
2026-01-12 00:08:16.315 [INFO ] api: request handled
2026-01-12 00:08:17.352 [WARN ] api: retry 6448/3 upstream slow
2026-01-12 00:08:18.389 [INFO ] api: cache hit
2026-01-12 00:08:19.426 [ERROR] api: null ref in handler #6474
2026-01-12 00:08:20.463 [INFO ] api: user login ok
2026-01-12 00:08:21.500 [DEBUG] api: ttl=300 key=sess:6500
2026-01-12 00:08:22.537 [INFO ] api: job scheduled
2026-01-12 00:08:23.574 [DEBUG] api: pool idle=4 active=2
2026-01-12 00:08:24.611 [INFO ] api: batch flushed
2026-01-12 00:08:25.648 [INFO ] api: user login ok
2026-01-12 00:08:26.685 [INFO ] api: request handled
2026-01-12 00:08:27.722 [WARN ] api: deprecated header seen
2026-01-12 00:08:28.759 [INFO ] api: cache hit
2026-01-12 00:08:29.796 [ERROR] api: upstream 503 after 3 retries
2026-01-12 00:08:30.833 [INFO ] api: user login ok
2026-01-12 00:08:31.870 [DEBUG] api: pool idle=4 active=2
2026-01-12 00:08:32.907 [INFO ] api: job scheduled
2026-01-12 00:08:33.944 [DEBUG] api: ttl=300 key=sess:6656
2026-01-12 00:08:34.981 [INFO ] api: batch flushed
2026-01-12 00:08:35.018 [INFO ] api: user login ok
2026-01-12 00:08:36.055 [INFO ] api: request handled
2026-01-12 00:08:37.092 [WARN ] api: retry 6708/3 upstream slow
2026-01-12 00:08:38.129 [INFO ] api: cache hit
2026-01-12 00:08:39.166 [ERROR] api: null ref in handler #6734
2026-01-12 00:08:40.203 [INFO ] api: user login ok
2026-01-12 00:08:41.240 [DEBUG] api: ttl=300 key=sess:6760
2026-01-12 00:08:42.277 [INFO ] api: job scheduled
2026-01-12 00:08:43.314 [DEBUG] api: pool idle=4 active=2
2026-01-12 00:08:44.351 [INFO ] api: batch flushed
2026-01-12 00:08:45.388 [INFO ] api: user login ok
2026-01-12 00:08:46.425 [INFO ] api: request handled
2026-01-12 00:08:47.462 [WARN ] api: deprecated header seen
2026-01-12 00:08:48.499 [INFO ] api: cache hit
2026-01-12 00:08:49.536 [ERROR] api: upstream 503 after 3 retries
2026-01-12 00:08:50.573 [INFO ] api: user login ok
2026-01-12 00:08:51.610 [DEBUG] api: pool idle=4 active=2
2026-01-12 00:08:52.647 [INFO ] api: job scheduled
2026-01-12 00:08:53.684 [DEBUG] api: ttl=300 key=sess:6916
2026-01-12 00:08:54.721 [INFO ] api: batch flushed
2026-01-12 00:08:55.758 [INFO ] api: user login ok
2026-01-12 00:08:56.795 [INFO ] api: request handled
2026-01-12 00:08:57.832 [WARN ] api: retry 6968/3 upstream slow
2026-01-12 00:08:58.869 [INFO ] api: cache hit
2026-01-12 00:08:59.906 [ERROR] api: null ref in handler #6994
2026-01-12 00:09:00.943 [INFO ] api: user login ok
2026-01-12 00:09:01.980 [DEBUG] api: ttl=300 key=sess:7020
2026-01-12 00:09:02.017 [INFO ] api: job scheduled
2026-01-12 00:09:03.054 [DEBUG] api: pool idle=4 active=2
2026-01-12 00:09:04.091 [INFO ] api: batch flushed
2026-01-12 00:09:05.128 [INFO ] api: user login ok
2026-01-12 00:09:06.165 [INFO ] api: request handled
2026-01-12 00:09:07.202 [WARN ] api: deprecated header seen
2026-01-12 00:09:08.239 [INFO ] api: cache hit
2026-01-12 00:09:09.276 [ERROR] api: upstream 503 after 3 retries
2026-01-12 00:09:10.313 [INFO ] api: user login ok
2026-01-12 00:09:11.350 [DEBUG] api: pool idle=4 active=2
2026-01-12 00:09:12.387 [INFO ] api: job scheduled
2026-01-12 00:09:13.424 [DEBUG] api: ttl=300 key=sess:7176
2026-01-12 00:09:14.461 [INFO ] api: batch flushed
2026-01-12 00:09:15.498 [INFO ] api: user login ok
2026-01-12 00:09:16.535 [INFO ] api: request handled
2026-01-12 00:09:17.572 [WARN ] api: retry 7228/3 upstream slow
2026-01-12 00:09:18.609 [INFO ] api: cache hit
2026-01-12 00:09:19.646 [ERROR] api: null ref in handler #7254
2026-01-12 00:09:20.683 [INFO ] api: user login ok
2026-01-12 00:09:21.720 [DEBUG] api: ttl=300 key=sess:7280
2026-01-12 00:09:22.757 [INFO ] api: job scheduled
2026-01-12 00:09:23.794 [DEBUG] api: pool idle=4 active=2
2026-01-12 00:09:24.831 [INFO ] api: batch flushed
2026-01-12 00:09:25.868 [INFO ] api: user login ok
2026-01-12 00:09:26.905 [INFO ] api: request handled
2026-01-12 00:09:27.942 [WARN ] api: deprecated header seen
2026-01-12 00:09:28.979 [INFO ] api: cache hit
2026-01-12 00:09:29.016 [ERROR] api: upstream 503 after 3 retries
2026-01-12 00:09:30.053 [INFO ] api: user login ok
2026-01-12 00:09:31.090 [DEBUG] api: pool idle=4 active=2
2026-01-12 00:09:32.127 [INFO ] api: job scheduled
2026-01-12 00:09:33.164 [DEBUG] api: ttl=300 key=sess:7436
2026-01-12 00:09:34.201 [INFO ] api: batch flushed
2026-01-12 00:09:35.238 [INFO ] api: user login ok
2026-01-12 00:09:36.275 [INFO ] api: request handled
2026-01-12 00:09:37.312 [WARN ] api: retry 7488/3 upstream slow
2026-01-12 00:09:38.349 [INFO ] api: cache hit
2026-01-12 00:09:39.386 [ERROR] api: null ref in handler #7514
2026-01-12 00:09:40.423 [INFO ] api: user login ok
2026-01-12 00:09:41.460 [DEBUG] api: ttl=300 key=sess:7540
2026-01-12 00:09:42.497 [INFO ] api: job scheduled
2026-01-12 00:09:43.534 [DEBUG] api: pool idle=4 active=2
2026-01-12 00:09:44.571 [INFO ] api: batch flushed
2026-01-12 00:09:45.608 [INFO ] api: user login ok
2026-01-12 00:09:46.645 [INFO ] api: request handled
2026-01-12 00:09:47.682 [WARN ] api: deprecated header seen
2026-01-12 00:09:48.719 [INFO ] api: cache hit
2026-01-12 00:09:49.756 [ERROR] api: upstream 503 after 3 retries
2026-01-12 00:09:50.793 [INFO ] api: user login ok
2026-01-12 00:09:51.830 [DEBUG] api: pool idle=4 active=2
2026-01-12 00:09:52.867 [INFO ] api: job scheduled
2026-01-12 00:09:53.904 [DEBUG] api: ttl=300 key=sess:7696
2026-01-12 00:09:54.941 [INFO ] api: batch flushed
2026-01-12 00:09:55.978 [INFO ] api: user login ok
2026-01-12 00:09:56.015 [INFO ] api: request handled
2026-01-12 00:09:57.052 [WARN ] api: retry 7748/3 upstream slow
2026-01-12 00:09:58.089 [INFO ] api: cache hit
2026-01-12 00:09:59.126 [ERROR] api: null ref in handler #7774
2026-01-12 00:10:00.163 [INFO ] api: user login ok
2026-01-12 00:10:01.200 [DEBUG] api: ttl=300 key=sess:7800
2026-01-12 00:10:02.237 [INFO ] api: job scheduled
2026-01-12 00:10:03.274 [DEBUG] api: pool idle=4 active=2
2026-01-12 00:10:04.311 [INFO ] api: batch flushed
2026-01-12 00:10:05.348 [INFO ] api: user login ok
2026-01-12 00:10:06.385 [INFO ] api: request handled
2026-01-12 00:10:07.422 [WARN ] api: deprecated header seen
2026-01-12 00:10:08.459 [INFO ] api: cache hit
2026-01-12 00:10:09.496 [ERROR] api: upstream 503 after 3 retries
2026-01-12 00:10:10.533 [INFO ] api: user login ok
2026-01-12 00:10:11.570 [DEBUG] api: pool idle=4 active=2
2026-01-12 00:10:12.607 [INFO ] api: job scheduled
2026-01-12 00:10:13.644 [DEBUG] api: ttl=300 key=sess:7956
2026-01-12 00:10:14.681 [INFO ] api: batch flushed
2026-01-12 00:10:15.718 [INFO ] api: user login ok
2026-01-12 00:10:16.755 [INFO ] api: request handled
2026-01-12 00:10:17.792 [WARN ] api: retry 8008/3 upstream slow
2026-01-12 00:10:18.829 [INFO ] api: cache hit
2026-01-12 00:10:19.866 [ERROR] api: null ref in handler #8034
2026-01-12 00:10:20.903 [INFO ] api: user login ok
2026-01-12 00:10:21.940 [DEBUG] api: ttl=300 key=sess:8060
2026-01-12 00:10:22.977 [INFO ] api: job scheduled
2026-01-12 00:10:23.014 [DEBUG] api: pool idle=4 active=2
2026-01-12 00:10:24.051 [INFO ] api: batch flushed
2026-01-12 00:10:25.088 [INFO ] api: user login ok
2026-01-12 00:10:26.125 [INFO ] api: request handled
2026-01-12 00:10:27.162 [WARN ] api: deprecated header seen
2026-01-12 00:10:28.199 [INFO ] api: cache hit
2026-01-12 00:10:29.236 [ERROR] api: upstream 503 after 3 retries
2026-01-12 00:10:30.273 [INFO ] api: user login ok
2026-01-12 00:10:31.310 [DEBUG] api: pool idle=4 active=2
2026-01-12 00:10:32.347 [INFO ] api: job scheduled
2026-01-12 00:10:33.384 [DEBUG] api: ttl=300 key=sess:8216
2026-01-12 00:10:34.421 [INFO ] api: batch flushed
2026-01-12 00:10:35.458 [INFO ] api: user login ok
2026-01-12 00:10:36.495 [INFO ] api: request handled
2026-01-12 00:10:37.532 [WARN ] api: retry 8268/3 upstream slow
2026-01-12 00:10:38.569 [INFO ] api: cache hit
2026-01-12 00:10:39.606 [ERROR] api: null ref in handler #8294
2026-01-12 00:10:40.643 [INFO ] api: user login ok
2026-01-12 00:10:41.680 [DEBUG] api: ttl=300 key=sess:8320
2026-01-12 00:10:42.717 [INFO ] api: job scheduled
2026-01-12 00:10:43.754 [DEBUG] api: pool idle=4 active=2
2026-01-12 00:10:44.791 [INFO ] api: batch flushed
2026-01-12 00:10:45.828 [INFO ] api: user login ok
2026-01-12 00:10:46.865 [INFO ] api: request handled
2026-01-12 00:10:47.902 [WARN ] api: deprecated header seen
2026-01-12 00:10:48.939 [INFO ] api: cache hit
2026-01-12 00:10:49.976 [ERROR] api: upstream 503 after 3 retries
2026-01-12 00:10:50.013 [INFO ] api: user login ok
2026-01-12 00:10:51.050 [DEBUG] api: pool idle=4 active=2
2026-01-12 00:10:52.087 [INFO ] api: job scheduled
2026-01-12 00:10:53.124 [DEBUG] api: ttl=300 key=sess:8476
2026-01-12 00:10:54.161 [INFO ] api: batch flushed
2026-01-12 00:10:55.198 [INFO ] api: user login ok
2026-01-12 00:10:56.235 [INFO ] api: request handled
2026-01-12 00:10:57.272 [WARN ] api: retry 8528/3 upstream slow
2026-01-12 00:10:58.309 [INFO ] api: cache hit
2026-01-12 00:10:59.346 [ERROR] api: null ref in handler #8554
2026-01-12 00:11:00.383 [INFO ] api: user login ok
2026-01-12 00:11:01.420 [DEBUG] api: ttl=300 key=sess:8580
2026-01-12 00:11:02.457 [INFO ] api: job scheduled
2026-01-12 00:11:03.494 [DEBUG] api: pool idle=4 active=2
2026-01-12 00:11:04.531 [INFO ] api: batch flushed
2026-01-12 00:11:05.568 [INFO ] api: user login ok
2026-01-12 00:11:06.605 [INFO ] api: request handled
2026-01-12 00:11:07.642 [WARN ] api: deprecated header seen
2026-01-12 00:11:08.679 [INFO ] api: cache hit
2026-01-12 00:11:09.716 [ERROR] api: upstream 503 after 3 retries
2026-01-12 00:11:10.753 [INFO ] api: user login ok
2026-01-12 00:11:11.790 [DEBUG] api: pool idle=4 active=2
2026-01-12 00:11:12.827 [INFO ] api: job scheduled
2026-01-12 00:11:13.864 [DEBUG] api: ttl=300 key=sess:8736
2026-01-12 00:11:14.901 [INFO ] api: batch flushed
2026-01-12 00:11:15.938 [INFO ] api: user login ok
2026-01-12 00:11:16.975 [INFO ] api: request handled
2026-01-12 00:11:17.012 [WARN ] api: retry 8788/3 upstream slow
2026-01-12 00:11:18.049 [INFO ] api: cache hit
2026-01-12 00:11:19.086 [ERROR] api: null ref in handler #8814
2026-01-12 00:11:20.123 [INFO ] api: user login ok
2026-01-12 00:11:21.160 [DEBUG] api: ttl=300 key=sess:8840
2026-01-12 00:11:22.197 [INFO ] api: job scheduled
2026-01-12 00:11:23.234 [DEBUG] api: pool idle=4 active=2
2026-01-12 00:11:24.271 [INFO ] api: batch flushed
2026-01-12 00:11:25.308 [INFO ] api: user login ok
2026-01-12 00:11:26.345 [INFO ] api: request handled
2026-01-12 00:11:27.382 [WARN ] api: deprecated header seen
2026-01-12 00:11:28.419 [INFO ] api: cache hit
2026-01-12 00:11:29.456 [ERROR] api: upstream 503 after 3 retries
2026-01-12 00:11:30.493 [INFO ] api: user login ok
2026-01-12 00:11:31.530 [DEBUG] api: pool idle=4 active=2
2026-01-12 00:11:32.567 [INFO ] api: job scheduled
2026-01-12 00:11:33.604 [DEBUG] api: ttl=300 key=sess:8996
2026-01-12 00:11:34.641 [INFO ] api: batch flushed
2026-01-12 00:11:35.678 [INFO ] api: user login ok
2026-01-12 00:11:36.715 [INFO ] api: request handled
2026-01-12 00:11:37.752 [WARN ] api: retry 9048/3 upstream slow
2026-01-12 00:11:38.789 [INFO ] api: cache hit
2026-01-12 00:11:39.826 [ERROR] api: null ref in handler #9074
2026-01-12 00:11:40.863 [INFO ] api: user login ok
2026-01-12 00:11:41.900 [DEBUG] api: ttl=300 key=sess:9100
2026-01-12 00:11:42.937 [INFO ] api: job scheduled
2026-01-12 00:11:43.974 [DEBUG] api: pool idle=4 active=2
2026-01-12 00:11:44.011 [INFO ] api: batch flushed
2026-01-12 00:11:45.048 [INFO ] api: user login ok
2026-01-12 00:11:46.085 [INFO ] api: request handled
2026-01-12 00:11:47.122 [WARN ] api: deprecated header seen
2026-01-12 00:11:48.159 [INFO ] api: cache hit
2026-01-12 00:11:49.196 [ERROR] api: upstream 503 after 3 retries
2026-01-12 00:11:50.233 [INFO ] api: user login ok
2026-01-12 00:11:51.270 [DEBUG] api: pool idle=4 active=2
2026-01-12 00:11:52.307 [INFO ] api: job scheduled
2026-01-12 00:11:53.344 [DEBUG] api: ttl=300 key=sess:9256
2026-01-12 00:11:54.381 [INFO ] api: batch flushed
2026-01-12 00:11:55.418 [INFO ] api: user login ok
2026-01-12 00:11:56.455 [INFO ] api: request handled
2026-01-12 00:11:57.492 [WARN ] api: retry 9308/3 upstream slow
2026-01-12 00:11:58.529 [INFO ] api: cache hit
2026-01-12 00:11:59.566 [ERROR] api: null ref in handler #9334
2026-01-12 00:12:00.603 [INFO ] api: user login ok
2026-01-12 00:12:01.640 [DEBUG] api: ttl=300 key=sess:9360
2026-01-12 00:12:02.677 [INFO ] api: job scheduled
2026-01-12 00:12:03.714 [DEBUG] api: pool idle=4 active=2
2026-01-12 00:12:04.751 [INFO ] api: batch flushed
2026-01-12 00:12:05.788 [INFO ] api: user login ok
2026-01-12 00:12:06.825 [INFO ] api: request handled
2026-01-12 00:12:07.862 [WARN ] api: deprecated header seen
2026-01-12 00:12:08.899 [INFO ] api: cache hit
2026-01-12 00:12:09.936 [ERROR] api: upstream 503 after 3 retries
2026-01-12 00:12:10.973 [INFO ] api: user login ok
2026-01-12 00:12:11.010 [DEBUG] api: pool idle=4 active=2
2026-01-12 00:12:12.047 [INFO ] api: job scheduled
2026-01-12 00:12:13.084 [DEBUG] api: ttl=300 key=sess:9516
2026-01-12 00:12:14.121 [INFO ] api: batch flushed
2026-01-12 00:12:15.158 [INFO ] api: user login ok
2026-01-12 00:12:16.195 [INFO ] api: request handled
2026-01-12 00:12:17.232 [WARN ] api: retry 9568/3 upstream slow
2026-01-12 00:12:18.269 [INFO ] api: cache hit
2026-01-12 00:12:19.306 [ERROR] api: null ref in handler #9594
2026-01-12 00:12:20.343 [INFO ] api: user login ok
2026-01-12 00:12:21.380 [DEBUG] api: ttl=300 key=sess:9620
2026-01-12 00:12:22.417 [INFO ] api: job scheduled
2026-01-12 00:12:23.454 [DEBUG] api: pool idle=4 active=2
2026-01-12 00:12:24.491 [INFO ] api: batch flushed
2026-01-12 00:12:25.528 [INFO ] api: user login ok
2026-01-12 00:12:26.565 [INFO ] api: request handled
2026-01-12 00:12:27.602 [WARN ] api: deprecated header seen
2026-01-12 00:12:28.639 [INFO ] api: cache hit
2026-01-12 00:12:29.676 [ERROR] api: upstream 503 after 3 retries
2026-01-12 00:12:30.713 [INFO ] api: user login ok
2026-01-12 00:12:31.750 [DEBUG] api: pool idle=4 active=2
2026-01-12 00:12:32.787 [INFO ] api: job scheduled
2026-01-12 00:12:33.824 [DEBUG] api: ttl=300 key=sess:9776
2026-01-12 00:12:34.861 [INFO ] api: batch flushed
2026-01-12 00:12:35.898 [INFO ] api: user login ok
2026-01-12 00:12:36.935 [INFO ] api: request handled
2026-01-12 00:12:37.972 [WARN ] api: retry 9828/3 upstream slow
2026-01-12 00:12:38.009 [INFO ] api: cache hit
2026-01-12 00:12:39.046 [ERROR] api: null ref in handler #9854
2026-01-12 00:12:40.083 [INFO ] api: user login ok
2026-01-12 00:12:41.120 [DEBUG] api: ttl=300 key=sess:9880
2026-01-12 00:12:42.157 [INFO ] api: job scheduled
2026-01-12 00:12:43.194 [DEBUG] api: pool idle=4 active=2
2026-01-12 00:12:44.231 [INFO ] api: batch flushed
2026-01-12 00:12:45.268 [INFO ] api: user login ok
2026-01-12 00:12:46.305 [INFO ] api: request handled
2026-01-12 00:12:47.342 [WARN ] api: deprecated header seen
2026-01-12 00:12:48.379 [INFO ] api: cache hit
2026-01-12 00:12:49.416 [ERROR] api: upstream 503 after 3 retries
2026-01-12 00:12:50.453 [INFO ] api: user login ok
2026-01-12 00:12:51.490 [DEBUG] api: pool idle=4 active=2
2026-01-12 00:12:52.527 [INFO ] api: job scheduled
2026-01-12 00:12:53.564 [DEBUG] api: ttl=300 key=sess:37
2026-01-12 00:12:54.601 [INFO ] api: batch flushed
2026-01-12 00:12:55.638 [INFO ] api: user login ok
2026-01-12 00:12:56.675 [INFO ] api: request handled
2026-01-12 00:12:57.712 [WARN ] api: retry 89/3 upstream slow
2026-01-12 00:12:58.749 [INFO ] api: cache hit
2026-01-12 00:12:59.786 [ERROR] api: null ref in handler #115
2026-01-12 00:13:00.823 [INFO ] api: user login ok
2026-01-12 00:13:01.860 [DEBUG] api: ttl=300 key=sess:141
2026-01-12 00:13:02.897 [INFO ] api: job scheduled
2026-01-12 00:13:03.934 [DEBUG] api: pool idle=4 active=2
2026-01-12 00:13:04.971 [INFO ] api: batch flushed
2026-01-12 00:13:05.008 [INFO ] api: user login ok
2026-01-12 00:13:06.045 [INFO ] api: request handled
2026-01-12 00:13:07.082 [WARN ] api: deprecated header seen
2026-01-12 00:13:08.119 [INFO ] api: cache hit
2026-01-12 00:13:09.156 [ERROR] api: upstream 503 after 3 retries
2026-01-12 00:13:10.193 [INFO ] api: user login ok
2026-01-12 00:13:11.230 [DEBUG] api: pool idle=4 active=2
2026-01-12 00:13:12.267 [INFO ] api: job scheduled
2026-01-12 00:13:13.304 [DEBUG] api: ttl=300 key=sess:297
2026-01-12 00:13:14.341 [INFO ] api: batch flushed
2026-01-12 00:13:15.378 [INFO ] api: user login ok
2026-01-12 00:13:16.415 [INFO ] api: request handled
2026-01-12 00:13:17.452 [WARN ] api: retry 349/3 upstream slow
2026-01-12 00:13:18.489 [INFO ] api: cache hit
2026-01-12 00:13:19.526 [ERROR] api: null ref in handler #375
2026-01-12 00:13:20.563 [INFO ] api: user login ok
2026-01-12 00:13:21.600 [DEBUG] api: ttl=300 key=sess:401
2026-01-12 00:13:22.637 [INFO ] api: job scheduled
2026-01-12 00:13:23.674 [DEBUG] api: pool idle=4 active=2
2026-01-12 00:13:24.711 [INFO ] api: batch flushed
2026-01-12 00:13:25.748 [INFO ] api: user login ok
2026-01-12 00:13:26.785 [INFO ] api: request handled
2026-01-12 00:13:27.822 [WARN ] api: deprecated header seen
2026-01-12 00:13:28.859 [INFO ] api: cache hit
2026-01-12 00:13:29.896 [ERROR] api: upstream 503 after 3 retries
2026-01-12 00:13:30.933 [INFO ] api: user login ok
2026-01-12 00:13:31.970 [DEBUG] api: pool idle=4 active=2
2026-01-12 00:13:32.007 [INFO ] api: job scheduled
2026-01-12 00:13:33.044 [DEBUG] api: ttl=300 key=sess:557
2026-01-12 00:13:34.081 [INFO ] api: batch flushed
2026-01-12 00:13:35.118 [INFO ] api: user login ok
2026-01-12 00:13:36.155 [INFO ] api: request handled
2026-01-12 00:13:37.192 [WARN ] api: retry 609/3 upstream slow
2026-01-12 00:13:38.229 [INFO ] api: cache hit
2026-01-12 00:13:39.266 [ERROR] api: null ref in handler #635
2026-01-12 00:13:40.303 [INFO ] api: user login ok
2026-01-12 00:13:41.340 [DEBUG] api: ttl=300 key=sess:661
2026-01-12 00:13:42.377 [INFO ] api: job scheduled
2026-01-12 00:13:43.414 [DEBUG] api: pool idle=4 active=2
2026-01-12 00:13:44.451 [INFO ] api: batch flushed
2026-01-12 00:13:45.488 [INFO ] api: user login ok
2026-01-12 00:13:46.525 [INFO ] api: request handled
2026-01-12 00:13:47.562 [WARN ] api: deprecated header seen
2026-01-12 00:13:48.599 [INFO ] api: cache hit
2026-01-12 00:13:49.636 [ERROR] api: upstream 503 after 3 retries
2026-01-12 00:13:50.673 [INFO ] api: user login ok
2026-01-12 00:13:51.710 [DEBUG] api: pool idle=4 active=2
2026-01-12 00:13:52.747 [INFO ] api: job scheduled
2026-01-12 00:13:53.784 [DEBUG] api: ttl=300 key=sess:817
2026-01-12 00:13:54.821 [INFO ] api: batch flushed
2026-01-12 00:13:55.858 [INFO ] api: user login ok
2026-01-12 00:13:56.895 [INFO ] api: request handled
2026-01-12 00:13:57.932 [WARN ] api: retry 869/3 upstream slow
2026-01-12 00:13:58.969 [INFO ] api: cache hit
2026-01-12 00:13:59.006 [ERROR] api: null ref in handler #895
2026-01-12 00:14:00.043 [INFO ] api: user login ok
2026-01-12 00:14:01.080 [DEBUG] api: ttl=300 key=sess:921
2026-01-12 00:14:02.117 [INFO ] api: job scheduled
2026-01-12 00:14:03.154 [DEBUG] api: pool idle=4 active=2
2026-01-12 00:14:04.191 [INFO ] api: batch flushed
2026-01-12 00:14:05.228 [INFO ] api: user login ok
2026-01-12 00:14:06.265 [INFO ] api: request handled
2026-01-12 00:14:07.302 [WARN ] api: deprecated header seen
2026-01-12 00:14:08.339 [INFO ] api: cache hit
2026-01-12 00:14:09.376 [ERROR] api: upstream 503 after 3 retries
2026-01-12 00:14:10.413 [INFO ] api: user login ok
2026-01-12 00:14:11.450 [DEBUG] api: pool idle=4 active=2
2026-01-12 00:14:12.487 [INFO ] api: job scheduled
2026-01-12 00:14:13.524 [DEBUG] api: ttl=300 key=sess:1077
2026-01-12 00:14:14.561 [INFO ] api: batch flushed
2026-01-12 00:14:15.598 [INFO ] api: user login ok
2026-01-12 00:14:16.635 [INFO ] api: request handled
2026-01-12 00:14:17.672 [WARN ] api: retry 1129/3 upstream slow
2026-01-12 00:14:18.709 [INFO ] api: cache hit
2026-01-12 00:14:19.746 [ERROR] api: null ref in handler #1155
2026-01-12 00:14:20.783 [INFO ] api: user login ok
2026-01-12 00:14:21.820 [DEBUG] api: ttl=300 key=sess:1181
2026-01-12 00:14:22.857 [INFO ] api: job scheduled
2026-01-12 00:14:23.894 [DEBUG] api: pool idle=4 active=2
2026-01-12 00:14:24.931 [INFO ] api: batch flushed
2026-01-12 00:14:25.968 [INFO ] api: user login ok
2026-01-12 00:14:26.005 [INFO ] api: request handled
2026-01-12 00:14:27.042 [WARN ] api: deprecated header seen
2026-01-12 00:14:28.079 [INFO ] api: cache hit
2026-01-12 00:14:29.116 [ERROR] api: upstream 503 after 3 retries
2026-01-12 00:14:30.153 [INFO ] api: user login ok
2026-01-12 00:14:31.190 [DEBUG] api: pool idle=4 active=2
2026-01-12 00:14:32.227 [INFO ] api: job scheduled
2026-01-12 00:14:33.264 [DEBUG] api: ttl=300 key=sess:1337
2026-01-12 00:14:34.301 [INFO ] api: batch flushed
2026-01-12 00:14:35.338 [INFO ] api: user login ok
2026-01-12 00:14:36.375 [INFO ] api: request handled
2026-01-12 00:14:37.412 [WARN ] api: retry 1389/3 upstream slow
2026-01-12 00:14:38.449 [INFO ] api: cache hit
2026-01-12 00:14:39.486 [ERROR] api: null ref in handler #1415
2026-01-12 00:14:40.523 [INFO ] api: user login ok
2026-01-12 00:14:41.560 [DEBUG] api: ttl=300 key=sess:1441
2026-01-12 00:14:42.597 [INFO ] api: job scheduled
2026-01-12 00:14:43.634 [DEBUG] api: pool idle=4 active=2
2026-01-12 00:14:44.671 [INFO ] api: batch flushed
2026-01-12 00:14:45.708 [INFO ] api: user login ok
2026-01-12 00:14:46.745 [INFO ] api: request handled
2026-01-12 00:14:47.782 [WARN ] api: deprecated header seen
2026-01-12 00:14:48.819 [INFO ] api: cache hit
2026-01-12 00:14:49.856 [ERROR] api: upstream 503 after 3 retries
2026-01-12 00:14:50.893 [INFO ] api: user login ok
2026-01-12 00:14:51.930 [DEBUG] api: pool idle=4 active=2
2026-01-12 00:14:52.967 [INFO ] api: job scheduled
2026-01-12 00:14:53.004 [DEBUG] api: ttl=300 key=sess:1597
2026-01-12 00:14:54.041 [INFO ] api: batch flushed
2026-01-12 00:14:55.078 [INFO ] api: user login ok
2026-01-12 00:14:56.115 [INFO ] api: request handled
2026-01-12 00:14:57.152 [WARN ] api: retry 1649/3 upstream slow
2026-01-12 00:14:58.189 [INFO ] api: cache hit
2026-01-12 00:14:59.226 [ERROR] api: null ref in handler #1675
2026-01-12 00:15:00.263 [INFO ] api: user login ok
2026-01-12 00:15:01.300 [DEBUG] api: ttl=300 key=sess:1701
2026-01-12 00:15:02.337 [INFO ] api: job scheduled
2026-01-12 00:15:03.374 [DEBUG] api: pool idle=4 active=2
2026-01-12 00:15:04.411 [INFO ] api: batch flushed
2026-01-12 00:15:05.448 [INFO ] api: user login ok
2026-01-12 00:15:06.485 [INFO ] api: request handled
2026-01-12 00:15:07.522 [WARN ] api: deprecated header seen
2026-01-12 00:15:08.559 [INFO ] api: cache hit
2026-01-12 00:15:09.596 [ERROR] api: upstream 503 after 3 retries
2026-01-12 00:15:10.633 [INFO ] api: user login ok
2026-01-12 00:15:11.670 [DEBUG] api: pool idle=4 active=2
2026-01-12 00:15:12.707 [INFO ] api: job scheduled
2026-01-12 00:15:13.744 [DEBUG] api: ttl=300 key=sess:1857
2026-01-12 00:15:14.781 [INFO ] api: batch flushed
2026-01-12 00:15:15.818 [INFO ] api: user login ok
2026-01-12 00:15:16.855 [INFO ] api: request handled
2026-01-12 00:15:17.892 [WARN ] api: retry 1909/3 upstream slow
2026-01-12 00:15:18.929 [INFO ] api: cache hit
2026-01-12 00:15:19.966 [ERROR] api: null ref in handler #1935
2026-01-12 00:15:20.003 [INFO ] api: user login ok
2026-01-12 00:15:21.040 [DEBUG] api: ttl=300 key=sess:1961
2026-01-12 00:15:22.077 [INFO ] api: job scheduled
2026-01-12 00:15:23.114 [DEBUG] api: pool idle=4 active=2
2026-01-12 00:15:24.151 [INFO ] api: batch flushed
2026-01-12 00:15:25.188 [INFO ] api: user login ok
2026-01-12 00:15:26.225 [INFO ] api: request handled
2026-01-12 00:15:27.262 [WARN ] api: deprecated header seen
2026-01-12 00:15:28.299 [INFO ] api: cache hit
2026-01-12 00:15:29.336 [ERROR] api: upstream 503 after 3 retries
2026-01-12 00:15:30.373 [INFO ] api: user login ok
2026-01-12 00:15:31.410 [DEBUG] api: pool idle=4 active=2
2026-01-12 00:15:32.447 [INFO ] api: job scheduled
2026-01-12 00:15:33.484 [DEBUG] api: ttl=300 key=sess:2117
2026-01-12 00:15:34.521 [INFO ] api: batch flushed
2026-01-12 00:15:35.558 [INFO ] api: user login ok
2026-01-12 00:15:36.595 [INFO ] api: request handled
2026-01-12 00:15:37.632 [WARN ] api: retry 2169/3 upstream slow
2026-01-12 00:15:38.669 [INFO ] api: cache hit
2026-01-12 00:15:39.706 [ERROR] api: null ref in handler #2195
2026-01-12 00:15:40.743 [INFO ] api: user login ok
2026-01-12 00:15:41.780 [DEBUG] api: ttl=300 key=sess:2221
2026-01-12 00:15:42.817 [INFO ] api: job scheduled
2026-01-12 00:15:43.854 [DEBUG] api: pool idle=4 active=2
2026-01-12 00:15:44.891 [INFO ] api: batch flushed
2026-01-12 00:15:45.928 [INFO ] api: user login ok
2026-01-12 00:15:46.965 [INFO ] api: request handled
2026-01-12 00:15:47.002 [WARN ] api: deprecated header seen
2026-01-12 00:15:48.039 [INFO ] api: cache hit
2026-01-12 00:15:49.076 [ERROR] api: upstream 503 after 3 retries
2026-01-12 00:15:50.113 [INFO ] api: user login ok
2026-01-12 00:15:51.150 [DEBUG] api: pool idle=4 active=2
2026-01-12 00:15:52.187 [INFO ] api: job scheduled
2026-01-12 00:15:53.224 [DEBUG] api: ttl=300 key=sess:2377
2026-01-12 00:15:54.261 [INFO ] api: batch flushed
2026-01-12 00:15:55.298 [INFO ] api: user login ok
2026-01-12 00:15:56.335 [INFO ] api: request handled
2026-01-12 00:15:57.372 [WARN ] api: retry 2429/3 upstream slow
2026-01-12 00:15:58.409 [INFO ] api: cache hit
2026-01-12 00:15:59.446 [ERROR] api: null ref in handler #2455
2026-01-12 00:16:00.483 [INFO ] api: user login ok
2026-01-12 00:16:01.520 [DEBUG] api: ttl=300 key=sess:2481
2026-01-12 00:16:02.557 [INFO ] api: job scheduled
2026-01-12 00:16:03.594 [DEBUG] api: pool idle=4 active=2
2026-01-12 00:16:04.631 [INFO ] api: batch flushed
2026-01-12 00:16:05.668 [INFO ] api: user login ok
2026-01-12 00:16:06.705 [INFO ] api: request handled
2026-01-12 00:16:07.742 [WARN ] api: deprecated header seen
2026-01-12 00:16:08.779 [INFO ] api: cache hit
2026-01-12 00:16:09.816 [ERROR] api: upstream 503 after 3 retries
2026-01-12 00:16:10.853 [INFO ] api: user login ok
2026-01-12 00:16:11.890 [DEBUG] api: pool idle=4 active=2
2026-01-12 00:16:12.927 [INFO ] api: job scheduled
2026-01-12 00:16:13.964 [DEBUG] api: ttl=300 key=sess:2637
2026-01-12 00:16:14.001 [INFO ] api: batch flushed
2026-01-12 00:16:15.038 [INFO ] api: user login ok
2026-01-12 00:16:16.075 [INFO ] api: request handled
2026-01-12 00:16:17.112 [WARN ] api: retry 2689/3 upstream slow
2026-01-12 00:16:18.149 [INFO ] api: cache hit
2026-01-12 00:16:19.186 [ERROR] api: null ref in handler #2715
2026-01-12 00:16:20.223 [INFO ] api: user login ok
2026-01-12 00:16:21.260 [DEBUG] api: ttl=300 key=sess:2741
2026-01-12 00:16:22.297 [INFO ] api: job scheduled
2026-01-12 00:16:23.334 [DEBUG] api: pool idle=4 active=2
2026-01-12 00:16:24.371 [INFO ] api: batch flushed
2026-01-12 00:16:25.408 [INFO ] api: user login ok
2026-01-12 00:16:26.445 [INFO ] api: request handled
2026-01-12 00:16:27.482 [WARN ] api: deprecated header seen
2026-01-12 00:16:28.519 [INFO ] api: cache hit
2026-01-12 00:16:29.556 [ERROR] api: upstream 503 after 3 retries
2026-01-12 00:16:30.593 [INFO ] api: user login ok
2026-01-12 00:16:31.630 [DEBUG] api: pool idle=4 active=2
2026-01-12 00:16:32.667 [INFO ] api: job scheduled
2026-01-12 00:16:33.704 [DEBUG] api: ttl=300 key=sess:2897
2026-01-12 00:16:34.741 [INFO ] api: batch flushed
2026-01-12 00:16:35.778 [INFO ] api: user login ok
2026-01-12 00:16:36.815 [INFO ] api: request handled
2026-01-12 00:16:37.852 [WARN ] api: retry 2949/3 upstream slow
2026-01-12 00:16:38.889 [INFO ] api: cache hit
2026-01-12 00:16:39.926 [ERROR] api: null ref in handler #2975
2026-01-12 00:16:40.963 [INFO ] api: user login ok
2026-01-12 00:16:41.000 [DEBUG] api: ttl=300 key=sess:3001
2026-01-12 00:16:42.037 [INFO ] api: job scheduled
2026-01-12 00:16:43.074 [DEBUG] api: pool idle=4 active=2
2026-01-12 00:16:44.111 [INFO ] api: batch flushed
2026-01-12 00:16:45.148 [INFO ] api: user login ok
2026-01-12 00:16:46.185 [INFO ] api: request handled
2026-01-12 00:16:47.222 [WARN ] api: deprecated header seen
2026-01-12 00:16:48.259 [INFO ] api: cache hit
2026-01-12 00:16:49.296 [ERROR] api: upstream 503 after 3 retries
2026-01-12 00:16:50.333 [INFO ] api: user login ok
2026-01-12 00:16:51.370 [DEBUG] api: pool idle=4 active=2
2026-01-12 00:16:52.407 [INFO ] api: job scheduled
2026-01-12 00:16:53.444 [DEBUG] api: ttl=300 key=sess:3157
2026-01-12 00:16:54.481 [INFO ] api: batch flushed
2026-01-12 00:16:55.518 [INFO ] api: user login ok
2026-01-12 00:16:56.555 [INFO ] api: request handled
2026-01-12 00:16:57.592 [WARN ] api: retry 3209/3 upstream slow
2026-01-12 00:16:58.629 [INFO ] api: cache hit
2026-01-12 00:16:59.666 [ERROR] api: null ref in handler #3235
2026-01-12 00:17:00.703 [INFO ] api: user login ok
2026-01-12 00:17:01.740 [DEBUG] api: ttl=300 key=sess:3261
2026-01-12 00:17:02.777 [INFO ] api: job scheduled
2026-01-12 00:17:03.814 [DEBUG] api: pool idle=4 active=2
2026-01-12 00:17:04.851 [INFO ] api: batch flushed
2026-01-12 00:17:05.888 [INFO ] api: user login ok
2026-01-12 00:17:06.925 [INFO ] api: request handled
2026-01-12 00:17:07.962 [WARN ] api: deprecated header seen
2026-01-12 00:17:08.999 [INFO ] api: cache hit
2026-01-12 00:17:09.036 [ERROR] api: upstream 503 after 3 retries
2026-01-12 00:17:10.073 [INFO ] api: user login ok
2026-01-12 00:17:11.110 [DEBUG] api: pool idle=4 active=2
2026-01-12 00:17:12.147 [INFO ] api: job scheduled
2026-01-12 00:17:13.184 [DEBUG] api: ttl=300 key=sess:3417
2026-01-12 00:17:14.221 [INFO ] api: batch flushed
2026-01-12 00:17:15.258 [INFO ] api: user login ok
2026-01-12 00:17:16.295 [INFO ] api: request handled
2026-01-12 00:17:17.332 [WARN ] api: retry 3469/3 upstream slow
2026-01-12 00:17:18.369 [INFO ] api: cache hit
2026-01-12 00:17:19.406 [ERROR] api: null ref in handler #3495
2026-01-12 00:17:20.443 [INFO ] api: user login ok
2026-01-12 00:17:21.480 [DEBUG] api: ttl=300 key=sess:3521
2026-01-12 00:17:22.517 [INFO ] api: job scheduled
2026-01-12 00:17:23.554 [DEBUG] api: pool idle=4 active=2
2026-01-12 00:17:24.591 [INFO ] api: batch flushed
2026-01-12 00:17:25.628 [INFO ] api: user login ok
2026-01-12 00:17:26.665 [INFO ] api: request handled
2026-01-12 00:17:27.702 [WARN ] api: deprecated header seen
2026-01-12 00:17:28.739 [INFO ] api: cache hit
2026-01-12 00:17:29.776 [ERROR] api: upstream 503 after 3 retries
2026-01-12 00:17:30.813 [INFO ] api: user login ok
2026-01-12 00:17:31.850 [DEBUG] api: pool idle=4 active=2
2026-01-12 00:17:32.887 [INFO ] api: job scheduled
2026-01-12 00:17:33.924 [DEBUG] api: ttl=300 key=sess:3677
2026-01-12 00:17:34.961 [INFO ] api: batch flushed
2026-01-12 00:17:35.998 [INFO ] api: user login ok
2026-01-12 00:17:36.035 [INFO ] api: request handled
2026-01-12 00:17:37.072 [WARN ] api: retry 3729/3 upstream slow
2026-01-12 00:17:38.109 [INFO ] api: cache hit
2026-01-12 00:17:39.146 [ERROR] api: null ref in handler #3755
2026-01-12 00:17:40.183 [INFO ] api: user login ok
2026-01-12 00:17:41.220 [DEBUG] api: ttl=300 key=sess:3781
2026-01-12 00:17:42.257 [INFO ] api: job scheduled
2026-01-12 00:17:43.294 [DEBUG] api: pool idle=4 active=2
2026-01-12 00:17:44.331 [INFO ] api: batch flushed
2026-01-12 00:17:45.368 [INFO ] api: user login ok
2026-01-12 00:17:46.405 [INFO ] api: request handled
2026-01-12 00:17:47.442 [WARN ] api: deprecated header seen
2026-01-12 00:17:48.479 [INFO ] api: cache hit
2026-01-12 00:17:49.516 [ERROR] api: upstream 503 after 3 retries
2026-01-12 00:17:50.553 [INFO ] api: user login ok
2026-01-12 00:17:51.590 [DEBUG] api: pool idle=4 active=2
2026-01-12 00:17:52.627 [INFO ] api: job scheduled
2026-01-12 00:17:53.664 [DEBUG] api: ttl=300 key=sess:3937
2026-01-12 00:17:54.701 [INFO ] api: batch flushed
2026-01-12 00:17:55.738 [INFO ] api: user login ok
2026-01-12 00:17:56.775 [INFO ] api: request handled
2026-01-12 00:17:57.812 [WARN ] api: retry 3989/3 upstream slow
2026-01-12 00:17:58.849 [INFO ] api: cache hit
2026-01-12 00:17:59.886 [ERROR] api: null ref in handler #4015
2026-01-12 00:18:00.923 [INFO ] api: user login ok
2026-01-12 00:18:01.960 [DEBUG] api: ttl=300 key=sess:4041
2026-01-12 00:18:02.997 [INFO ] api: job scheduled
2026-01-12 00:18:03.034 [DEBUG] api: pool idle=4 active=2
2026-01-12 00:18:04.071 [INFO ] api: batch flushed
2026-01-12 00:18:05.108 [INFO ] api: user login ok
2026-01-12 00:18:06.145 [INFO ] api: request handled
2026-01-12 00:18:07.182 [WARN ] api: deprecated header seen
2026-01-12 00:18:08.219 [INFO ] api: cache hit
2026-01-12 00:18:09.256 [ERROR] api: upstream 503 after 3 retries
2026-01-12 00:18:10.293 [INFO ] api: user login ok
2026-01-12 00:18:11.330 [DEBUG] api: pool idle=4 active=2
2026-01-12 00:18:12.367 [INFO ] api: job scheduled
2026-01-12 00:18:13.404 [DEBUG] api: ttl=300 key=sess:4197
2026-01-12 00:18:14.441 [INFO ] api: batch flushed
2026-01-12 00:18:15.478 [INFO ] api: user login ok
2026-01-12 00:18:16.515 [INFO ] api: request handled
2026-01-12 00:18:17.552 [WARN ] api: retry 4249/3 upstream slow
2026-01-12 00:18:18.589 [INFO ] api: cache hit
2026-01-12 00:18:19.626 [ERROR] api: null ref in handler #4275
2026-01-12 00:18:20.663 [INFO ] api: user login ok
2026-01-12 00:18:21.700 [DEBUG] api: ttl=300 key=sess:4301
2026-01-12 00:18:22.737 [INFO ] api: job scheduled
2026-01-12 00:18:23.774 [DEBUG] api: pool idle=4 active=2
2026-01-12 00:18:24.811 [INFO ] api: batch flushed
2026-01-12 00:18:25.848 [INFO ] api: user login ok
2026-01-12 00:18:26.885 [INFO ] api: request handled
2026-01-12 00:18:27.922 [WARN ] api: deprecated header seen
2026-01-12 00:18:28.959 [INFO ] api: cache hit
2026-01-12 00:18:29.996 [ERROR] api: upstream 503 after 3 retries
2026-01-12 00:18:30.033 [INFO ] api: user login ok
2026-01-12 00:18:31.070 [DEBUG] api: pool idle=4 active=2
2026-01-12 00:18:32.107 [INFO ] api: job scheduled
2026-01-12 00:18:33.144 [DEBUG] api: ttl=300 key=sess:4457
2026-01-12 00:18:34.181 [INFO ] api: batch flushed
2026-01-12 00:18:35.218 [INFO ] api: user login ok
2026-01-12 00:18:36.255 [INFO ] api: request handled
2026-01-12 00:18:37.292 [WARN ] api: retry 4509/3 upstream slow
2026-01-12 00:18:38.329 [INFO ] api: cache hit
2026-01-12 00:18:39.366 [ERROR] api: null ref in handler #4535
2026-01-12 00:18:40.403 [INFO ] api: user login ok
2026-01-12 00:18:41.440 [DEBUG] api: ttl=300 key=sess:4561
2026-01-12 00:18:42.477 [INFO ] api: job scheduled
2026-01-12 00:18:43.514 [DEBUG] api: pool idle=4 active=2
2026-01-12 00:18:44.551 [INFO ] api: batch flushed
2026-01-12 00:18:45.588 [INFO ] api: user login ok
2026-01-12 00:18:46.625 [INFO ] api: request handled
2026-01-12 00:18:47.662 [WARN ] api: deprecated header seen
2026-01-12 00:18:48.699 [INFO ] api: cache hit
2026-01-12 00:18:49.736 [ERROR] api: upstream 503 after 3 retries
2026-01-12 00:18:50.773 [INFO ] api: user login ok
2026-01-12 00:18:51.810 [DEBUG] api: pool idle=4 active=2
2026-01-12 00:18:52.847 [INFO ] api: job scheduled
2026-01-12 00:18:53.884 [DEBUG] api: ttl=300 key=sess:4717
2026-01-12 00:18:54.921 [INFO ] api: batch flushed
2026-01-12 00:18:55.958 [INFO ] api: user login ok
2026-01-12 00:18:56.995 [INFO ] api: request handled
2026-01-12 00:18:57.032 [WARN ] api: retry 4769/3 upstream slow
2026-01-12 00:18:58.069 [INFO ] api: cache hit
2026-01-12 00:18:59.106 [ERROR] api: null ref in handler #4795
2026-01-12 00:19:00.143 [INFO ] api: user login ok
2026-01-12 00:19:01.180 [DEBUG] api: ttl=300 key=sess:4821
2026-01-12 00:19:02.217 [INFO ] api: job scheduled
2026-01-12 00:19:03.254 [DEBUG] api: pool idle=4 active=2
2026-01-12 00:19:04.291 [INFO ] api: batch flushed
2026-01-12 00:19:05.328 [INFO ] api: user login ok
2026-01-12 00:19:06.365 [INFO ] api: request handled
2026-01-12 00:19:07.402 [WARN ] api: deprecated header seen
2026-01-12 00:19:08.439 [INFO ] api: cache hit
2026-01-12 00:19:09.476 [ERROR] api: upstream 503 after 3 retries
2026-01-12 00:19:10.513 [INFO ] api: user login ok
2026-01-12 00:19:11.550 [DEBUG] api: pool idle=4 active=2
2026-01-12 00:19:12.587 [INFO ] api: job scheduled
2026-01-12 00:19:13.624 [DEBUG] api: ttl=300 key=sess:4977
2026-01-12 00:19:14.661 [INFO ] api: batch flushed
2026-01-12 00:19:15.698 [INFO ] api: user login ok
2026-01-12 00:19:16.735 [INFO ] api: request handled
2026-01-12 00:19:17.772 [WARN ] api: retry 5029/3 upstream slow
2026-01-12 00:19:18.809 [INFO ] api: cache hit
2026-01-12 00:19:19.846 [ERROR] api: null ref in handler #5055
2026-01-12 00:19:20.883 [INFO ] api: user login ok
2026-01-12 00:19:21.920 [DEBUG] api: ttl=300 key=sess:5081
2026-01-12 00:19:22.957 [INFO ] api: job scheduled
2026-01-12 00:19:23.994 [DEBUG] api: pool idle=4 active=2
2026-01-12 00:19:24.031 [INFO ] api: batch flushed
2026-01-12 00:19:25.068 [INFO ] api: user login ok
2026-01-12 00:19:26.105 [INFO ] api: request handled
2026-01-12 00:19:27.142 [WARN ] api: deprecated header seen
2026-01-12 00:19:28.179 [INFO ] api: cache hit
2026-01-12 00:19:29.216 [ERROR] api: upstream 503 after 3 retries
2026-01-12 00:19:30.253 [INFO ] api: user login ok
2026-01-12 00:19:31.290 [DEBUG] api: pool idle=4 active=2
2026-01-12 00:19:32.327 [INFO ] api: job scheduled
2026-01-12 00:19:33.364 [DEBUG] api: ttl=300 key=sess:5237
2026-01-12 00:19:34.401 [INFO ] api: batch flushed
2026-01-12 00:19:35.438 [INFO ] api: user login ok
2026-01-12 00:19:36.475 [INFO ] api: request handled
2026-01-12 00:19:37.512 [WARN ] api: retry 5289/3 upstream slow
2026-01-12 00:19:38.549 [INFO ] api: cache hit
2026-01-12 00:19:39.586 [ERROR] api: null ref in handler #5315
2026-01-12 00:19:40.623 [INFO ] api: user login ok
2026-01-12 00:19:41.660 [DEBUG] api: ttl=300 key=sess:5341
2026-01-12 00:19:42.697 [INFO ] api: job scheduled
2026-01-12 00:19:43.734 [DEBUG] api: pool idle=4 active=2
2026-01-12 00:19:44.771 [INFO ] api: batch flushed
2026-01-12 00:19:45.808 [INFO ] api: user login ok
2026-01-12 00:19:46.845 [INFO ] api: request handled
2026-01-12 00:19:47.882 [WARN ] api: deprecated header seen
2026-01-12 00:19:48.919 [INFO ] api: cache hit
2026-01-12 00:19:49.956 [ERROR] api: upstream 503 after 3 retries
2026-01-12 00:19:50.993 [INFO ] api: user login ok
2026-01-12 00:19:51.030 [DEBUG] api: pool idle=4 active=2
2026-01-12 00:19:52.067 [INFO ] api: job scheduled
2026-01-12 00:19:53.104 [DEBUG] api: ttl=300 key=sess:5497
2026-01-12 00:19:54.141 [INFO ] api: batch flushed
2026-01-12 00:19:55.178 [INFO ] api: user login ok
2026-01-12 00:19:56.215 [INFO ] api: request handled
2026-01-12 00:19:57.252 [WARN ] api: retry 5549/3 upstream slow
2026-01-12 00:19:58.289 [INFO ] api: cache hit
2026-01-12 00:19:59.326 [ERROR] api: null ref in handler #5575
2026-01-12 00:20:00.363 [INFO ] api: user login ok
2026-01-12 00:20:01.400 [DEBUG] api: ttl=300 key=sess:5601
2026-01-12 00:20:02.437 [INFO ] api: job scheduled
2026-01-12 00:20:03.474 [DEBUG] api: pool idle=4 active=2
2026-01-12 00:20:04.511 [INFO ] api: batch flushed
2026-01-12 00:20:05.548 [INFO ] api: user login ok
2026-01-12 00:20:06.585 [INFO ] api: request handled
2026-01-12 00:20:07.622 [WARN ] api: deprecated header seen
2026-01-12 00:20:08.659 [INFO ] api: cache hit
2026-01-12 00:20:09.696 [ERROR] api: upstream 503 after 3 retries
2026-01-12 00:20:10.733 [INFO ] api: user login ok
2026-01-12 00:20:11.770 [DEBUG] api: pool idle=4 active=2
2026-01-12 00:20:12.807 [INFO ] api: job scheduled
2026-01-12 00:20:13.844 [DEBUG] api: ttl=300 key=sess:5757
2026-01-12 00:20:14.881 [INFO ] api: batch flushed
2026-01-12 00:20:15.918 [INFO ] api: user login ok
2026-01-12 00:20:16.955 [INFO ] api: request handled
2026-01-12 00:20:17.992 [WARN ] api: retry 5809/3 upstream slow
2026-01-12 00:20:18.029 [INFO ] api: cache hit
2026-01-12 00:20:19.066 [ERROR] api: null ref in handler #5835
2026-01-12 00:20:20.103 [INFO ] api: user login ok
2026-01-12 00:20:21.140 [DEBUG] api: ttl=300 key=sess:5861
2026-01-12 00:20:22.177 [INFO ] api: job scheduled
2026-01-12 00:20:23.214 [DEBUG] api: pool idle=4 active=2
2026-01-12 00:20:24.251 [INFO ] api: batch flushed
2026-01-12 00:20:25.288 [INFO ] api: user login ok
2026-01-12 00:20:26.325 [INFO ] api: request handled
2026-01-12 00:20:27.362 [WARN ] api: deprecated header seen
2026-01-12 00:20:28.399 [INFO ] api: cache hit
2026-01-12 00:20:29.436 [ERROR] api: upstream 503 after 3 retries
2026-01-12 00:20:30.473 [INFO ] api: user login ok
2026-01-12 00:20:31.510 [DEBUG] api: pool idle=4 active=2
2026-01-12 00:20:32.547 [INFO ] api: job scheduled
2026-01-12 00:20:33.584 [DEBUG] api: ttl=300 key=sess:6017
2026-01-12 00:20:34.621 [INFO ] api: batch flushed
2026-01-12 00:20:35.658 [INFO ] api: user login ok
2026-01-12 00:20:36.695 [INFO ] api: request handled
2026-01-12 00:20:37.732 [WARN ] api: retry 6069/3 upstream slow
2026-01-12 00:20:38.769 [INFO ] api: cache hit
2026-01-12 00:20:39.806 [ERROR] api: null ref in handler #6095
2026-01-12 00:20:40.843 [INFO ] api: user login ok
2026-01-12 00:20:41.880 [DEBUG] api: ttl=300 key=sess:6121
2026-01-12 00:20:42.917 [INFO ] api: job scheduled
2026-01-12 00:20:43.954 [DEBUG] api: pool idle=4 active=2
2026-01-12 00:20:44.991 [INFO ] api: batch flushed
2026-01-12 00:20:45.028 [INFO ] api: user login ok
2026-01-12 00:20:46.065 [INFO ] api: request handled
2026-01-12 00:20:47.102 [WARN ] api: deprecated header seen
2026-01-12 00:20:48.139 [INFO ] api: cache hit
2026-01-12 00:20:49.176 [ERROR] api: upstream 503 after 3 retries
2026-01-12 00:20:50.213 [INFO ] api: user login ok
2026-01-12 00:20:51.250 [DEBUG] api: pool idle=4 active=2
2026-01-12 00:20:52.287 [INFO ] api: job scheduled
2026-01-12 00:20:53.324 [DEBUG] api: ttl=300 key=sess:6277
2026-01-12 00:20:54.361 [INFO ] api: batch flushed
2026-01-12 00:20:55.398 [INFO ] api: user login ok
2026-01-12 00:20:56.435 [INFO ] api: request handled
2026-01-12 00:20:57.472 [WARN ] api: retry 6329/3 upstream slow
2026-01-12 00:20:58.509 [INFO ] api: cache hit
2026-01-12 00:20:59.546 [ERROR] api: null ref in handler #6355
2026-01-12 00:21:00.583 [INFO ] api: user login ok
2026-01-12 00:21:01.620 [DEBUG] api: ttl=300 key=sess:6381
2026-01-12 00:21:02.657 [INFO ] api: job scheduled
2026-01-12 00:21:03.694 [DEBUG] api: pool idle=4 active=2
2026-01-12 00:21:04.731 [INFO ] api: batch flushed
2026-01-12 00:21:05.768 [INFO ] api: user login ok
2026-01-12 00:21:06.805 [INFO ] api: request handled
2026-01-12 00:21:07.842 [WARN ] api: deprecated header seen
2026-01-12 00:21:08.879 [INFO ] api: cache hit
2026-01-12 00:21:09.916 [ERROR] api: upstream 503 after 3 retries
2026-01-12 00:21:10.953 [INFO ] api: user login ok
2026-01-12 00:21:11.990 [DEBUG] api: pool idle=4 active=2
2026-01-12 00:21:12.027 [INFO ] api: job scheduled
2026-01-12 00:21:13.064 [DEBUG] api: ttl=300 key=sess:6537
2026-01-12 00:21:14.101 [INFO ] api: batch flushed
2026-01-12 00:21:15.138 [INFO ] api: user login ok
2026-01-12 00:21:16.175 [INFO ] api: request handled
2026-01-12 00:21:17.212 [WARN ] api: retry 6589/3 upstream slow
2026-01-12 00:21:18.249 [INFO ] api: cache hit
2026-01-12 00:21:19.286 [ERROR] api: null ref in handler #6615
2026-01-12 00:21:20.323 [INFO ] api: user login ok
2026-01-12 00:21:21.360 [DEBUG] api: ttl=300 key=sess:6641
2026-01-12 00:21:22.397 [INFO ] api: job scheduled
2026-01-12 00:21:23.434 [DEBUG] api: pool idle=4 active=2
2026-01-12 00:21:24.471 [INFO ] api: batch flushed
2026-01-12 00:21:25.508 [INFO ] api: user login ok
2026-01-12 00:21:26.545 [INFO ] api: request handled
2026-01-12 00:21:27.582 [WARN ] api: deprecated header seen
2026-01-12 00:21:28.619 [INFO ] api: cache hit
2026-01-12 00:21:29.656 [ERROR] api: upstream 503 after 3 retries
2026-01-12 00:21:30.693 [INFO ] api: user login ok
2026-01-12 00:21:31.730 [DEBUG] api: pool idle=4 active=2
2026-01-12 00:21:32.767 [INFO ] api: job scheduled
2026-01-12 00:21:33.804 [DEBUG] api: ttl=300 key=sess:6797
2026-01-12 00:21:34.841 [INFO ] api: batch flushed
2026-01-12 00:21:35.878 [INFO ] api: user login ok
2026-01-12 00:21:36.915 [INFO ] api: request handled
2026-01-12 00:21:37.952 [WARN ] api: retry 6849/3 upstream slow
2026-01-12 00:21:38.989 [INFO ] api: cache hit
2026-01-12 00:21:39.026 [ERROR] api: null ref in handler #6875
2026-01-12 00:21:40.063 [INFO ] api: user login ok
2026-01-12 00:21:41.100 [DEBUG] api: ttl=300 key=sess:6901
2026-01-12 00:21:42.137 [INFO ] api: job scheduled
2026-01-12 00:21:43.174 [DEBUG] api: pool idle=4 active=2
2026-01-12 00:21:44.211 [INFO ] api: batch flushed
2026-01-12 00:21:45.248 [INFO ] api: user login ok
2026-01-12 00:21:46.285 [INFO ] api: request handled
2026-01-12 00:21:47.322 [WARN ] api: deprecated header seen
2026-01-12 00:21:48.359 [INFO ] api: cache hit
2026-01-12 00:21:49.396 [ERROR] api: upstream 503 after 3 retries
2026-01-12 00:21:50.433 [INFO ] api: user login ok
2026-01-12 00:21:51.470 [DEBUG] api: pool idle=4 active=2
2026-01-12 00:21:52.507 [INFO ] api: job scheduled
2026-01-12 00:21:53.544 [DEBUG] api: ttl=300 key=sess:7057
2026-01-12 00:21:54.581 [INFO ] api: batch flushed
2026-01-12 00:21:55.618 [INFO ] api: user login ok
2026-01-12 00:21:56.655 [INFO ] api: request handled
2026-01-12 00:21:57.692 [WARN ] api: retry 7109/3 upstream slow
2026-01-12 00:21:58.729 [INFO ] api: cache hit
2026-01-12 00:21:59.766 [ERROR] api: null ref in handler #7135
2026-01-12 00:22:00.803 [INFO ] api: user login ok
2026-01-12 00:22:01.840 [DEBUG] api: ttl=300 key=sess:7161
2026-01-12 00:22:02.877 [INFO ] api: job scheduled
2026-01-12 00:22:03.914 [DEBUG] api: pool idle=4 active=2
2026-01-12 00:22:04.951 [INFO ] api: batch flushed
2026-01-12 00:22:05.988 [INFO ] api: user login ok
2026-01-12 00:22:06.025 [INFO ] api: request handled
2026-01-12 00:22:07.062 [WARN ] api: deprecated header seen
2026-01-12 00:22:08.099 [INFO ] api: cache hit
2026-01-12 00:22:09.136 [ERROR] api: upstream 503 after 3 retries
2026-01-12 00:22:10.173 [INFO ] api: user login ok
2026-01-12 00:22:11.210 [DEBUG] api: pool idle=4 active=2
2026-01-12 00:22:12.247 [INFO ] api: job scheduled
2026-01-12 00:22:13.284 [DEBUG] api: ttl=300 key=sess:7317
2026-01-12 00:22:14.321 [INFO ] api: batch flushed
2026-01-12 00:22:15.358 [INFO ] api: user login ok
2026-01-12 00:22:16.395 [INFO ] api: request handled
2026-01-12 00:22:17.432 [WARN ] api: retry 7369/3 upstream slow
2026-01-12 00:22:18.469 [INFO ] api: cache hit
2026-01-12 00:22:19.506 [ERROR] api: null ref in handler #7395
2026-01-12 00:22:20.543 [INFO ] api: user login ok
2026-01-12 00:22:21.580 [DEBUG] api: ttl=300 key=sess:7421
2026-01-12 00:22:22.617 [INFO ] api: job scheduled
2026-01-12 00:22:23.654 [DEBUG] api: pool idle=4 active=2
2026-01-12 00:22:24.691 [INFO ] api: batch flushed
2026-01-12 00:22:25.728 [INFO ] api: user login ok
2026-01-12 00:22:26.765 [INFO ] api: request handled
2026-01-12 00:22:27.802 [WARN ] api: deprecated header seen
2026-01-12 00:22:28.839 [INFO ] api: cache hit
2026-01-12 00:22:29.876 [ERROR] api: upstream 503 after 3 retries
2026-01-12 00:22:30.913 [INFO ] api: user login ok
2026-01-12 00:22:31.950 [DEBUG] api: pool idle=4 active=2
2026-01-12 00:22:32.987 [INFO ] api: job scheduled
2026-01-12 00:22:33.024 [DEBUG] api: ttl=300 key=sess:7577
2026-01-12 00:22:34.061 [INFO ] api: batch flushed
2026-01-12 00:22:35.098 [INFO ] api: user login ok
2026-01-12 00:22:36.135 [INFO ] api: request handled
2026-01-12 00:22:37.172 [WARN ] api: retry 7629/3 upstream slow
2026-01-12 00:22:38.209 [INFO ] api: cache hit
2026-01-12 00:22:39.246 [ERROR] api: null ref in handler #7655
2026-01-12 00:22:40.283 [INFO ] api: user login ok
2026-01-12 00:22:41.320 [DEBUG] api: ttl=300 key=sess:7681
2026-01-12 00:22:42.357 [INFO ] api: job scheduled
2026-01-12 00:22:43.394 [DEBUG] api: pool idle=4 active=2
2026-01-12 00:22:44.431 [INFO ] api: batch flushed
2026-01-12 00:22:45.468 [INFO ] api: user login ok
2026-01-12 00:22:46.505 [INFO ] api: request handled
2026-01-12 00:22:47.542 [WARN ] api: deprecated header seen
2026-01-12 00:22:48.579 [INFO ] api: cache hit
2026-01-12 00:22:49.616 [ERROR] api: upstream 503 after 3 retries
2026-01-12 00:22:50.653 [INFO ] api: user login ok
2026-01-12 00:22:51.690 [DEBUG] api: pool idle=4 active=2
2026-01-12 00:22:52.727 [INFO ] api: job scheduled
2026-01-12 00:22:53.764 [DEBUG] api: ttl=300 key=sess:7837
2026-01-12 00:22:54.801 [INFO ] api: batch flushed
2026-01-12 00:22:55.838 [INFO ] api: user login ok
2026-01-12 00:22:56.875 [INFO ] api: request handled
2026-01-12 00:22:57.912 [WARN ] api: retry 7889/3 upstream slow
2026-01-12 00:22:58.949 [INFO ] api: cache hit
2026-01-12 00:22:59.986 [ERROR] api: null ref in handler #7915
2026-01-12 00:23:00.023 [INFO ] api: user login ok
2026-01-12 00:23:01.060 [DEBUG] api: ttl=300 key=sess:7941
2026-01-12 00:23:02.097 [INFO ] api: job scheduled
2026-01-12 00:23:03.134 [DEBUG] api: pool idle=4 active=2
2026-01-12 00:23:04.171 [INFO ] api: batch flushed
2026-01-12 00:23:05.208 [INFO ] api: user login ok
2026-01-12 00:23:06.245 [INFO ] api: request handled
2026-01-12 00:23:07.282 [WARN ] api: deprecated header seen
2026-01-12 00:23:08.319 [INFO ] api: cache hit
2026-01-12 00:23:09.356 [ERROR] api: upstream 503 after 3 retries
2026-01-12 00:23:10.393 [INFO ] api: user login ok
2026-01-12 00:23:11.430 [DEBUG] api: pool idle=4 active=2
2026-01-12 00:23:12.467 [INFO ] api: job scheduled
2026-01-12 00:23:13.504 [DEBUG] api: ttl=300 key=sess:8097
2026-01-12 00:23:14.541 [INFO ] api: batch flushed
2026-01-12 00:23:15.578 [INFO ] api: user login ok
2026-01-12 00:23:16.615 [INFO ] api: request handled
2026-01-12 00:23:17.652 [WARN ] api: retry 8149/3 upstream slow
2026-01-12 00:23:18.689 [INFO ] api: cache hit
2026-01-12 00:23:19.726 [ERROR] api: null ref in handler #8175
2026-01-12 00:23:20.763 [INFO ] api: user login ok
2026-01-12 00:23:21.800 [DEBUG] api: ttl=300 key=sess:8201
2026-01-12 00:23:22.837 [INFO ] api: job scheduled
2026-01-12 00:23:23.874 [DEBUG] api: pool idle=4 active=2
2026-01-12 00:23:24.911 [INFO ] api: batch flushed
2026-01-12 00:23:25.948 [INFO ] api: user login ok
2026-01-12 00:23:26.985 [INFO ] api: request handled
2026-01-12 00:23:27.022 [WARN ] api: deprecated header seen
2026-01-12 00:23:28.059 [INFO ] api: cache hit
2026-01-12 00:23:29.096 [ERROR] api: upstream 503 after 3 retries
2026-01-12 00:23:30.133 [INFO ] api: user login ok
2026-01-12 00:23:31.170 [DEBUG] api: pool idle=4 active=2
2026-01-12 00:23:32.207 [INFO ] api: job scheduled
2026-01-12 00:23:33.244 [DEBUG] api: ttl=300 key=sess:8357
2026-01-12 00:23:34.281 [INFO ] api: batch flushed
2026-01-12 00:23:35.318 [INFO ] api: user login ok
2026-01-12 00:23:36.355 [INFO ] api: request handled
2026-01-12 00:23:37.392 [WARN ] api: retry 8409/3 upstream slow
2026-01-12 00:23:38.429 [INFO ] api: cache hit
2026-01-12 00:23:39.466 [ERROR] api: null ref in handler #8435
2026-01-12 00:23:40.503 [INFO ] api: user login ok
2026-01-12 00:23:41.540 [DEBUG] api: ttl=300 key=sess:8461
2026-01-12 00:23:42.577 [INFO ] api: job scheduled
2026-01-12 00:23:43.614 [DEBUG] api: pool idle=4 active=2
2026-01-12 00:23:44.651 [INFO ] api: batch flushed
2026-01-12 00:23:45.688 [INFO ] api: user login ok
2026-01-12 00:23:46.725 [INFO ] api: request handled
2026-01-12 00:23:47.762 [WARN ] api: deprecated header seen
2026-01-12 00:23:48.799 [INFO ] api: cache hit
2026-01-12 00:23:49.836 [ERROR] api: upstream 503 after 3 retries
2026-01-12 00:23:50.873 [INFO ] api: user login ok
2026-01-12 00:23:51.910 [DEBUG] api: pool idle=4 active=2
2026-01-12 00:23:52.947 [INFO ] api: job scheduled
2026-01-12 00:23:53.984 [DEBUG] api: ttl=300 key=sess:8617
2026-01-12 00:23:54.021 [INFO ] api: batch flushed
2026-01-12 00:23:55.058 [INFO ] api: user login ok
2026-01-12 00:23:56.095 [INFO ] api: request handled
2026-01-12 00:23:57.132 [WARN ] api: retry 8669/3 upstream slow
2026-01-12 00:23:58.169 [INFO ] api: cache hit
2026-01-12 00:23:59.206 [ERROR] api: null ref in handler #8695
2026-01-12 00:24:00.243 [INFO ] api: user login ok
2026-01-12 00:24:01.280 [DEBUG] api: ttl=300 key=sess:8721
2026-01-12 00:24:02.317 [INFO ] api: job scheduled
2026-01-12 00:24:03.354 [DEBUG] api: pool idle=4 active=2
2026-01-12 00:24:04.391 [INFO ] api: batch flushed
2026-01-12 00:24:05.428 [INFO ] api: user login ok
2026-01-12 00:24:06.465 [INFO ] api: request handled
2026-01-12 00:24:07.502 [WARN ] api: deprecated header seen
2026-01-12 00:24:08.539 [INFO ] api: cache hit
2026-01-12 00:24:09.576 [ERROR] api: upstream 503 after 3 retries
2026-01-12 00:24:10.613 [INFO ] api: user login ok
2026-01-12 00:24:11.650 [DEBUG] api: pool idle=4 active=2
2026-01-12 00:24:12.687 [INFO ] api: job scheduled
2026-01-12 00:24:13.724 [DEBUG] api: ttl=300 key=sess:8877
2026-01-12 00:24:14.761 [INFO ] api: batch flushed
2026-01-12 00:24:15.798 [INFO ] api: user login ok
2026-01-12 00:24:16.835 [INFO ] api: request handled
2026-01-12 00:24:17.872 [WARN ] api: retry 8929/3 upstream slow
2026-01-12 00:24:18.909 [INFO ] api: cache hit
2026-01-12 00:24:19.946 [ERROR] api: null ref in handler #8955
2026-01-12 00:24:20.983 [INFO ] api: user login ok
2026-01-12 00:24:21.020 [DEBUG] api: ttl=300 key=sess:8981
2026-01-12 00:24:22.057 [INFO ] api: job scheduled
2026-01-12 00:24:23.094 [DEBUG] api: pool idle=4 active=2
2026-01-12 00:24:24.131 [INFO ] api: batch flushed
2026-01-12 00:24:25.168 [INFO ] api: user login ok
2026-01-12 00:24:26.205 [INFO ] api: request handled
2026-01-12 00:24:27.242 [WARN ] api: deprecated header seen
2026-01-12 00:24:28.279 [INFO ] api: cache hit
2026-01-12 00:24:29.316 [ERROR] api: upstream 503 after 3 retries
2026-01-12 00:24:30.353 [INFO ] api: user login ok
2026-01-12 00:24:31.390 [DEBUG] api: pool idle=4 active=2
2026-01-12 00:24:32.427 [INFO ] api: job scheduled
2026-01-12 00:24:33.464 [DEBUG] api: ttl=300 key=sess:9137
2026-01-12 00:24:34.501 [INFO ] api: batch flushed
2026-01-12 00:24:35.538 [INFO ] api: user login ok
2026-01-12 00:24:36.575 [INFO ] api: request handled
2026-01-12 00:24:37.612 [WARN ] api: retry 9189/3 upstream slow
2026-01-12 00:24:38.649 [INFO ] api: cache hit
2026-01-12 00:24:39.686 [ERROR] api: null ref in handler #9215
2026-01-12 00:24:40.723 [INFO ] api: user login ok
2026-01-12 00:24:41.760 [DEBUG] api: ttl=300 key=sess:9241
2026-01-12 00:24:42.797 [INFO ] api: job scheduled
2026-01-12 00:24:43.834 [DEBUG] api: pool idle=4 active=2
2026-01-12 00:24:44.871 [INFO ] api: batch flushed
2026-01-12 00:24:45.908 [INFO ] api: user login ok
2026-01-12 00:24:46.945 [INFO ] api: request handled
2026-01-12 00:24:47.982 [WARN ] api: deprecated header seen
2026-01-12 00:24:48.019 [INFO ] api: cache hit
2026-01-12 00:24:49.056 [ERROR] api: upstream 503 after 3 retries
2026-01-12 00:24:50.093 [INFO ] api: user login ok
2026-01-12 00:24:51.130 [DEBUG] api: pool idle=4 active=2
2026-01-12 00:24:52.167 [INFO ] api: job scheduled
2026-01-12 00:24:53.204 [DEBUG] api: ttl=300 key=sess:9397
2026-01-12 00:24:54.241 [INFO ] api: batch flushed
2026-01-12 00:24:55.278 [INFO ] api: user login ok
2026-01-12 00:24:56.315 [INFO ] api: request handled
2026-01-12 00:24:57.352 [WARN ] api: retry 9449/3 upstream slow
2026-01-12 00:24:58.389 [INFO ] api: cache hit
2026-01-12 00:24:59.426 [ERROR] api: null ref in handler #9475
2026-01-12 00:25:00.463 [INFO ] api: user login ok
2026-01-12 00:25:01.500 [DEBUG] api: ttl=300 key=sess:9501
2026-01-12 00:25:02.537 [INFO ] api: job scheduled
2026-01-12 00:25:03.574 [DEBUG] api: pool idle=4 active=2
2026-01-12 00:25:04.611 [INFO ] api: batch flushed
2026-01-12 00:25:05.648 [INFO ] api: user login ok
2026-01-12 00:25:06.685 [INFO ] api: request handled
2026-01-12 00:25:07.722 [WARN ] api: deprecated header seen
2026-01-12 00:25:08.759 [INFO ] api: cache hit
2026-01-12 00:25:09.796 [ERROR] api: upstream 503 after 3 retries
2026-01-12 00:25:10.833 [INFO ] api: user login ok
2026-01-12 00:25:11.870 [DEBUG] api: pool idle=4 active=2
2026-01-12 00:25:12.907 [INFO ] api: job scheduled
2026-01-12 00:25:13.944 [DEBUG] api: ttl=300 key=sess:9657
2026-01-12 00:25:14.981 [INFO ] api: batch flushed
2026-01-12 00:25:15.018 [INFO ] api: user login ok
2026-01-12 00:25:16.055 [INFO ] api: request handled
2026-01-12 00:25:17.092 [WARN ] api: retry 9709/3 upstream slow
2026-01-12 00:25:18.129 [INFO ] api: cache hit
2026-01-12 00:25:19.166 [ERROR] api: null ref in handler #9735
2026-01-12 00:25:20.203 [INFO ] api: user login ok
2026-01-12 00:25:21.240 [DEBUG] api: ttl=300 key=sess:9761
2026-01-12 00:25:22.277 [INFO ] api: job scheduled
2026-01-12 00:25:23.314 [DEBUG] api: pool idle=4 active=2
2026-01-12 00:25:24.351 [INFO ] api: batch flushed
2026-01-12 00:25:25.388 [INFO ] api: user login ok
2026-01-12 00:25:26.425 [INFO ] api: request handled
2026-01-12 00:25:27.462 [WARN ] api: deprecated header seen
2026-01-12 00:25:28.499 [INFO ] api: cache hit
2026-01-12 00:25:29.536 [ERROR] api: upstream 503 after 3 retries
2026-01-12 00:25:30.573 [INFO ] api: user login ok
2026-01-12 00:25:31.610 [DEBUG] api: pool idle=4 active=2
2026-01-12 00:25:32.647 [INFO ] api: job scheduled
2026-01-12 00:25:33.684 [DEBUG] api: ttl=300 key=sess:9917
2026-01-12 00:25:34.721 [INFO ] api: batch flushed
2026-01-12 00:25:35.758 [INFO ] api: user login ok
2026-01-12 00:25:36.795 [INFO ] api: request handled
2026-01-12 00:25:37.832 [WARN ] api: retry 9969/3 upstream slow
2026-01-12 00:25:38.869 [INFO ] api: cache hit
2026-01-12 00:25:39.906 [ERROR] api: null ref in handler #9995
2026-01-12 00:25:40.943 [INFO ] api: user login ok
2026-01-12 00:25:41.980 [DEBUG] api: ttl=300 key=sess:22
2026-01-12 00:25:42.017 [INFO ] api: job scheduled
2026-01-12 00:25:43.054 [DEBUG] api: pool idle=4 active=2
2026-01-12 00:25:44.091 [INFO ] api: batch flushed
2026-01-12 00:25:45.128 [INFO ] api: user login ok
2026-01-12 00:25:46.165 [INFO ] api: request handled
2026-01-12 00:25:47.202 [WARN ] api: deprecated header seen
2026-01-12 00:25:48.239 [INFO ] api: cache hit
2026-01-12 00:25:49.276 [ERROR] api: upstream 503 after 3 retries
2026-01-12 00:25:50.313 [INFO ] api: user login ok
2026-01-12 00:25:51.350 [DEBUG] api: pool idle=4 active=2
2026-01-12 00:25:52.387 [INFO ] api: job scheduled
2026-01-12 00:25:53.424 [DEBUG] api: ttl=300 key=sess:178
2026-01-12 00:25:54.461 [INFO ] api: batch flushed
2026-01-12 00:25:55.498 [INFO ] api: user login ok
2026-01-12 00:25:56.535 [INFO ] api: request handled
2026-01-12 00:25:57.572 [WARN ] api: retry 230/3 upstream slow
2026-01-12 00:25:58.609 [INFO ] api: cache hit
2026-01-12 00:25:59.646 [ERROR] api: null ref in handler #256
2026-01-12 00:26:00.683 [INFO ] api: user login ok
2026-01-12 00:26:01.720 [DEBUG] api: ttl=300 key=sess:282
2026-01-12 00:26:02.757 [INFO ] api: job scheduled
2026-01-12 00:26:03.794 [DEBUG] api: pool idle=4 active=2
2026-01-12 00:26:04.831 [INFO ] api: batch flushed
2026-01-12 00:26:05.868 [INFO ] api: user login ok
2026-01-12 00:26:06.905 [INFO ] api: request handled
2026-01-12 00:26:07.942 [WARN ] api: deprecated header seen
2026-01-12 00:26:08.979 [INFO ] api: cache hit
2026-01-12 00:26:09.016 [ERROR] api: upstream 503 after 3 retries
2026-01-12 00:26:10.053 [INFO ] api: user login ok
2026-01-12 00:26:11.090 [DEBUG] api: pool idle=4 active=2
2026-01-12 00:26:12.127 [INFO ] api: job scheduled
2026-01-12 00:26:13.164 [DEBUG] api: ttl=300 key=sess:438
2026-01-12 00:26:14.201 [INFO ] api: batch flushed
2026-01-12 00:26:15.238 [INFO ] api: user login ok
2026-01-12 00:26:16.275 [INFO ] api: request handled
2026-01-12 00:26:17.312 [WARN ] api: retry 490/3 upstream slow
2026-01-12 00:26:18.349 [INFO ] api: cache hit
2026-01-12 00:26:19.386 [ERROR] api: null ref in handler #516
2026-01-12 00:26:20.423 [INFO ] api: user login ok
2026-01-12 00:26:21.460 [DEBUG] api: ttl=300 key=sess:542
2026-01-12 00:26:22.497 [INFO ] api: job scheduled
2026-01-12 00:26:23.534 [DEBUG] api: pool idle=4 active=2
2026-01-12 00:26:24.571 [INFO ] api: batch flushed
2026-01-12 00:26:25.608 [INFO ] api: user login ok
2026-01-12 00:26:26.645 [INFO ] api: request handled
2026-01-12 00:26:27.682 [WARN ] api: deprecated header seen
2026-01-12 00:26:28.719 [INFO ] api: cache hit
2026-01-12 00:26:29.756 [ERROR] api: upstream 503 after 3 retries
2026-01-12 00:26:30.793 [INFO ] api: user login ok
2026-01-12 00:26:31.830 [DEBUG] api: pool idle=4 active=2
2026-01-12 00:26:32.867 [INFO ] api: job scheduled
2026-01-12 00:26:33.904 [DEBUG] api: ttl=300 key=sess:698
2026-01-12 00:26:34.941 [INFO ] api: batch flushed
2026-01-12 00:26:35.978 [INFO ] api: user login ok
2026-01-12 00:26:36.015 [INFO ] api: request handled
2026-01-12 00:26:37.052 [WARN ] api: retry 750/3 upstream slow
2026-01-12 00:26:38.089 [INFO ] api: cache hit
2026-01-12 00:26:39.126 [ERROR] api: null ref in handler #776
2026-01-12 00:26:40.163 [INFO ] api: user login ok
2026-01-12 00:26:41.200 [DEBUG] api: ttl=300 key=sess:802
2026-01-12 00:26:42.237 [INFO ] api: job scheduled
2026-01-12 00:26:43.274 [DEBUG] api: pool idle=4 active=2
2026-01-12 00:26:44.311 [INFO ] api: batch flushed
2026-01-12 00:26:45.348 [INFO ] api: user login ok
2026-01-12 00:26:46.385 [INFO ] api: request handled
2026-01-12 00:26:47.422 [WARN ] api: deprecated header seen
2026-01-12 00:26:48.459 [INFO ] api: cache hit
2026-01-12 00:26:49.496 [ERROR] api: upstream 503 after 3 retries
2026-01-12 00:26:50.533 [INFO ] api: user login ok
2026-01-12 00:26:51.570 [DEBUG] api: pool idle=4 active=2
2026-01-12 00:26:52.607 [INFO ] api: job scheduled
2026-01-12 00:26:53.644 [DEBUG] api: ttl=300 key=sess:958
2026-01-12 00:26:54.681 [INFO ] api: batch flushed
2026-01-12 00:26:55.718 [INFO ] api: user login ok
2026-01-12 00:26:56.755 [INFO ] api: request handled
2026-01-12 00:26:57.792 [WARN ] api: retry 1010/3 upstream slow
2026-01-12 00:26:58.829 [INFO ] api: cache hit
2026-01-12 00:26:59.866 [ERROR] api: null ref in handler #1036
2026-01-12 00:27:00.903 [INFO ] api: user login ok
2026-01-12 00:27:01.940 [DEBUG] api: ttl=300 key=sess:1062
2026-01-12 00:27:02.977 [INFO ] api: job scheduled
2026-01-12 00:27:03.014 [DEBUG] api: pool idle=4 active=2
2026-01-12 00:27:04.051 [INFO ] api: batch flushed
2026-01-12 00:27:05.088 [INFO ] api: user login ok
2026-01-12 00:27:06.125 [INFO ] api: request handled
2026-01-12 00:27:07.162 [WARN ] api: deprecated header seen
2026-01-12 00:27:08.199 [INFO ] api: cache hit
2026-01-12 00:27:09.236 [ERROR] api: upstream 503 after 3 retries
2026-01-12 00:27:10.273 [INFO ] api: user login ok
2026-01-12 00:27:11.310 [DEBUG] api: pool idle=4 active=2
2026-01-12 00:27:12.347 [INFO ] api: job scheduled
2026-01-12 00:27:13.384 [DEBUG] api: ttl=300 key=sess:1218
2026-01-12 00:27:14.421 [INFO ] api: batch flushed
2026-01-12 00:27:15.458 [INFO ] api: user login ok
2026-01-12 00:27:16.495 [INFO ] api: request handled
2026-01-12 00:27:17.532 [WARN ] api: retry 1270/3 upstream slow
2026-01-12 00:27:18.569 [INFO ] api: cache hit
2026-01-12 00:27:19.606 [ERROR] api: null ref in handler #1296
2026-01-12 00:27:20.643 [INFO ] api: user login ok
2026-01-12 00:27:21.680 [DEBUG] api: ttl=300 key=sess:1322
2026-01-12 00:27:22.717 [INFO ] api: job scheduled
2026-01-12 00:27:23.754 [DEBUG] api: pool idle=4 active=2
2026-01-12 00:27:24.791 [INFO ] api: batch flushed
2026-01-12 00:27:25.828 [INFO ] api: user login ok
2026-01-12 00:27:26.865 [INFO ] api: request handled
2026-01-12 00:27:27.902 [WARN ] api: deprecated header seen
2026-01-12 00:27:28.939 [INFO ] api: cache hit
2026-01-12 00:27:29.976 [ERROR] api: upstream 503 after 3 retries
2026-01-12 00:27:30.013 [INFO ] api: user login ok
2026-01-12 00:27:31.050 [DEBUG] api: pool idle=4 active=2
2026-01-12 00:27:32.087 [INFO ] api: job scheduled
2026-01-12 00:27:33.124 [DEBUG] api: ttl=300 key=sess:1478
2026-01-12 00:27:34.161 [INFO ] api: batch flushed
2026-01-12 00:27:35.198 [INFO ] api: user login ok
2026-01-12 00:27:36.235 [INFO ] api: request handled
2026-01-12 00:27:37.272 [WARN ] api: retry 1530/3 upstream slow
2026-01-12 00:27:38.309 [INFO ] api: cache hit
2026-01-12 00:27:39.346 [ERROR] api: null ref in handler #1556
2026-01-12 00:27:40.383 [INFO ] api: user login ok
2026-01-12 00:27:41.420 [DEBUG] api: ttl=300 key=sess:1582
2026-01-12 00:27:42.457 [INFO ] api: job scheduled
2026-01-12 00:27:43.494 [DEBUG] api: pool idle=4 active=2
2026-01-12 00:27:44.531 [INFO ] api: batch flushed
2026-01-12 00:27:45.568 [INFO ] api: user login ok
2026-01-12 00:27:46.605 [INFO ] api: request handled
2026-01-12 00:27:47.642 [WARN ] api: deprecated header seen
2026-01-12 00:27:48.679 [INFO ] api: cache hit
2026-01-12 00:27:49.716 [ERROR] api: upstream 503 after 3 retries
2026-01-12 00:27:50.753 [INFO ] api: user login ok
2026-01-12 00:27:51.790 [DEBUG] api: pool idle=4 active=2
2026-01-12 00:27:52.827 [INFO ] api: job scheduled
2026-01-12 00:27:53.864 [DEBUG] api: ttl=300 key=sess:1738
2026-01-12 00:27:54.901 [INFO ] api: batch flushed
2026-01-12 00:27:55.938 [INFO ] api: user login ok
2026-01-12 00:27:56.975 [INFO ] api: request handled
2026-01-12 00:27:57.012 [WARN ] api: retry 1790/3 upstream slow
2026-01-12 00:27:58.049 [INFO ] api: cache hit
2026-01-12 00:27:59.086 [ERROR] api: null ref in handler #1816
2026-01-12 00:28:00.123 [INFO ] api: user login ok
2026-01-12 00:28:01.160 [DEBUG] api: ttl=300 key=sess:1842
2026-01-12 00:28:02.197 [INFO ] api: job scheduled
2026-01-12 00:28:03.234 [DEBUG] api: pool idle=4 active=2
2026-01-12 00:28:04.271 [INFO ] api: batch flushed
2026-01-12 00:28:05.308 [INFO ] api: user login ok
2026-01-12 00:28:06.345 [INFO ] api: request handled
2026-01-12 00:28:07.382 [WARN ] api: deprecated header seen
2026-01-12 00:28:08.419 [INFO ] api: cache hit
2026-01-12 00:28:09.456 [ERROR] api: upstream 503 after 3 retries
2026-01-12 00:28:10.493 [INFO ] api: user login ok
2026-01-12 00:28:11.530 [DEBUG] api: pool idle=4 active=2
2026-01-12 00:28:12.567 [INFO ] api: job scheduled
2026-01-12 00:28:13.604 [DEBUG] api: ttl=300 key=sess:1998
2026-01-12 00:28:14.641 [INFO ] api: batch flushed
2026-01-12 00:28:15.678 [INFO ] api: user login ok
2026-01-12 00:28:16.715 [INFO ] api: request handled
2026-01-12 00:28:17.752 [WARN ] api: retry 2050/3 upstream slow
2026-01-12 00:28:18.789 [INFO ] api: cache hit
2026-01-12 00:28:19.826 [ERROR] api: null ref in handler #2076
2026-01-12 00:28:20.863 [INFO ] api: user login ok
2026-01-12 00:28:21.900 [DEBUG] api: ttl=300 key=sess:2102
2026-01-12 00:28:22.937 [INFO ] api: job scheduled
2026-01-12 00:28:23.974 [DEBUG] api: pool idle=4 active=2
2026-01-12 00:28:24.011 [INFO ] api: batch flushed
2026-01-12 00:28:25.048 [INFO ] api: user login ok
2026-01-12 00:28:26.085 [INFO ] api: request handled
2026-01-12 00:28:27.122 [WARN ] api: deprecated header seen
2026-01-12 00:28:28.159 [INFO ] api: cache hit
2026-01-12 00:28:29.196 [ERROR] api: upstream 503 after 3 retries
2026-01-12 00:28:30.233 [INFO ] api: user login ok
2026-01-12 00:28:31.270 [DEBUG] api: pool idle=4 active=2
2026-01-12 00:28:32.307 [INFO ] api: job scheduled
2026-01-12 00:28:33.344 [DEBUG] api: ttl=300 key=sess:2258
2026-01-12 00:28:34.381 [INFO ] api: batch flushed
2026-01-12 00:28:35.418 [INFO ] api: user login ok
2026-01-12 00:28:36.455 [INFO ] api: request handled
2026-01-12 00:28:37.492 [WARN ] api: retry 2310/3 upstream slow
2026-01-12 00:28:38.529 [INFO ] api: cache hit
2026-01-12 00:28:39.566 [ERROR] api: null ref in handler #2336
2026-01-12 00:28:40.603 [INFO ] api: user login ok
2026-01-12 00:28:41.640 [DEBUG] api: ttl=300 key=sess:2362
2026-01-12 00:28:42.677 [INFO ] api: job scheduled
2026-01-12 00:28:43.714 [DEBUG] api: pool idle=4 active=2
2026-01-12 00:28:44.751 [INFO ] api: batch flushed
2026-01-12 00:28:45.788 [INFO ] api: user login ok
2026-01-12 00:28:46.825 [INFO ] api: request handled
2026-01-12 00:28:47.862 [WARN ] api: deprecated header seen
2026-01-12 00:28:48.899 [INFO ] api: cache hit
2026-01-12 00:28:49.936 [ERROR] api: upstream 503 after 3 retries
2026-01-12 00:28:50.973 [INFO ] api: user login ok
2026-01-12 00:28:51.010 [DEBUG] api: pool idle=4 active=2
2026-01-12 00:28:52.047 [INFO ] api: job scheduled
2026-01-12 00:28:53.084 [DEBUG] api: ttl=300 key=sess:2518
2026-01-12 00:28:54.121 [INFO ] api: batch flushed
2026-01-12 00:28:55.158 [INFO ] api: user login ok
2026-01-12 00:28:56.195 [INFO ] api: request handled
2026-01-12 00:28:57.232 [WARN ] api: retry 2570/3 upstream slow
2026-01-12 00:28:58.269 [INFO ] api: cache hit
2026-01-12 00:28:59.306 [ERROR] api: null ref in handler #2596
2026-01-12 00:29:00.343 [INFO ] api: user login ok
2026-01-12 00:29:01.380 [DEBUG] api: ttl=300 key=sess:2622
2026-01-12 00:29:02.417 [INFO ] api: job scheduled
2026-01-12 00:29:03.454 [DEBUG] api: pool idle=4 active=2
2026-01-12 00:29:04.491 [INFO ] api: batch flushed
2026-01-12 00:29:05.528 [INFO ] api: user login ok
2026-01-12 00:29:06.565 [INFO ] api: request handled
2026-01-12 00:29:07.602 [WARN ] api: deprecated header seen
2026-01-12 00:29:08.639 [INFO ] api: cache hit
2026-01-12 00:29:09.676 [ERROR] api: upstream 503 after 3 retries
2026-01-12 00:29:10.713 [INFO ] api: user login ok
2026-01-12 00:29:11.750 [DEBUG] api: pool idle=4 active=2
2026-01-12 00:29:12.787 [INFO ] api: job scheduled
2026-01-12 00:29:13.824 [DEBUG] api: ttl=300 key=sess:2778
2026-01-12 00:29:14.861 [INFO ] api: batch flushed
2026-01-12 00:29:15.898 [INFO ] api: user login ok
2026-01-12 00:29:16.935 [INFO ] api: request handled
2026-01-12 00:29:17.972 [WARN ] api: retry 2830/3 upstream slow
2026-01-12 00:29:18.009 [INFO ] api: cache hit
2026-01-12 00:29:19.046 [ERROR] api: null ref in handler #2856
2026-01-12 00:29:20.083 [INFO ] api: user login ok
2026-01-12 00:29:21.120 [DEBUG] api: ttl=300 key=sess:2882
2026-01-12 00:29:22.157 [INFO ] api: job scheduled
2026-01-12 00:29:23.194 [DEBUG] api: pool idle=4 active=2
2026-01-12 00:29:24.231 [INFO ] api: batch flushed
2026-01-12 00:29:25.268 [INFO ] api: user login ok
2026-01-12 00:29:26.305 [INFO ] api: request handled
2026-01-12 00:29:27.342 [WARN ] api: deprecated header seen
2026-01-12 00:29:28.379 [INFO ] api: cache hit
2026-01-12 00:29:29.416 [ERROR] api: upstream 503 after 3 retries
2026-01-12 00:29:30.453 [INFO ] api: user login ok
2026-01-12 00:29:31.490 [DEBUG] api: pool idle=4 active=2
2026-01-12 00:29:32.527 [INFO ] api: job scheduled
2026-01-12 00:29:33.564 [DEBUG] api: ttl=300 key=sess:3038
2026-01-12 00:29:34.601 [INFO ] api: batch flushed
2026-01-12 00:29:35.638 [INFO ] api: user login ok
2026-01-12 00:29:36.675 [INFO ] api: request handled
2026-01-12 00:29:37.712 [WARN ] api: retry 3090/3 upstream slow
2026-01-12 00:29:38.749 [INFO ] api: cache hit
2026-01-12 00:29:39.786 [ERROR] api: null ref in handler #3116
2026-01-12 00:29:40.823 [INFO ] api: user login ok
2026-01-12 00:29:41.860 [DEBUG] api: ttl=300 key=sess:3142
2026-01-12 00:29:42.897 [INFO ] api: job scheduled
2026-01-12 00:29:43.934 [DEBUG] api: pool idle=4 active=2
2026-01-12 00:29:44.971 [INFO ] api: batch flushed
2026-01-12 00:29:45.008 [INFO ] api: user login ok
2026-01-12 00:29:46.045 [INFO ] api: request handled
2026-01-12 00:29:47.082 [WARN ] api: deprecated header seen
2026-01-12 00:29:48.119 [INFO ] api: cache hit
2026-01-12 00:29:49.156 [ERROR] api: upstream 503 after 3 retries
2026-01-12 00:29:50.193 [INFO ] api: user login ok
2026-01-12 00:29:51.230 [DEBUG] api: pool idle=4 active=2
2026-01-12 00:29:52.267 [INFO ] api: job scheduled
2026-01-12 00:29:53.304 [DEBUG] api: ttl=300 key=sess:3298
2026-01-12 00:29:54.341 [INFO ] api: batch flushed
2026-01-12 00:29:55.378 [INFO ] api: user login ok
2026-01-12 00:29:56.415 [INFO ] api: request handled
2026-01-12 00:29:57.452 [WARN ] api: retry 3350/3 upstream slow
2026-01-12 00:29:58.489 [INFO ] api: cache hit
2026-01-12 00:29:59.526 [ERROR] api: null ref in handler #3376
2026-01-12 00:30:00.563 [INFO ] api: user login ok
2026-01-12 00:30:01.600 [DEBUG] api: ttl=300 key=sess:3402
2026-01-12 00:30:02.637 [INFO ] api: job scheduled
2026-01-12 00:30:03.674 [DEBUG] api: pool idle=4 active=2
2026-01-12 00:30:04.711 [INFO ] api: batch flushed
2026-01-12 00:30:05.748 [INFO ] api: user login ok
2026-01-12 00:30:06.785 [INFO ] api: request handled
2026-01-12 00:30:07.822 [WARN ] api: deprecated header seen
2026-01-12 00:30:08.859 [INFO ] api: cache hit
2026-01-12 00:30:09.896 [ERROR] api: upstream 503 after 3 retries
2026-01-12 00:30:10.933 [INFO ] api: user login ok
2026-01-12 00:30:11.970 [DEBUG] api: pool idle=4 active=2
2026-01-12 00:30:12.007 [INFO ] api: job scheduled
2026-01-12 00:30:13.044 [DEBUG] api: ttl=300 key=sess:3558
2026-01-12 00:30:14.081 [INFO ] api: batch flushed
2026-01-12 00:30:15.118 [INFO ] api: user login ok
2026-01-12 00:30:16.155 [INFO ] api: request handled
2026-01-12 00:30:17.192 [WARN ] api: retry 3610/3 upstream slow
2026-01-12 00:30:18.229 [INFO ] api: cache hit
2026-01-12 00:30:19.266 [ERROR] api: null ref in handler #3636
2026-01-12 00:30:20.303 [INFO ] api: user login ok
2026-01-12 00:30:21.340 [DEBUG] api: ttl=300 key=sess:3662
2026-01-12 00:30:22.377 [INFO ] api: job scheduled
2026-01-12 00:30:23.414 [DEBUG] api: pool idle=4 active=2
2026-01-12 00:30:24.451 [INFO ] api: batch flushed
2026-01-12 00:30:25.488 [INFO ] api: user login ok
2026-01-12 00:30:26.525 [INFO ] api: request handled
2026-01-12 00:30:27.562 [WARN ] api: deprecated header seen
2026-01-12 00:30:28.599 [INFO ] api: cache hit
2026-01-12 00:30:29.636 [ERROR] api: upstream 503 after 3 retries
2026-01-12 00:30:30.673 [INFO ] api: user login ok
2026-01-12 00:30:31.710 [DEBUG] api: pool idle=4 active=2
2026-01-12 00:30:32.747 [INFO ] api: job scheduled
2026-01-12 00:30:33.784 [DEBUG] api: ttl=300 key=sess:3818
2026-01-12 00:30:34.821 [INFO ] api: batch flushed
2026-01-12 00:30:35.858 [INFO ] api: user login ok
2026-01-12 00:30:36.895 [INFO ] api: request handled
2026-01-12 00:30:37.932 [WARN ] api: retry 3870/3 upstream slow
2026-01-12 00:30:38.969 [INFO ] api: cache hit
2026-01-12 00:30:39.006 [ERROR] api: null ref in handler #3896
2026-01-12 00:30:40.043 [INFO ] api: user login ok
2026-01-12 00:30:41.080 [DEBUG] api: ttl=300 key=sess:3922
2026-01-12 00:30:42.117 [INFO ] api: job scheduled
2026-01-12 00:30:43.154 [DEBUG] api: pool idle=4 active=2
2026-01-12 00:30:44.191 [INFO ] api: batch flushed
2026-01-12 00:30:45.228 [INFO ] api: user login ok
2026-01-12 00:30:46.265 [INFO ] api: request handled
2026-01-12 00:30:47.302 [WARN ] api: deprecated header seen
2026-01-12 00:30:48.339 [INFO ] api: cache hit
2026-01-12 00:30:49.376 [ERROR] api: upstream 503 after 3 retries
2026-01-12 00:30:50.413 [INFO ] api: user login ok
2026-01-12 00:30:51.450 [DEBUG] api: pool idle=4 active=2
2026-01-12 00:30:52.487 [INFO ] api: job scheduled
2026-01-12 00:30:53.524 [DEBUG] api: ttl=300 key=sess:4078
2026-01-12 00:30:54.561 [INFO ] api: batch flushed
2026-01-12 00:30:55.598 [INFO ] api: user login ok
2026-01-12 00:30:56.635 [INFO ] api: request handled
2026-01-12 00:30:57.672 [WARN ] api: retry 4130/3 upstream slow
2026-01-12 00:30:58.709 [INFO ] api: cache hit
2026-01-12 00:30:59.746 [ERROR] api: null ref in handler #4156
2026-01-12 00:31:00.783 [INFO ] api: user login ok
2026-01-12 00:31:01.820 [DEBUG] api: ttl=300 key=sess:4182
2026-01-12 00:31:02.857 [INFO ] api: job scheduled
2026-01-12 00:31:03.894 [DEBUG] api: pool idle=4 active=2
2026-01-12 00:31:04.931 [INFO ] api: batch flushed
2026-01-12 00:31:05.968 [INFO ] api: user login ok
2026-01-12 00:31:06.005 [INFO ] api: request handled
2026-01-12 00:31:07.042 [WARN ] api: deprecated header seen
2026-01-12 00:31:08.079 [INFO ] api: cache hit
2026-01-12 00:31:09.116 [ERROR] api: upstream 503 after 3 retries
2026-01-12 00:31:10.153 [INFO ] api: user login ok
2026-01-12 00:31:11.190 [DEBUG] api: pool idle=4 active=2
2026-01-12 00:31:12.227 [INFO ] api: job scheduled
2026-01-12 00:31:13.264 [DEBUG] api: ttl=300 key=sess:4338
2026-01-12 00:31:14.301 [INFO ] api: batch flushed
2026-01-12 00:31:15.338 [INFO ] api: user login ok
2026-01-12 00:31:16.375 [INFO ] api: request handled
2026-01-12 00:31:17.412 [WARN ] api: retry 4390/3 upstream slow
2026-01-12 00:31:18.449 [INFO ] api: cache hit
2026-01-12 00:31:19.486 [ERROR] api: null ref in handler #4416
2026-01-12 00:31:20.523 [INFO ] api: user login ok
2026-01-12 00:31:21.560 [DEBUG] api: ttl=300 key=sess:4442
2026-01-12 00:31:22.597 [INFO ] api: job scheduled
2026-01-12 00:31:23.634 [DEBUG] api: pool idle=4 active=2
2026-01-12 00:31:24.671 [INFO ] api: batch flushed
2026-01-12 00:31:25.708 [INFO ] api: user login ok
2026-01-12 00:31:26.745 [INFO ] api: request handled
2026-01-12 00:31:27.782 [WARN ] api: deprecated header seen
2026-01-12 00:31:28.819 [INFO ] api: cache hit
2026-01-12 00:31:29.856 [ERROR] api: upstream 503 after 3 retries
2026-01-12 00:31:30.893 [INFO ] api: user login ok
2026-01-12 00:31:31.930 [DEBUG] api: pool idle=4 active=2
2026-01-12 00:31:32.967 [INFO ] api: job scheduled
2026-01-12 00:31:33.004 [DEBUG] api: ttl=300 key=sess:4598
2026-01-12 00:31:34.041 [INFO ] api: batch flushed
2026-01-12 00:31:35.078 [INFO ] api: user login ok
2026-01-12 00:31:36.115 [INFO ] api: request handled
2026-01-12 00:31:37.152 [WARN ] api: retry 4650/3 upstream slow
2026-01-12 00:31:38.189 [INFO ] api: cache hit
2026-01-12 00:31:39.226 [ERROR] api: null ref in handler #4676
2026-01-12 00:31:40.263 [INFO ] api: user login ok
2026-01-12 00:31:41.300 [DEBUG] api: ttl=300 key=sess:4702
2026-01-12 00:31:42.337 [INFO ] api: job scheduled
2026-01-12 00:31:43.374 [DEBUG] api: pool idle=4 active=2
2026-01-12 00:31:44.411 [INFO ] api: batch flushed
2026-01-12 00:31:45.448 [INFO ] api: user login ok
2026-01-12 00:31:46.485 [INFO ] api: request handled
2026-01-12 00:31:47.522 [WARN ] api: deprecated header seen
2026-01-12 00:31:48.559 [INFO ] api: cache hit
2026-01-12 00:31:49.596 [ERROR] api: upstream 503 after 3 retries
2026-01-12 00:31:50.633 [INFO ] api: user login ok
2026-01-12 00:31:51.670 [DEBUG] api: pool idle=4 active=2
2026-01-12 00:31:52.707 [INFO ] api: job scheduled
2026-01-12 00:31:53.744 [DEBUG] api: ttl=300 key=sess:4858
2026-01-12 00:31:54.781 [INFO ] api: batch flushed
2026-01-12 00:31:55.818 [INFO ] api: user login ok
2026-01-12 00:31:56.855 [INFO ] api: request handled
2026-01-12 00:31:57.892 [WARN ] api: retry 4910/3 upstream slow
2026-01-12 00:31:58.929 [INFO ] api: cache hit
2026-01-12 00:31:59.966 [ERROR] api: null ref in handler #4936
2026-01-12 00:32:00.003 [INFO ] api: user login ok
2026-01-12 00:32:01.040 [DEBUG] api: ttl=300 key=sess:4962
2026-01-12 00:32:02.077 [INFO ] api: job scheduled
2026-01-12 00:32:03.114 [DEBUG] api: pool idle=4 active=2
2026-01-12 00:32:04.151 [INFO ] api: batch flushed
2026-01-12 00:32:05.188 [INFO ] api: user login ok
2026-01-12 00:32:06.225 [INFO ] api: request handled
2026-01-12 00:32:07.262 [WARN ] api: deprecated header seen
2026-01-12 00:32:08.299 [INFO ] api: cache hit
2026-01-12 00:32:09.336 [ERROR] api: upstream 503 after 3 retries
2026-01-12 00:32:10.373 [INFO ] api: user login ok
2026-01-12 00:32:11.410 [DEBUG] api: pool idle=4 active=2
2026-01-12 00:32:12.447 [INFO ] api: job scheduled
2026-01-12 00:32:13.484 [DEBUG] api: ttl=300 key=sess:5118
2026-01-12 00:32:14.521 [INFO ] api: batch flushed
2026-01-12 00:32:15.558 [INFO ] api: user login ok
2026-01-12 00:32:16.595 [INFO ] api: request handled
2026-01-12 00:32:17.632 [WARN ] api: retry 5170/3 upstream slow
2026-01-12 00:32:18.669 [INFO ] api: cache hit
2026-01-12 00:32:19.706 [ERROR] api: null ref in handler #5196
2026-01-12 00:32:20.743 [INFO ] api: user login ok
2026-01-12 00:32:21.780 [DEBUG] api: ttl=300 key=sess:5222
2026-01-12 00:32:22.817 [INFO ] api: job scheduled
2026-01-12 00:32:23.854 [DEBUG] api: pool idle=4 active=2
2026-01-12 00:32:24.891 [INFO ] api: batch flushed
2026-01-12 00:32:25.928 [INFO ] api: user login ok
2026-01-12 00:32:26.965 [INFO ] api: request handled
2026-01-12 00:32:27.002 [WARN ] api: deprecated header seen
2026-01-12 00:32:28.039 [INFO ] api: cache hit
2026-01-12 00:32:29.076 [ERROR] api: upstream 503 after 3 retries
2026-01-12 00:32:30.113 [INFO ] api: user login ok
2026-01-12 00:32:31.150 [DEBUG] api: pool idle=4 active=2
2026-01-12 00:32:32.187 [INFO ] api: job scheduled
2026-01-12 00:32:33.224 [DEBUG] api: ttl=300 key=sess:5378
2026-01-12 00:32:34.261 [INFO ] api: batch flushed
2026-01-12 00:32:35.298 [INFO ] api: user login ok
2026-01-12 00:32:36.335 [INFO ] api: request handled
2026-01-12 00:32:37.372 [WARN ] api: retry 5430/3 upstream slow
2026-01-12 00:32:38.409 [INFO ] api: cache hit
2026-01-12 00:32:39.446 [ERROR] api: null ref in handler #5456
2026-01-12 00:32:40.483 [INFO ] api: user login ok
2026-01-12 00:32:41.520 [DEBUG] api: ttl=300 key=sess:5482
2026-01-12 00:32:42.557 [INFO ] api: job scheduled
2026-01-12 00:32:43.594 [DEBUG] api: pool idle=4 active=2
2026-01-12 00:32:44.631 [INFO ] api: batch flushed
2026-01-12 00:32:45.668 [INFO ] api: user login ok
2026-01-12 00:32:46.705 [INFO ] api: request handled
2026-01-12 00:32:47.742 [WARN ] api: deprecated header seen
2026-01-12 00:32:48.779 [INFO ] api: cache hit
2026-01-12 00:32:49.816 [ERROR] api: upstream 503 after 3 retries
2026-01-12 00:32:50.853 [INFO ] api: user login ok
2026-01-12 00:32:51.890 [DEBUG] api: pool idle=4 active=2
2026-01-12 00:32:52.927 [INFO ] api: job scheduled
2026-01-12 00:32:53.964 [DEBUG] api: ttl=300 key=sess:5638
2026-01-12 00:32:54.001 [INFO ] api: batch flushed
2026-01-12 00:32:55.038 [INFO ] api: user login ok
2026-01-12 00:32:56.075 [INFO ] api: request handled
2026-01-12 00:32:57.112 [WARN ] api: retry 5690/3 upstream slow
2026-01-12 00:32:58.149 [INFO ] api: cache hit
2026-01-12 00:32:59.186 [ERROR] api: null ref in handler #5716
2026-01-12 00:33:00.223 [INFO ] api: user login ok
2026-01-12 00:33:01.260 [DEBUG] api: ttl=300 key=sess:5742
2026-01-12 00:33:02.297 [INFO ] api: job scheduled
2026-01-12 00:33:03.334 [DEBUG] api: pool idle=4 active=2
2026-01-12 00:33:04.371 [INFO ] api: batch flushed
2026-01-12 00:33:05.408 [INFO ] api: user login ok
2026-01-12 00:33:06.445 [INFO ] api: request handled
2026-01-12 00:33:07.482 [WARN ] api: deprecated header seen
2026-01-12 00:33:08.519 [INFO ] api: cache hit
2026-01-12 00:33:09.556 [ERROR] api: upstream 503 after 3 retries
2026-01-12 00:33:10.593 [INFO ] api: user login ok
2026-01-12 00:33:11.630 [DEBUG] api: pool idle=4 active=2
2026-01-12 00:33:12.667 [INFO ] api: job scheduled
2026-01-12 00:33:13.704 [DEBUG] api: ttl=300 key=sess:5898
2026-01-12 00:33:14.741 [INFO ] api: batch flushed
2026-01-12 00:33:15.778 [INFO ] api: user login ok
2026-01-12 00:33:16.815 [INFO ] api: request handled
2026-01-12 00:33:17.852 [WARN ] api: retry 5950/3 upstream slow
2026-01-12 00:33:18.889 [INFO ] api: cache hit
2026-01-12 00:33:19.926 [ERROR] api: null ref in handler #5976
2026-01-12 00:33:20.963 [INFO ] api: user login ok
2026-01-12 00:33:21.000 [DEBUG] api: ttl=300 key=sess:6002
2026-01-12 00:33:22.037 [INFO ] api: job scheduled
2026-01-12 00:33:23.074 [DEBUG] api: pool idle=4 active=2
2026-01-12 00:33:24.111 [INFO ] api: batch flushed
2026-01-12 00:33:25.148 [INFO ] api: user login ok
2026-01-12 00:33:26.185 [INFO ] api: request handled
2026-01-12 00:33:27.222 [WARN ] api: deprecated header seen
2026-01-12 00:33:28.259 [INFO ] api: cache hit
2026-01-12 00:33:29.296 [ERROR] api: upstream 503 after 3 retries
2026-01-12 00:33:30.333 [INFO ] api: user login ok
2026-01-12 00:33:31.370 [DEBUG] api: pool idle=4 active=2
2026-01-12 00:33:32.407 [INFO ] api: job scheduled
2026-01-12 00:33:33.444 [DEBUG] api: ttl=300 key=sess:6158
2026-01-12 00:33:34.481 [INFO ] api: batch flushed
2026-01-12 00:33:35.518 [INFO ] api: user login ok
2026-01-12 00:33:36.555 [INFO ] api: request handled
2026-01-12 00:33:37.592 [WARN ] api: retry 6210/3 upstream slow
2026-01-12 00:33:38.629 [INFO ] api: cache hit
2026-01-12 00:33:39.666 [ERROR] api: null ref in handler #6236
2026-01-12 00:33:40.703 [INFO ] api: user login ok
2026-01-12 00:33:41.740 [DEBUG] api: ttl=300 key=sess:6262
2026-01-12 00:33:42.777 [INFO ] api: job scheduled
2026-01-12 00:33:43.814 [DEBUG] api: pool idle=4 active=2
2026-01-12 00:33:44.851 [INFO ] api: batch flushed
2026-01-12 00:33:45.888 [INFO ] api: user login ok
2026-01-12 00:33:46.925 [INFO ] api: request handled
2026-01-12 00:33:47.962 [WARN ] api: deprecated header seen
2026-01-12 00:33:48.999 [INFO ] api: cache hit
2026-01-12 00:33:49.036 [ERROR] api: upstream 503 after 3 retries
2026-01-12 00:33:50.073 [INFO ] api: user login ok
2026-01-12 00:33:51.110 [DEBUG] api: pool idle=4 active=2
2026-01-12 00:33:52.147 [INFO ] api: job scheduled
2026-01-12 00:33:53.184 [DEBUG] api: ttl=300 key=sess:6418
2026-01-12 00:33:54.221 [INFO ] api: batch flushed
2026-01-12 00:33:55.258 [INFO ] api: user login ok
2026-01-12 00:33:56.295 [INFO ] api: request handled
2026-01-12 00:33:57.332 [WARN ] api: retry 6470/3 upstream slow
2026-01-12 00:33:58.369 [INFO ] api: cache hit
2026-01-12 00:33:59.406 [ERROR] api: null ref in handler #6496
2026-01-12 00:34:00.443 [INFO ] api: user login ok
2026-01-12 00:34:01.480 [DEBUG] api: ttl=300 key=sess:6522
2026-01-12 00:34:02.517 [INFO ] api: job scheduled
2026-01-12 00:34:03.554 [DEBUG] api: pool idle=4 active=2
2026-01-12 00:34:04.591 [INFO ] api: batch flushed
2026-01-12 00:34:05.628 [INFO ] api: user login ok
2026-01-12 00:34:06.665 [INFO ] api: request handled
2026-01-12 00:34:07.702 [WARN ] api: deprecated header seen
2026-01-12 00:34:08.739 [INFO ] api: cache hit
2026-01-12 00:34:09.776 [ERROR] api: upstream 503 after 3 retries
2026-01-12 00:34:10.813 [INFO ] api: user login ok
2026-01-12 00:34:11.850 [DEBUG] api: pool idle=4 active=2
2026-01-12 00:34:12.887 [INFO ] api: job scheduled
2026-01-12 00:34:13.924 [DEBUG] api: ttl=300 key=sess:6678
2026-01-12 00:34:14.961 [INFO ] api: batch flushed
2026-01-12 00:34:15.998 [INFO ] api: user login ok
2026-01-12 00:34:16.035 [INFO ] api: request handled
2026-01-12 00:34:17.072 [WARN ] api: retry 6730/3 upstream slow
2026-01-12 00:34:18.109 [INFO ] api: cache hit
2026-01-12 00:34:19.146 [ERROR] api: null ref in handler #6756
2026-01-12 00:34:20.183 [INFO ] api: user login ok
2026-01-12 00:34:21.220 [DEBUG] api: ttl=300 key=sess:6782
2026-01-12 00:34:22.257 [INFO ] api: job scheduled
2026-01-12 00:34:23.294 [DEBUG] api: pool idle=4 active=2
2026-01-12 00:34:24.331 [INFO ] api: batch flushed
2026-01-12 00:34:25.368 [INFO ] api: user login ok
2026-01-12 00:34:26.405 [INFO ] api: request handled
2026-01-12 00:34:27.442 [WARN ] api: deprecated header seen
2026-01-12 00:34:28.479 [INFO ] api: cache hit
2026-01-12 00:34:29.516 [ERROR] api: upstream 503 after 3 retries
2026-01-12 00:34:30.553 [INFO ] api: user login ok
2026-01-12 00:34:31.590 [DEBUG] api: pool idle=4 active=2
2026-01-12 00:34:32.627 [INFO ] api: job scheduled
2026-01-12 00:34:33.664 [DEBUG] api: ttl=300 key=sess:6938
2026-01-12 00:34:34.701 [INFO ] api: batch flushed
2026-01-12 00:34:35.738 [INFO ] api: user login ok
2026-01-12 00:34:36.775 [INFO ] api: request handled
2026-01-12 00:34:37.812 [WARN ] api: retry 6990/3 upstream slow
2026-01-12 00:34:38.849 [INFO ] api: cache hit
2026-01-12 00:34:39.886 [ERROR] api: null ref in handler #7016
2026-01-12 00:34:40.923 [INFO ] api: user login ok
2026-01-12 00:34:41.960 [DEBUG] api: ttl=300 key=sess:7042
2026-01-12 00:34:42.997 [INFO ] api: job scheduled
2026-01-12 00:34:43.034 [DEBUG] api: pool idle=4 active=2
2026-01-12 00:34:44.071 [INFO ] api: batch flushed
2026-01-12 00:34:45.108 [INFO ] api: user login ok
2026-01-12 00:34:46.145 [INFO ] api: request handled
2026-01-12 00:34:47.182 [WARN ] api: deprecated header seen
2026-01-12 00:34:48.219 [INFO ] api: cache hit
2026-01-12 00:34:49.256 [ERROR] api: upstream 503 after 3 retries
2026-01-12 00:34:50.293 [INFO ] api: user login ok
2026-01-12 00:34:51.330 [DEBUG] api: pool idle=4 active=2
2026-01-12 00:34:52.367 [INFO ] api: job scheduled
2026-01-12 00:34:53.404 [DEBUG] api: ttl=300 key=sess:7198
2026-01-12 00:34:54.441 [INFO ] api: batch flushed
2026-01-12 00:34:55.478 [INFO ] api: user login ok
2026-01-12 00:34:56.515 [INFO ] api: request handled
2026-01-12 00:34:57.552 [WARN ] api: retry 7250/3 upstream slow
2026-01-12 00:34:58.589 [INFO ] api: cache hit
2026-01-12 00:34:59.626 [ERROR] api: null ref in handler #7276
2026-01-12 00:35:00.663 [INFO ] api: user login ok
2026-01-12 00:35:01.700 [DEBUG] api: ttl=300 key=sess:7302
2026-01-12 00:35:02.737 [INFO ] api: job scheduled
2026-01-12 00:35:03.774 [DEBUG] api: pool idle=4 active=2
2026-01-12 00:35:04.811 [INFO ] api: batch flushed
2026-01-12 00:35:05.848 [INFO ] api: user login ok
2026-01-12 00:35:06.885 [INFO ] api: request handled
2026-01-12 00:35:07.922 [WARN ] api: deprecated header seen
2026-01-12 00:35:08.959 [INFO ] api: cache hit
2026-01-12 00:35:09.996 [ERROR] api: upstream 503 after 3 retries
2026-01-12 00:35:10.033 [INFO ] api: user login ok
2026-01-12 00:35:11.070 [DEBUG] api: pool idle=4 active=2
2026-01-12 00:35:12.107 [INFO ] api: job scheduled
2026-01-12 00:35:13.144 [DEBUG] api: ttl=300 key=sess:7458
2026-01-12 00:35:14.181 [INFO ] api: batch flushed
2026-01-12 00:35:15.218 [INFO ] api: user login ok
2026-01-12 00:35:16.255 [INFO ] api: request handled
2026-01-12 00:35:17.292 [WARN ] api: retry 7510/3 upstream slow
2026-01-12 00:35:18.329 [INFO ] api: cache hit
2026-01-12 00:35:19.366 [ERROR] api: null ref in handler #7536
2026-01-12 00:35:20.403 [INFO ] api: user login ok
2026-01-12 00:35:21.440 [DEBUG] api: ttl=300 key=sess:7562
2026-01-12 00:35:22.477 [INFO ] api: job scheduled
2026-01-12 00:35:23.514 [DEBUG] api: pool idle=4 active=2
2026-01-12 00:35:24.551 [INFO ] api: batch flushed
2026-01-12 00:35:25.588 [INFO ] api: user login ok
2026-01-12 00:35:26.625 [INFO ] api: request handled
2026-01-12 00:35:27.662 [WARN ] api: deprecated header seen
2026-01-12 00:35:28.699 [INFO ] api: cache hit
2026-01-12 00:35:29.736 [ERROR] api: upstream 503 after 3 retries
2026-01-12 00:35:30.773 [INFO ] api: user login ok
2026-01-12 00:35:31.810 [DEBUG] api: pool idle=4 active=2
2026-01-12 00:35:32.847 [INFO ] api: job scheduled
2026-01-12 00:35:33.884 [DEBUG] api: ttl=300 key=sess:7718
2026-01-12 00:35:34.921 [INFO ] api: batch flushed
2026-01-12 00:35:35.958 [INFO ] api: user login ok
2026-01-12 00:35:36.995 [INFO ] api: request handled
2026-01-12 00:35:37.032 [WARN ] api: retry 7770/3 upstream slow
2026-01-12 00:35:38.069 [INFO ] api: cache hit
2026-01-12 00:35:39.106 [ERROR] api: null ref in handler #7796
2026-01-12 00:35:40.143 [INFO ] api: user login ok
2026-01-12 00:35:41.180 [DEBUG] api: ttl=300 key=sess:7822
2026-01-12 00:35:42.217 [INFO ] api: job scheduled
2026-01-12 00:35:43.254 [DEBUG] api: pool idle=4 active=2
2026-01-12 00:35:44.291 [INFO ] api: batch flushed
2026-01-12 00:35:45.328 [INFO ] api: user login ok
2026-01-12 00:35:46.365 [INFO ] api: request handled
2026-01-12 00:35:47.402 [WARN ] api: deprecated header seen
2026-01-12 00:35:48.439 [INFO ] api: cache hit
2026-01-12 00:35:49.476 [ERROR] api: upstream 503 after 3 retries
2026-01-12 00:35:50.513 [INFO ] api: user login ok
2026-01-12 00:35:51.550 [DEBUG] api: pool idle=4 active=2
2026-01-12 00:35:52.587 [INFO ] api: job scheduled
2026-01-12 00:35:53.624 [DEBUG] api: ttl=300 key=sess:7978
2026-01-12 00:35:54.661 [INFO ] api: batch flushed
2026-01-12 00:35:55.698 [INFO ] api: user login ok
2026-01-12 00:35:56.735 [INFO ] api: request handled
2026-01-12 00:35:57.772 [WARN ] api: retry 8030/3 upstream slow
2026-01-12 00:35:58.809 [INFO ] api: cache hit
2026-01-12 00:35:59.846 [ERROR] api: null ref in handler #8056
2026-01-12 00:36:00.883 [INFO ] api: user login ok
2026-01-12 00:36:01.920 [DEBUG] api: ttl=300 key=sess:8082
2026-01-12 00:36:02.957 [INFO ] api: job scheduled
2026-01-12 00:36:03.994 [DEBUG] api: pool idle=4 active=2
2026-01-12 00:36:04.031 [INFO ] api: batch flushed
2026-01-12 00:36:05.068 [INFO ] api: user login ok
2026-01-12 00:36:06.105 [INFO ] api: request handled
2026-01-12 00:36:07.142 [WARN ] api: deprecated header seen
2026-01-12 00:36:08.179 [INFO ] api: cache hit
2026-01-12 00:36:09.216 [ERROR] api: upstream 503 after 3 retries
2026-01-12 00:36:10.253 [INFO ] api: user login ok
2026-01-12 00:36:11.290 [DEBUG] api: pool idle=4 active=2
2026-01-12 00:36:12.327 [INFO ] api: job scheduled
2026-01-12 00:36:13.364 [DEBUG] api: ttl=300 key=sess:8238
2026-01-12 00:36:14.401 [INFO ] api: batch flushed
2026-01-12 00:36:15.438 [INFO ] api: user login ok
2026-01-12 00:36:16.475 [INFO ] api: request handled
2026-01-12 00:36:17.512 [WARN ] api: retry 8290/3 upstream slow
2026-01-12 00:36:18.549 [INFO ] api: cache hit
2026-01-12 00:36:19.586 [ERROR] api: null ref in handler #8316
2026-01-12 00:36:20.623 [INFO ] api: user login ok
2026-01-12 00:36:21.660 [DEBUG] api: ttl=300 key=sess:8342
2026-01-12 00:36:22.697 [INFO ] api: job scheduled
2026-01-12 00:36:23.734 [DEBUG] api: pool idle=4 active=2
2026-01-12 00:36:24.771 [INFO ] api: batch flushed
2026-01-12 00:36:25.808 [INFO ] api: user login ok
2026-01-12 00:36:26.845 [INFO ] api: request handled
2026-01-12 00:36:27.882 [WARN ] api: deprecated header seen
2026-01-12 00:36:28.919 [INFO ] api: cache hit
2026-01-12 00:36:29.956 [ERROR] api: upstream 503 after 3 retries
2026-01-12 00:36:30.993 [INFO ] api: user login ok
2026-01-12 00:36:31.030 [DEBUG] api: pool idle=4 active=2
2026-01-12 00:36:32.067 [INFO ] api: job scheduled
2026-01-12 00:36:33.104 [DEBUG] api: ttl=300 key=sess:8498
2026-01-12 00:36:34.141 [INFO ] api: batch flushed
2026-01-12 00:36:35.178 [INFO ] api: user login ok
2026-01-12 00:36:36.215 [INFO ] api: request handled
2026-01-12 00:36:37.252 [WARN ] api: retry 8550/3 upstream slow
2026-01-12 00:36:38.289 [INFO ] api: cache hit
2026-01-12 00:36:39.326 [ERROR] api: null ref in handler #8576
2026-01-12 00:36:40.363 [INFO ] api: user login ok
2026-01-12 00:36:41.400 [DEBUG] api: ttl=300 key=sess:8602
2026-01-12 00:36:42.437 [INFO ] api: job scheduled
2026-01-12 00:36:43.474 [DEBUG] api: pool idle=4 active=2
2026-01-12 00:36:44.511 [INFO ] api: batch flushed
2026-01-12 00:36:45.548 [INFO ] api: user login ok
2026-01-12 00:36:46.585 [INFO ] api: request handled
2026-01-12 00:36:47.622 [WARN ] api: deprecated header seen
2026-01-12 00:36:48.659 [INFO ] api: cache hit
2026-01-12 00:36:49.696 [ERROR] api: upstream 503 after 3 retries
2026-01-12 00:36:50.733 [INFO ] api: user login ok
2026-01-12 00:36:51.770 [DEBUG] api: pool idle=4 active=2
2026-01-12 00:36:52.807 [INFO ] api: job scheduled
2026-01-12 00:36:53.844 [DEBUG] api: ttl=300 key=sess:8758
2026-01-12 00:36:54.881 [INFO ] api: batch flushed
2026-01-12 00:36:55.918 [INFO ] api: user login ok
2026-01-12 00:36:56.955 [INFO ] api: request handled
2026-01-12 00:36:57.992 [WARN ] api: retry 8810/3 upstream slow
2026-01-12 00:36:58.029 [INFO ] api: cache hit
2026-01-12 00:36:59.066 [ERROR] api: null ref in handler #8836
2026-01-12 00:37:00.103 [INFO ] api: user login ok
2026-01-12 00:37:01.140 [DEBUG] api: ttl=300 key=sess:8862
2026-01-12 00:37:02.177 [INFO ] api: job scheduled
2026-01-12 00:37:03.214 [DEBUG] api: pool idle=4 active=2
2026-01-12 00:37:04.251 [INFO ] api: batch flushed
2026-01-12 00:37:05.288 [INFO ] api: user login ok
2026-01-12 00:37:06.325 [INFO ] api: request handled
2026-01-12 00:37:07.362 [WARN ] api: deprecated header seen
2026-01-12 00:37:08.399 [INFO ] api: cache hit
2026-01-12 00:37:09.436 [ERROR] api: upstream 503 after 3 retries
2026-01-12 00:37:10.473 [INFO ] api: user login ok
2026-01-12 00:37:11.510 [DEBUG] api: pool idle=4 active=2
2026-01-12 00:37:12.547 [INFO ] api: job scheduled
2026-01-12 00:37:13.584 [DEBUG] api: ttl=300 key=sess:9018
2026-01-12 00:37:14.621 [INFO ] api: batch flushed
2026-01-12 00:37:15.658 [INFO ] api: user login ok
2026-01-12 00:37:16.695 [INFO ] api: request handled
2026-01-12 00:37:17.732 [WARN ] api: retry 9070/3 upstream slow
2026-01-12 00:37:18.769 [INFO ] api: cache hit
2026-01-12 00:37:19.806 [ERROR] api: null ref in handler #9096
2026-01-12 00:37:20.843 [INFO ] api: user login ok
2026-01-12 00:37:21.880 [DEBUG] api: ttl=300 key=sess:9122
2026-01-12 00:37:22.917 [INFO ] api: job scheduled
2026-01-12 00:37:23.954 [DEBUG] api: pool idle=4 active=2
2026-01-12 00:37:24.991 [INFO ] api: batch flushed
2026-01-12 00:37:25.028 [INFO ] api: user login ok
2026-01-12 00:37:26.065 [INFO ] api: request handled
2026-01-12 00:37:27.102 [WARN ] api: deprecated header seen
2026-01-12 00:37:28.139 [INFO ] api: cache hit
2026-01-12 00:37:29.176 [ERROR] api: upstream 503 after 3 retries
2026-01-12 00:37:30.213 [INFO ] api: user login ok
2026-01-12 00:37:31.250 [DEBUG] api: pool idle=4 active=2
2026-01-12 00:37:32.287 [INFO ] api: job scheduled
2026-01-12 00:37:33.324 [DEBUG] api: ttl=300 key=sess:9278
2026-01-12 00:37:34.361 [INFO ] api: batch flushed
2026-01-12 00:37:35.398 [INFO ] api: user login ok
2026-01-12 00:37:36.435 [INFO ] api: request handled
2026-01-12 00:37:37.472 [WARN ] api: retry 9330/3 upstream slow
2026-01-12 00:37:38.509 [INFO ] api: cache hit
2026-01-12 00:37:39.546 [ERROR] api: null ref in handler #9356
2026-01-12 00:37:40.583 [INFO ] api: user login ok
2026-01-12 00:37:41.620 [DEBUG] api: ttl=300 key=sess:9382
2026-01-12 00:37:42.657 [INFO ] api: job scheduled
2026-01-12 00:37:43.694 [DEBUG] api: pool idle=4 active=2
2026-01-12 00:37:44.731 [INFO ] api: batch flushed
2026-01-12 00:37:45.768 [INFO ] api: user login ok
2026-01-12 00:37:46.805 [INFO ] api: request handled
2026-01-12 00:37:47.842 [WARN ] api: deprecated header seen
2026-01-12 00:37:48.879 [INFO ] api: cache hit
2026-01-12 00:37:49.916 [ERROR] api: upstream 503 after 3 retries
2026-01-12 00:37:50.953 [INFO ] api: user login ok
2026-01-12 00:37:51.990 [DEBUG] api: pool idle=4 active=2
2026-01-12 00:37:52.027 [INFO ] api: job scheduled
2026-01-12 00:37:53.064 [DEBUG] api: ttl=300 key=sess:9538
2026-01-12 00:37:54.101 [INFO ] api: batch flushed
2026-01-12 00:37:55.138 [INFO ] api: user login ok
2026-01-12 00:37:56.175 [INFO ] api: request handled
2026-01-12 00:37:57.212 [WARN ] api: retry 9590/3 upstream slow
2026-01-12 00:37:58.249 [INFO ] api: cache hit
2026-01-12 00:37:59.286 [ERROR] api: null ref in handler #9616
2026-01-12 00:38:00.323 [INFO ] api: user login ok
2026-01-12 00:38:01.360 [DEBUG] api: ttl=300 key=sess:9642
2026-01-12 00:38:02.397 [INFO ] api: job scheduled
2026-01-12 00:38:03.434 [DEBUG] api: pool idle=4 active=2
2026-01-12 00:38:04.471 [INFO ] api: batch flushed
2026-01-12 00:38:05.508 [INFO ] api: user login ok
2026-01-12 00:38:06.545 [INFO ] api: request handled
2026-01-12 00:38:07.582 [WARN ] api: deprecated header seen
2026-01-12 00:38:08.619 [INFO ] api: cache hit
2026-01-12 00:38:09.656 [ERROR] api: upstream 503 after 3 retries
2026-01-12 00:38:10.693 [INFO ] api: user login ok
2026-01-12 00:38:11.730 [DEBUG] api: pool idle=4 active=2
2026-01-12 00:38:12.767 [INFO ] api: job scheduled
2026-01-12 00:38:13.804 [DEBUG] api: ttl=300 key=sess:9798
2026-01-12 00:38:14.841 [INFO ] api: batch flushed
2026-01-12 00:38:15.878 [INFO ] api: user login ok
2026-01-12 00:38:16.915 [INFO ] api: request handled
2026-01-12 00:38:17.952 [WARN ] api: retry 9850/3 upstream slow
2026-01-12 00:38:18.989 [INFO ] api: cache hit
2026-01-12 00:38:19.026 [ERROR] api: null ref in handler #9876
2026-01-12 00:38:20.063 [INFO ] api: user login ok
2026-01-12 00:38:21.100 [DEBUG] api: ttl=300 key=sess:9902
2026-01-12 00:38:22.137 [INFO ] api: job scheduled
2026-01-12 00:38:23.174 [DEBUG] api: pool idle=4 active=2
2026-01-12 00:38:24.211 [INFO ] api: batch flushed
2026-01-12 00:38:25.248 [INFO ] api: user login ok
2026-01-12 00:38:26.285 [INFO ] api: request handled
2026-01-12 00:38:27.322 [WARN ] api: deprecated header seen
2026-01-12 00:38:28.359 [INFO ] api: cache hit
2026-01-12 00:38:29.396 [ERROR] api: upstream 503 after 3 retries
2026-01-12 00:38:30.433 [INFO ] api: user login ok
2026-01-12 00:38:31.470 [DEBUG] api: pool idle=4 active=2
2026-01-12 00:38:32.507 [INFO ] api: job scheduled
2026-01-12 00:38:33.544 [DEBUG] api: ttl=300 key=sess:59
2026-01-12 00:38:34.581 [INFO ] api: batch flushed
2026-01-12 00:38:35.618 [INFO ] api: user login ok
2026-01-12 00:38:36.655 [INFO ] api: request handled
2026-01-12 00:38:37.692 [WARN ] api: retry 111/3 upstream slow
2026-01-12 00:38:38.729 [INFO ] api: cache hit
2026-01-12 00:38:39.766 [ERROR] api: null ref in handler #137
2026-01-12 00:38:40.803 [INFO ] api: user login ok
2026-01-12 00:38:41.840 [DEBUG] api: ttl=300 key=sess:163
2026-01-12 00:38:42.877 [INFO ] api: job scheduled
2026-01-12 00:38:43.914 [DEBUG] api: pool idle=4 active=2
2026-01-12 00:38:44.951 [INFO ] api: batch flushed
2026-01-12 00:38:45.988 [INFO ] api: user login ok
2026-01-12 00:38:46.025 [INFO ] api: request handled
2026-01-12 00:38:47.062 [WARN ] api: deprecated header seen
2026-01-12 00:38:48.099 [INFO ] api: cache hit
2026-01-12 00:38:49.136 [ERROR] api: upstream 503 after 3 retries
2026-01-12 00:38:50.173 [INFO ] api: user login ok
2026-01-12 00:38:51.210 [DEBUG] api: pool idle=4 active=2
2026-01-12 00:38:52.247 [INFO ] api: job scheduled
2026-01-12 00:38:53.284 [DEBUG] api: ttl=300 key=sess:319
2026-01-12 00:38:54.321 [INFO ] api: batch flushed
2026-01-12 00:38:55.358 [INFO ] api: user login ok
2026-01-12 00:38:56.395 [INFO ] api: request handled
2026-01-12 00:38:57.432 [WARN ] api: retry 371/3 upstream slow
2026-01-12 00:38:58.469 [INFO ] api: cache hit
2026-01-12 00:38:59.506 [ERROR] api: null ref in handler #397
2026-01-12 00:39:00.543 [INFO ] api: user login ok
2026-01-12 00:39:01.580 [DEBUG] api: ttl=300 key=sess:423
2026-01-12 00:39:02.617 [INFO ] api: job scheduled
2026-01-12 00:39:03.654 [DEBUG] api: pool idle=4 active=2
2026-01-12 00:39:04.691 [INFO ] api: batch flushed
2026-01-12 00:39:05.728 [INFO ] api: user login ok
2026-01-12 00:39:06.765 [INFO ] api: request handled
2026-01-12 00:39:07.802 [WARN ] api: deprecated header seen
2026-01-12 00:39:08.839 [INFO ] api: cache hit
2026-01-12 00:39:09.876 [ERROR] api: upstream 503 after 3 retries
2026-01-12 00:39:10.913 [INFO ] api: user login ok
2026-01-12 00:39:11.950 [DEBUG] api: pool idle=4 active=2
2026-01-12 00:39:12.987 [INFO ] api: job scheduled
2026-01-12 00:39:13.024 [DEBUG] api: ttl=300 key=sess:579
2026-01-12 00:39:14.061 [INFO ] api: batch flushed
2026-01-12 00:39:15.098 [INFO ] api: user login ok
2026-01-12 00:39:16.135 [INFO ] api: request handled
2026-01-12 00:39:17.172 [WARN ] api: retry 631/3 upstream slow
2026-01-12 00:39:18.209 [INFO ] api: cache hit
2026-01-12 00:39:19.246 [ERROR] api: null ref in handler #657
2026-01-12 00:39:20.283 [INFO ] api: user login ok
2026-01-12 00:39:21.320 [DEBUG] api: ttl=300 key=sess:683
2026-01-12 00:39:22.357 [INFO ] api: job scheduled
2026-01-12 00:39:23.394 [DEBUG] api: pool idle=4 active=2
2026-01-12 00:39:24.431 [INFO ] api: batch flushed
2026-01-12 00:39:25.468 [INFO ] api: user login ok
2026-01-12 00:39:26.505 [INFO ] api: request handled
2026-01-12 00:39:27.542 [WARN ] api: deprecated header seen
2026-01-12 00:39:28.579 [INFO ] api: cache hit
2026-01-12 00:39:29.616 [ERROR] api: upstream 503 after 3 retries
2026-01-12 00:39:30.653 [INFO ] api: user login ok
2026-01-12 00:39:31.690 [DEBUG] api: pool idle=4 active=2
2026-01-12 00:39:32.727 [INFO ] api: job scheduled
2026-01-12 00:39:33.764 [DEBUG] api: ttl=300 key=sess:839
2026-01-12 00:39:34.801 [INFO ] api: batch flushed
2026-01-12 00:39:35.838 [INFO ] api: user login ok
2026-01-12 00:39:36.875 [INFO ] api: request handled
2026-01-12 00:39:37.912 [WARN ] api: retry 891/3 upstream slow
2026-01-12 00:39:38.949 [INFO ] api: cache hit
2026-01-12 00:39:39.986 [ERROR] api: null ref in handler #917
2026-01-12 00:39:40.023 [INFO ] api: user login ok
2026-01-12 00:39:41.060 [DEBUG] api: ttl=300 key=sess:943
2026-01-12 00:39:42.097 [INFO ] api: job scheduled
2026-01-12 00:39:43.134 [DEBUG] api: pool idle=4 active=2
2026-01-12 00:39:44.171 [INFO ] api: batch flushed
2026-01-12 00:39:45.208 [INFO ] api: user login ok
2026-01-12 00:39:46.245 [INFO ] api: request handled
2026-01-12 00:39:47.282 [WARN ] api: deprecated header seen
2026-01-12 00:39:48.319 [INFO ] api: cache hit
2026-01-12 00:39:49.356 [ERROR] api: upstream 503 after 3 retries
2026-01-12 00:39:50.393 [INFO ] api: user login ok
2026-01-12 00:39:51.430 [DEBUG] api: pool idle=4 active=2
2026-01-12 00:39:52.467 [INFO ] api: job scheduled
2026-01-12 00:39:53.504 [DEBUG] api: ttl=300 key=sess:1099
2026-01-12 00:39:54.541 [INFO ] api: batch flushed
2026-01-12 00:39:55.578 [INFO ] api: user login ok
2026-01-12 00:39:56.615 [INFO ] api: request handled
2026-01-12 00:39:57.652 [WARN ] api: retry 1151/3 upstream slow
2026-01-12 00:39:58.689 [INFO ] api: cache hit
2026-01-12 00:39:59.726 [ERROR] api: null ref in handler #1177
2026-01-12 00:40:00.763 [INFO ] api: user login ok
2026-01-12 00:40:01.800 [DEBUG] api: ttl=300 key=sess:1203
2026-01-12 00:40:02.837 [INFO ] api: job scheduled
2026-01-12 00:40:03.874 [DEBUG] api: pool idle=4 active=2
2026-01-12 00:40:04.911 [INFO ] api: batch flushed
2026-01-12 00:40:05.948 [INFO ] api: user login ok
2026-01-12 00:40:06.985 [INFO ] api: request handled
2026-01-12 00:40:07.022 [WARN ] api: deprecated header seen
2026-01-12 00:40:08.059 [INFO ] api: cache hit
2026-01-12 00:40:09.096 [ERROR] api: upstream 503 after 3 retries
2026-01-12 00:40:10.133 [INFO ] api: user login ok
2026-01-12 00:40:11.170 [DEBUG] api: pool idle=4 active=2
2026-01-12 00:40:12.207 [INFO ] api: job scheduled
2026-01-12 00:40:13.244 [DEBUG] api: ttl=300 key=sess:1359
2026-01-12 00:40:14.281 [INFO ] api: batch flushed
2026-01-12 00:40:15.318 [INFO ] api: user login ok
2026-01-12 00:40:16.355 [INFO ] api: request handled
2026-01-12 00:40:17.392 [WARN ] api: retry 1411/3 upstream slow
2026-01-12 00:40:18.429 [INFO ] api: cache hit
2026-01-12 00:40:19.466 [ERROR] api: null ref in handler #1437
2026-01-12 00:40:20.503 [INFO ] api: user login ok
2026-01-12 00:40:21.540 [DEBUG] api: ttl=300 key=sess:1463
2026-01-12 00:40:22.577 [INFO ] api: job scheduled
2026-01-12 00:40:23.614 [DEBUG] api: pool idle=4 active=2
2026-01-12 00:40:24.651 [INFO ] api: batch flushed
2026-01-12 00:40:25.688 [INFO ] api: user login ok
2026-01-12 00:40:26.725 [INFO ] api: request handled
2026-01-12 00:40:27.762 [WARN ] api: deprecated header seen
2026-01-12 00:40:28.799 [INFO ] api: cache hit
2026-01-12 00:40:29.836 [ERROR] api: upstream 503 after 3 retries
2026-01-12 00:40:30.873 [INFO ] api: user login ok
2026-01-12 00:40:31.910 [DEBUG] api: pool idle=4 active=2
2026-01-12 00:40:32.947 [INFO ] api: job scheduled
2026-01-12 00:40:33.984 [DEBUG] api: ttl=300 key=sess:1619
2026-01-12 00:40:34.021 [INFO ] api: batch flushed
2026-01-12 00:40:35.058 [INFO ] api: user login ok
2026-01-12 00:40:36.095 [INFO ] api: request handled
2026-01-12 00:40:37.132 [WARN ] api: retry 1671/3 upstream slow
2026-01-12 00:40:38.169 [INFO ] api: cache hit
2026-01-12 00:40:39.206 [ERROR] api: null ref in handler #1697
2026-01-12 00:40:40.243 [INFO ] api: user login ok
2026-01-12 00:40:41.280 [DEBUG] api: ttl=300 key=sess:1723
2026-01-12 00:40:42.317 [INFO ] api: job scheduled
2026-01-12 00:40:43.354 [DEBUG] api: pool idle=4 active=2
2026-01-12 00:40:44.391 [INFO ] api: batch flushed
2026-01-12 00:40:45.428 [INFO ] api: user login ok
2026-01-12 00:40:46.465 [INFO ] api: request handled
2026-01-12 00:40:47.502 [WARN ] api: deprecated header seen
2026-01-12 00:40:48.539 [INFO ] api: cache hit
2026-01-12 00:40:49.576 [ERROR] api: upstream 503 after 3 retries
2026-01-12 00:40:50.613 [INFO ] api: user login ok
2026-01-12 00:40:51.650 [DEBUG] api: pool idle=4 active=2
2026-01-12 00:40:52.687 [INFO ] api: job scheduled
2026-01-12 00:40:53.724 [DEBUG] api: ttl=300 key=sess:1879
2026-01-12 00:40:54.761 [INFO ] api: batch flushed
2026-01-12 00:40:55.798 [INFO ] api: user login ok
2026-01-12 00:40:56.835 [INFO ] api: request handled
2026-01-12 00:40:57.872 [WARN ] api: retry 1931/3 upstream slow
2026-01-12 00:40:58.909 [INFO ] api: cache hit
2026-01-12 00:40:59.946 [ERROR] api: null ref in handler #1957
2026-01-12 00:41:00.983 [INFO ] api: user login ok
2026-01-12 00:41:01.020 [DEBUG] api: ttl=300 key=sess:1983
2026-01-12 00:41:02.057 [INFO ] api: job scheduled
2026-01-12 00:41:03.094 [DEBUG] api: pool idle=4 active=2
2026-01-12 00:41:04.131 [INFO ] api: batch flushed
2026-01-12 00:41:05.168 [INFO ] api: user login ok
2026-01-12 00:41:06.205 [INFO ] api: request handled
2026-01-12 00:41:07.242 [WARN ] api: deprecated header seen
2026-01-12 00:41:08.279 [INFO ] api: cache hit
2026-01-12 00:41:09.316 [ERROR] api: upstream 503 after 3 retries
2026-01-12 00:41:10.353 [INFO ] api: user login ok
2026-01-12 00:41:11.390 [DEBUG] api: pool idle=4 active=2
2026-01-12 00:41:12.427 [INFO ] api: job scheduled
2026-01-12 00:41:13.464 [DEBUG] api: ttl=300 key=sess:2139
2026-01-12 00:41:14.501 [INFO ] api: batch flushed
2026-01-12 00:41:15.538 [INFO ] api: user login ok
2026-01-12 00:41:16.575 [INFO ] api: request handled
2026-01-12 00:41:17.612 [WARN ] api: retry 2191/3 upstream slow
2026-01-12 00:41:18.649 [INFO ] api: cache hit
2026-01-12 00:41:19.686 [ERROR] api: null ref in handler #2217
2026-01-12 00:41:20.723 [INFO ] api: user login ok
2026-01-12 00:41:21.760 [DEBUG] api: ttl=300 key=sess:2243
2026-01-12 00:41:22.797 [INFO ] api: job scheduled
2026-01-12 00:41:23.834 [DEBUG] api: pool idle=4 active=2
2026-01-12 00:41:24.871 [INFO ] api: batch flushed
2026-01-12 00:41:25.908 [INFO ] api: user login ok
2026-01-12 00:41:26.945 [INFO ] api: request handled
2026-01-12 00:41:27.982 [WARN ] api: deprecated header seen
2026-01-12 00:41:28.019 [INFO ] api: cache hit
2026-01-12 00:41:29.056 [ERROR] api: upstream 503 after 3 retries
2026-01-12 00:41:30.093 [INFO ] api: user login ok
2026-01-12 00:41:31.130 [DEBUG] api: pool idle=4 active=2
2026-01-12 00:41:32.167 [INFO ] api: job scheduled
2026-01-12 00:41:33.204 [DEBUG] api: ttl=300 key=sess:2399
2026-01-12 00:41:34.241 [INFO ] api: batch flushed
2026-01-12 00:41:35.278 [INFO ] api: user login ok
2026-01-12 00:41:36.315 [INFO ] api: request handled
2026-01-12 00:41:37.352 [WARN ] api: retry 2451/3 upstream slow
2026-01-12 00:41:38.389 [INFO ] api: cache hit
2026-01-12 00:41:39.426 [ERROR] api: null ref in handler #2477
2026-01-12 00:41:40.463 [INFO ] api: user login ok
2026-01-12 00:41:41.500 [DEBUG] api: ttl=300 key=sess:2503
2026-01-12 00:41:42.537 [INFO ] api: job scheduled
2026-01-12 00:41:43.574 [DEBUG] api: pool idle=4 active=2
2026-01-12 00:41:44.611 [INFO ] api: batch flushed
2026-01-12 00:41:45.648 [INFO ] api: user login ok
2026-01-12 00:41:46.685 [INFO ] api: request handled
2026-01-12 00:41:47.722 [WARN ] api: deprecated header seen
2026-01-12 00:41:48.759 [INFO ] api: cache hit
2026-01-12 00:41:49.796 [ERROR] api: upstream 503 after 3 retries
2026-01-12 00:41:50.833 [INFO ] api: user login ok
2026-01-12 00:41:51.870 [DEBUG] api: pool idle=4 active=2
2026-01-12 00:41:52.907 [INFO ] api: job scheduled
2026-01-12 00:41:53.944 [DEBUG] api: ttl=300 key=sess:2659
2026-01-12 00:41:54.981 [INFO ] api: batch flushed
2026-01-12 00:41:55.018 [INFO ] api: user login ok
2026-01-12 00:41:56.055 [INFO ] api: request handled
2026-01-12 00:41:57.092 [WARN ] api: retry 2711/3 upstream slow
2026-01-12 00:41:58.129 [INFO ] api: cache hit
2026-01-12 00:41:59.166 [ERROR] api: null ref in handler #2737
2026-01-12 00:42:00.203 [INFO ] api: user login ok
2026-01-12 00:42:01.240 [DEBUG] api: ttl=300 key=sess:2763
2026-01-12 00:42:02.277 [INFO ] api: job scheduled
2026-01-12 00:42:03.314 [DEBUG] api: pool idle=4 active=2
2026-01-12 00:42:04.351 [INFO ] api: batch flushed
2026-01-12 00:42:05.388 [INFO ] api: user login ok
2026-01-12 00:42:06.425 [INFO ] api: request handled
2026-01-12 00:42:07.462 [WARN ] api: deprecated header seen
2026-01-12 00:42:08.499 [INFO ] api: cache hit
2026-01-12 00:42:09.536 [ERROR] api: upstream 503 after 3 retries
2026-01-12 00:42:10.573 [INFO ] api: user login ok
2026-01-12 00:42:11.610 [DEBUG] api: pool idle=4 active=2
2026-01-12 00:42:12.647 [INFO ] api: job scheduled
2026-01-12 00:42:13.684 [DEBUG] api: ttl=300 key=sess:2919
2026-01-12 00:42:14.721 [INFO ] api: batch flushed
2026-01-12 00:42:15.758 [INFO ] api: user login ok
2026-01-12 00:42:16.795 [INFO ] api: request handled
2026-01-12 00:42:17.832 [WARN ] api: retry 2971/3 upstream slow
2026-01-12 00:42:18.869 [INFO ] api: cache hit
2026-01-12 00:42:19.906 [ERROR] api: null ref in handler #2997
2026-01-12 00:42:20.943 [INFO ] api: user login ok
2026-01-12 00:42:21.980 [DEBUG] api: ttl=300 key=sess:3023
2026-01-12 00:42:22.017 [INFO ] api: job scheduled
2026-01-12 00:42:23.054 [DEBUG] api: pool idle=4 active=2
2026-01-12 00:42:24.091 [INFO ] api: batch flushed
2026-01-12 00:42:25.128 [INFO ] api: user login ok
2026-01-12 00:42:26.165 [INFO ] api: request handled
2026-01-12 00:42:27.202 [WARN ] api: deprecated header seen
2026-01-12 00:42:28.239 [INFO ] api: cache hit
2026-01-12 00:42:29.276 [ERROR] api: upstream 503 after 3 retries
2026-01-12 00:42:30.313 [INFO ] api: user login ok
2026-01-12 00:42:31.350 [DEBUG] api: pool idle=4 active=2
2026-01-12 00:42:32.387 [INFO ] api: job scheduled
2026-01-12 00:42:33.424 [DEBUG] api: ttl=300 key=sess:3179
2026-01-12 00:42:34.461 [INFO ] api: batch flushed
2026-01-12 00:42:35.498 [INFO ] api: user login ok
2026-01-12 00:42:36.535 [INFO ] api: request handled
2026-01-12 00:42:37.572 [WARN ] api: retry 3231/3 upstream slow
2026-01-12 00:42:38.609 [INFO ] api: cache hit
2026-01-12 00:42:39.646 [ERROR] api: null ref in handler #3257
2026-01-12 00:42:40.683 [INFO ] api: user login ok
2026-01-12 00:42:41.720 [DEBUG] api: ttl=300 key=sess:3283
2026-01-12 00:42:42.757 [INFO ] api: job scheduled
2026-01-12 00:42:43.794 [DEBUG] api: pool idle=4 active=2
2026-01-12 00:42:44.831 [INFO ] api: batch flushed
2026-01-12 00:42:45.868 [INFO ] api: user login ok
2026-01-12 00:42:46.905 [INFO ] api: request handled
2026-01-12 00:42:47.942 [WARN ] api: deprecated header seen
2026-01-12 00:42:48.979 [INFO ] api: cache hit
2026-01-12 00:42:49.016 [ERROR] api: upstream 503 after 3 retries
2026-01-12 00:42:50.053 [INFO ] api: user login ok
2026-01-12 00:42:51.090 [DEBUG] api: pool idle=4 active=2
2026-01-12 00:42:52.127 [INFO ] api: job scheduled
2026-01-12 00:42:53.164 [DEBUG] api: ttl=300 key=sess:3439
2026-01-12 00:42:54.201 [INFO ] api: batch flushed
2026-01-12 00:42:55.238 [INFO ] api: user login ok
2026-01-12 00:42:56.275 [INFO ] api: request handled
2026-01-12 00:42:57.312 [WARN ] api: retry 3491/3 upstream slow
2026-01-12 00:42:58.349 [INFO ] api: cache hit
2026-01-12 00:42:59.386 [ERROR] api: null ref in handler #3517
2026-01-12 00:43:00.423 [INFO ] api: user login ok
2026-01-12 00:43:01.460 [DEBUG] api: ttl=300 key=sess:3543
2026-01-12 00:43:02.497 [INFO ] api: job scheduled
2026-01-12 00:43:03.534 [DEBUG] api: pool idle=4 active=2
2026-01-12 00:43:04.571 [INFO ] api: batch flushed
2026-01-12 00:43:05.608 [INFO ] api: user login ok
2026-01-12 00:43:06.645 [INFO ] api: request handled
2026-01-12 00:43:07.682 [WARN ] api: deprecated header seen
2026-01-12 00:43:08.719 [INFO ] api: cache hit
2026-01-12 00:43:09.756 [ERROR] api: upstream 503 after 3 retries
2026-01-12 00:43:10.793 [INFO ] api: user login ok
2026-01-12 00:43:11.830 [DEBUG] api: pool idle=4 active=2
2026-01-12 00:43:12.867 [INFO ] api: job scheduled
2026-01-12 00:43:13.904 [DEBUG] api: ttl=300 key=sess:3699
2026-01-12 00:43:14.941 [INFO ] api: batch flushed
2026-01-12 00:43:15.978 [INFO ] api: user login ok
2026-01-12 00:43:16.015 [INFO ] api: request handled
2026-01-12 00:43:17.052 [WARN ] api: retry 3751/3 upstream slow
2026-01-12 00:43:18.089 [INFO ] api: cache hit
2026-01-12 00:43:19.126 [ERROR] api: null ref in handler #3777
2026-01-12 00:43:20.163 [INFO ] api: user login ok
2026-01-12 00:43:21.200 [DEBUG] api: ttl=300 key=sess:3803
2026-01-12 00:43:22.237 [INFO ] api: job scheduled
2026-01-12 00:43:23.274 [DEBUG] api: pool idle=4 active=2
2026-01-12 00:43:24.311 [INFO ] api: batch flushed
2026-01-12 00:43:25.348 [INFO ] api: user login ok
2026-01-12 00:43:26.385 [INFO ] api: request handled
2026-01-12 00:43:27.422 [WARN ] api: deprecated header seen
2026-01-12 00:43:28.459 [INFO ] api: cache hit
2026-01-12 00:43:29.496 [ERROR] api: upstream 503 after 3 retries
2026-01-12 00:43:30.533 [INFO ] api: user login ok
2026-01-12 00:43:31.570 [DEBUG] api: pool idle=4 active=2
2026-01-12 00:43:32.607 [INFO ] api: job scheduled
2026-01-12 00:43:33.644 [DEBUG] api: ttl=300 key=sess:3959
2026-01-12 00:43:34.681 [INFO ] api: batch flushed
2026-01-12 00:43:35.718 [INFO ] api: user login ok
2026-01-12 00:43:36.755 [INFO ] api: request handled
2026-01-12 00:43:37.792 [WARN ] api: retry 4011/3 upstream slow
2026-01-12 00:43:38.829 [INFO ] api: cache hit
2026-01-12 00:43:39.866 [ERROR] api: null ref in handler #4037
2026-01-12 00:43:40.903 [INFO ] api: user login ok
2026-01-12 00:43:41.940 [DEBUG] api: ttl=300 key=sess:4063
2026-01-12 00:43:42.977 [INFO ] api: job scheduled
2026-01-12 00:43:43.014 [DEBUG] api: pool idle=4 active=2
2026-01-12 00:43:44.051 [INFO ] api: batch flushed
2026-01-12 00:43:45.088 [INFO ] api: user login ok
2026-01-12 00:43:46.125 [INFO ] api: request handled
2026-01-12 00:43:47.162 [WARN ] api: deprecated header seen
2026-01-12 00:43:48.199 [INFO ] api: cache hit
2026-01-12 00:43:49.236 [ERROR] api: upstream 503 after 3 retries
2026-01-12 00:43:50.273 [INFO ] api: user login ok
2026-01-12 00:43:51.310 [DEBUG] api: pool idle=4 active=2
2026-01-12 00:43:52.347 [INFO ] api: job scheduled
2026-01-12 00:43:53.384 [DEBUG] api: ttl=300 key=sess:4219
2026-01-12 00:43:54.421 [INFO ] api: batch flushed
2026-01-12 00:43:55.458 [INFO ] api: user login ok
2026-01-12 00:43:56.495 [INFO ] api: request handled
2026-01-12 00:43:57.532 [WARN ] api: retry 4271/3 upstream slow
2026-01-12 00:43:58.569 [INFO ] api: cache hit
2026-01-12 00:43:59.606 [ERROR] api: null ref in handler #4297
2026-01-12 00:44:00.643 [INFO ] api: user login ok
2026-01-12 00:44:01.680 [DEBUG] api: ttl=300 key=sess:4323
2026-01-12 00:44:02.717 [INFO ] api: job scheduled
2026-01-12 00:44:03.754 [DEBUG] api: pool idle=4 active=2
2026-01-12 00:44:04.791 [INFO ] api: batch flushed
2026-01-12 00:44:05.828 [INFO ] api: user login ok
2026-01-12 00:44:06.865 [INFO ] api: request handled
2026-01-12 00:44:07.902 [WARN ] api: deprecated header seen
2026-01-12 00:44:08.939 [INFO ] api: cache hit
2026-01-12 00:44:09.976 [ERROR] api: upstream 503 after 3 retries
2026-01-12 00:44:10.013 [INFO ] api: user login ok
2026-01-12 00:44:11.050 [DEBUG] api: pool idle=4 active=2
2026-01-12 00:44:12.087 [INFO ] api: job scheduled
2026-01-12 00:44:13.124 [DEBUG] api: ttl=300 key=sess:4479
2026-01-12 00:44:14.161 [INFO ] api: batch flushed
2026-01-12 00:44:15.198 [INFO ] api: user login ok
2026-01-12 00:44:16.235 [INFO ] api: request handled
2026-01-12 00:44:17.272 [WARN ] api: retry 4531/3 upstream slow
2026-01-12 00:44:18.309 [INFO ] api: cache hit
2026-01-12 00:44:19.346 [ERROR] api: null ref in handler #4557
2026-01-12 00:44:20.383 [INFO ] api: user login ok
2026-01-12 00:44:21.420 [DEBUG] api: ttl=300 key=sess:4583
2026-01-12 00:44:22.457 [INFO ] api: job scheduled
2026-01-12 00:44:23.494 [DEBUG] api: pool idle=4 active=2
2026-01-12 00:44:24.531 [INFO ] api: batch flushed
2026-01-12 00:44:25.568 [INFO ] api: user login ok
2026-01-12 00:44:26.605 [INFO ] api: request handled
2026-01-12 00:44:27.642 [WARN ] api: deprecated header seen
2026-01-12 00:44:28.679 [INFO ] api: cache hit
2026-01-12 00:44:29.716 [ERROR] api: upstream 503 after 3 retries
2026-01-12 00:44:30.753 [INFO ] api: user login ok
2026-01-12 00:44:31.790 [DEBUG] api: pool idle=4 active=2
2026-01-12 00:44:32.827 [INFO ] api: job scheduled
2026-01-12 00:44:33.864 [DEBUG] api: ttl=300 key=sess:4739
2026-01-12 00:44:34.901 [INFO ] api: batch flushed
2026-01-12 00:44:35.938 [INFO ] api: user login ok
2026-01-12 00:44:36.975 [INFO ] api: request handled
2026-01-12 00:44:37.012 [WARN ] api: retry 4791/3 upstream slow
2026-01-12 00:44:38.049 [INFO ] api: cache hit
2026-01-12 00:44:39.086 [ERROR] api: null ref in handler #4817
2026-01-12 00:44:40.123 [INFO ] api: user login ok
2026-01-12 00:44:41.160 [DEBUG] api: ttl=300 key=sess:4843
2026-01-12 00:44:42.197 [INFO ] api: job scheduled
2026-01-12 00:44:43.234 [DEBUG] api: pool idle=4 active=2
2026-01-12 00:44:44.271 [INFO ] api: batch flushed
2026-01-12 00:44:45.308 [INFO ] api: user login ok
2026-01-12 00:44:46.345 [INFO ] api: request handled
2026-01-12 00:44:47.382 [WARN ] api: deprecated header seen
2026-01-12 00:44:48.419 [INFO ] api: cache hit
2026-01-12 00:44:49.456 [ERROR] api: upstream 503 after 3 retries
2026-01-12 00:44:50.493 [INFO ] api: user login ok
2026-01-12 00:44:51.530 [DEBUG] api: pool idle=4 active=2
2026-01-12 00:44:52.567 [INFO ] api: job scheduled
2026-01-12 00:44:53.604 [DEBUG] api: ttl=300 key=sess:4999
2026-01-12 00:44:54.641 [INFO ] api: batch flushed
2026-01-12 00:44:55.678 [INFO ] api: user login ok
2026-01-12 00:44:56.715 [INFO ] api: request handled
2026-01-12 00:44:57.752 [WARN ] api: retry 5051/3 upstream slow
2026-01-12 00:44:58.789 [INFO ] api: cache hit
2026-01-12 00:44:59.826 [ERROR] api: null ref in handler #5077
2026-01-12 00:45:00.863 [INFO ] api: user login ok
2026-01-12 00:45:01.900 [DEBUG] api: ttl=300 key=sess:5103
2026-01-12 00:45:02.937 [INFO ] api: job scheduled
2026-01-12 00:45:03.974 [DEBUG] api: pool idle=4 active=2
2026-01-12 00:45:04.011 [INFO ] api: batch flushed
2026-01-12 00:45:05.048 [INFO ] api: user login ok
2026-01-12 00:45:06.085 [INFO ] api: request handled
2026-01-12 00:45:07.122 [WARN ] api: deprecated header seen
2026-01-12 00:45:08.159 [INFO ] api: cache hit
2026-01-12 00:45:09.196 [ERROR] api: upstream 503 after 3 retries
2026-01-12 00:45:10.233 [INFO ] api: user login ok
2026-01-12 00:45:11.270 [DEBUG] api: pool idle=4 active=2
2026-01-12 00:45:12.307 [INFO ] api: job scheduled
2026-01-12 00:45:13.344 [DEBUG] api: ttl=300 key=sess:5259
2026-01-12 00:45:14.381 [INFO ] api: batch flushed
2026-01-12 00:45:15.418 [INFO ] api: user login ok
2026-01-12 00:45:16.455 [INFO ] api: request handled
2026-01-12 00:45:17.492 [WARN ] api: retry 5311/3 upstream slow
2026-01-12 00:45:18.529 [INFO ] api: cache hit
2026-01-12 00:45:19.566 [ERROR] api: null ref in handler #5337
2026-01-12 00:45:20.603 [INFO ] api: user login ok
2026-01-12 00:45:21.640 [DEBUG] api: ttl=300 key=sess:5363
2026-01-12 00:45:22.677 [INFO ] api: job scheduled
2026-01-12 00:45:23.714 [DEBUG] api: pool idle=4 active=2
2026-01-12 00:45:24.751 [INFO ] api: batch flushed
2026-01-12 00:45:25.788 [INFO ] api: user login ok
2026-01-12 00:45:26.825 [INFO ] api: request handled
2026-01-12 00:45:27.862 [WARN ] api: deprecated header seen
2026-01-12 00:45:28.899 [INFO ] api: cache hit
2026-01-12 00:45:29.936 [ERROR] api: upstream 503 after 3 retries
2026-01-12 00:45:30.973 [INFO ] api: user login ok
2026-01-12 00:45:31.010 [DEBUG] api: pool idle=4 active=2
2026-01-12 00:45:32.047 [INFO ] api: job scheduled
2026-01-12 00:45:33.084 [DEBUG] api: ttl=300 key=sess:5519
2026-01-12 00:45:34.121 [INFO ] api: batch flushed
2026-01-12 00:45:35.158 [INFO ] api: user login ok
2026-01-12 00:45:36.195 [INFO ] api: request handled
2026-01-12 00:45:37.232 [WARN ] api: retry 5571/3 upstream slow
2026-01-12 00:45:38.269 [INFO ] api: cache hit
2026-01-12 00:45:39.306 [ERROR] api: null ref in handler #5597
2026-01-12 00:45:40.343 [INFO ] api: user login ok
2026-01-12 00:45:41.380 [DEBUG] api: ttl=300 key=sess:5623
2026-01-12 00:45:42.417 [INFO ] api: job scheduled
2026-01-12 00:45:43.454 [DEBUG] api: pool idle=4 active=2
2026-01-12 00:45:44.491 [INFO ] api: batch flushed
2026-01-12 00:45:45.528 [INFO ] api: user login ok
2026-01-12 00:45:46.565 [INFO ] api: request handled
2026-01-12 00:45:47.602 [WARN ] api: deprecated header seen
2026-01-12 00:45:48.639 [INFO ] api: cache hit
2026-01-12 00:45:49.676 [ERROR] api: upstream 503 after 3 retries
2026-01-12 00:45:50.713 [INFO ] api: user login ok
2026-01-12 00:45:51.750 [DEBUG] api: pool idle=4 active=2
2026-01-12 00:45:52.787 [INFO ] api: job scheduled
2026-01-12 00:45:53.824 [DEBUG] api: ttl=300 key=sess:5779
2026-01-12 00:45:54.861 [INFO ] api: batch flushed
2026-01-12 00:45:55.898 [INFO ] api: user login ok
2026-01-12 00:45:56.935 [INFO ] api: request handled
2026-01-12 00:45:57.972 [WARN ] api: retry 5831/3 upstream slow
2026-01-12 00:45:58.009 [INFO ] api: cache hit
2026-01-12 00:45:59.046 [ERROR] api: null ref in handler #5857
2026-01-12 00:46:00.083 [INFO ] api: user login ok
2026-01-12 00:46:01.120 [DEBUG] api: ttl=300 key=sess:5883
2026-01-12 00:46:02.157 [INFO ] api: job scheduled
2026-01-12 00:46:03.194 [DEBUG] api: pool idle=4 active=2
2026-01-12 00:46:04.231 [INFO ] api: batch flushed
2026-01-12 00:46:05.268 [INFO ] api: user login ok
2026-01-12 00:46:06.305 [INFO ] api: request handled
2026-01-12 00:46:07.342 [WARN ] api: deprecated header seen
2026-01-12 00:46:08.379 [INFO ] api: cache hit
2026-01-12 00:46:09.416 [ERROR] api: upstream 503 after 3 retries
2026-01-12 00:46:10.453 [INFO ] api: user login ok
2026-01-12 00:46:11.490 [DEBUG] api: pool idle=4 active=2
2026-01-12 00:46:12.527 [INFO ] api: job scheduled
2026-01-12 00:46:13.564 [DEBUG] api: ttl=300 key=sess:6039
2026-01-12 00:46:14.601 [INFO ] api: batch flushed
2026-01-12 00:46:15.638 [INFO ] api: user login ok
2026-01-12 00:46:16.675 [INFO ] api: request handled
2026-01-12 00:46:17.712 [WARN ] api: retry 6091/3 upstream slow
2026-01-12 00:46:18.749 [INFO ] api: cache hit
2026-01-12 00:46:19.786 [ERROR] api: null ref in handler #6117
2026-01-12 00:46:20.823 [INFO ] api: user login ok
2026-01-12 00:46:21.860 [DEBUG] api: ttl=300 key=sess:6143
2026-01-12 00:46:22.897 [INFO ] api: job scheduled
2026-01-12 00:46:23.934 [DEBUG] api: pool idle=4 active=2
2026-01-12 00:46:24.971 [INFO ] api: batch flushed
2026-01-12 00:46:25.008 [INFO ] api: user login ok
2026-01-12 00:46:26.045 [INFO ] api: request handled
2026-01-12 00:46:27.082 [WARN ] api: deprecated header seen
2026-01-12 00:46:28.119 [INFO ] api: cache hit
2026-01-12 00:46:29.156 [ERROR] api: upstream 503 after 3 retries
2026-01-12 00:46:30.193 [INFO ] api: user login ok
2026-01-12 00:46:31.230 [DEBUG] api: pool idle=4 active=2
2026-01-12 00:46:32.267 [INFO ] api: job scheduled
2026-01-12 00:46:33.304 [DEBUG] api: ttl=300 key=sess:6299
2026-01-12 00:46:34.341 [INFO ] api: batch flushed
2026-01-12 00:46:35.378 [INFO ] api: user login ok
2026-01-12 00:46:36.415 [INFO ] api: request handled
2026-01-12 00:46:37.452 [WARN ] api: retry 6351/3 upstream slow
2026-01-12 00:46:38.489 [INFO ] api: cache hit
2026-01-12 00:46:39.526 [ERROR] api: null ref in handler #6377
2026-01-12 00:46:40.563 [INFO ] api: user login ok
2026-01-12 00:46:41.600 [DEBUG] api: ttl=300 key=sess:6403
2026-01-12 00:46:42.637 [INFO ] api: job scheduled
2026-01-12 00:46:43.674 [DEBUG] api: pool idle=4 active=2
2026-01-12 00:46:44.711 [INFO ] api: batch flushed
2026-01-12 00:46:45.748 [INFO ] api: user login ok
2026-01-12 00:46:46.785 [INFO ] api: request handled
2026-01-12 00:46:47.822 [WARN ] api: deprecated header seen
2026-01-12 00:46:48.859 [INFO ] api: cache hit
2026-01-12 00:46:49.896 [ERROR] api: upstream 503 after 3 retries
2026-01-12 00:46:50.933 [INFO ] api: user login ok
2026-01-12 00:46:51.970 [DEBUG] api: pool idle=4 active=2
2026-01-12 00:46:52.007 [INFO ] api: job scheduled
2026-01-12 00:46:53.044 [DEBUG] api: ttl=300 key=sess:6559
2026-01-12 00:46:54.081 [INFO ] api: batch flushed
2026-01-12 00:46:55.118 [INFO ] api: user login ok
2026-01-12 00:46:56.155 [INFO ] api: request handled
2026-01-12 00:46:57.192 [WARN ] api: retry 6611/3 upstream slow
2026-01-12 00:46:58.229 [INFO ] api: cache hit
2026-01-12 00:46:59.266 [ERROR] api: null ref in handler #6637
2026-01-12 00:47:00.303 [INFO ] api: user login ok
2026-01-12 00:47:01.340 [DEBUG] api: ttl=300 key=sess:6663
2026-01-12 00:47:02.377 [INFO ] api: job scheduled
2026-01-12 00:47:03.414 [DEBUG] api: pool idle=4 active=2
2026-01-12 00:47:04.451 [INFO ] api: batch flushed
2026-01-12 00:47:05.488 [INFO ] api: user login ok
2026-01-12 00:47:06.525 [INFO ] api: request handled
2026-01-12 00:47:07.562 [WARN ] api: deprecated header seen
2026-01-12 00:47:08.599 [INFO ] api: cache hit
2026-01-12 00:47:09.636 [ERROR] api: upstream 503 after 3 retries
2026-01-12 00:47:10.673 [INFO ] api: user login ok
2026-01-12 00:47:11.710 [DEBUG] api: pool idle=4 active=2
2026-01-12 00:47:12.747 [INFO ] api: job scheduled
2026-01-12 00:47:13.784 [DEBUG] api: ttl=300 key=sess:6819
2026-01-12 00:47:14.821 [INFO ] api: batch flushed
2026-01-12 00:47:15.858 [INFO ] api: user login ok
2026-01-12 00:47:16.895 [INFO ] api: request handled
2026-01-12 00:47:17.932 [WARN ] api: retry 6871/3 upstream slow
2026-01-12 00:47:18.969 [INFO ] api: cache hit
2026-01-12 00:47:19.006 [ERROR] api: null ref in handler #6897
2026-01-12 00:47:20.043 [INFO ] api: user login ok
2026-01-12 00:47:21.080 [DEBUG] api: ttl=300 key=sess:6923
2026-01-12 00:47:22.117 [INFO ] api: job scheduled
2026-01-12 00:47:23.154 [DEBUG] api: pool idle=4 active=2
2026-01-12 00:47:24.191 [INFO ] api: batch flushed
2026-01-12 00:47:25.228 [INFO ] api: user login ok
2026-01-12 00:47:26.265 [INFO ] api: request handled
2026-01-12 00:47:27.302 [WARN ] api: deprecated header seen
2026-01-12 00:47:28.339 [INFO ] api: cache hit
2026-01-12 00:47:29.376 [ERROR] api: upstream 503 after 3 retries
2026-01-12 00:47:30.413 [INFO ] api: user login ok
2026-01-12 00:47:31.450 [DEBUG] api: pool idle=4 active=2
2026-01-12 00:47:32.487 [INFO ] api: job scheduled
2026-01-12 00:47:33.524 [DEBUG] api: ttl=300 key=sess:7079
2026-01-12 00:47:34.561 [INFO ] api: batch flushed
2026-01-12 00:47:35.598 [INFO ] api: user login ok
2026-01-12 00:47:36.635 [INFO ] api: request handled
2026-01-12 00:47:37.672 [WARN ] api: retry 7131/3 upstream slow
2026-01-12 00:47:38.709 [INFO ] api: cache hit
2026-01-12 00:47:39.746 [ERROR] api: null ref in handler #7157
2026-01-12 00:47:40.783 [INFO ] api: user login ok
2026-01-12 00:47:41.820 [DEBUG] api: ttl=300 key=sess:7183
2026-01-12 00:47:42.857 [INFO ] api: job scheduled
2026-01-12 00:47:43.894 [DEBUG] api: pool idle=4 active=2
2026-01-12 00:47:44.931 [INFO ] api: batch flushed
2026-01-12 00:47:45.968 [INFO ] api: user login ok
2026-01-12 00:47:46.005 [INFO ] api: request handled
2026-01-12 00:47:47.042 [WARN ] api: deprecated header seen
2026-01-12 00:47:48.079 [INFO ] api: cache hit
2026-01-12 00:47:49.116 [ERROR] api: upstream 503 after 3 retries
2026-01-12 00:47:50.153 [INFO ] api: user login ok
2026-01-12 00:47:51.190 [DEBUG] api: pool idle=4 active=2
2026-01-12 00:47:52.227 [INFO ] api: job scheduled
2026-01-12 00:47:53.264 [DEBUG] api: ttl=300 key=sess:7339
2026-01-12 00:47:54.301 [INFO ] api: batch flushed
2026-01-12 00:47:55.338 [INFO ] api: user login ok
2026-01-12 00:47:56.375 [INFO ] api: request handled
2026-01-12 00:47:57.412 [WARN ] api: retry 7391/3 upstream slow
2026-01-12 00:47:58.449 [INFO ] api: cache hit
2026-01-12 00:47:59.486 [ERROR] api: null ref in handler #7417
2026-01-12 00:48:00.523 [INFO ] api: user login ok
2026-01-12 00:48:01.560 [DEBUG] api: ttl=300 key=sess:7443
2026-01-12 00:48:02.597 [INFO ] api: job scheduled
2026-01-12 00:48:03.634 [DEBUG] api: pool idle=4 active=2
2026-01-12 00:48:04.671 [INFO ] api: batch flushed
2026-01-12 00:48:05.708 [INFO ] api: user login ok
2026-01-12 00:48:06.745 [INFO ] api: request handled
2026-01-12 00:48:07.782 [WARN ] api: deprecated header seen
2026-01-12 00:48:08.819 [INFO ] api: cache hit
2026-01-12 00:48:09.856 [ERROR] api: upstream 503 after 3 retries
2026-01-12 00:48:10.893 [INFO ] api: user login ok
2026-01-12 00:48:11.930 [DEBUG] api: pool idle=4 active=2
2026-01-12 00:48:12.967 [INFO ] api: job scheduled
2026-01-12 00:48:13.004 [DEBUG] api: ttl=300 key=sess:7599
2026-01-12 00:48:14.041 [INFO ] api: batch flushed
2026-01-12 00:48:15.078 [INFO ] api: user login ok
2026-01-12 00:48:16.115 [INFO ] api: request handled
2026-01-12 00:48:17.152 [WARN ] api: retry 7651/3 upstream slow
2026-01-12 00:48:18.189 [INFO ] api: cache hit
2026-01-12 00:48:19.226 [ERROR] api: null ref in handler #7677
2026-01-12 00:48:20.263 [INFO ] api: user login ok
2026-01-12 00:48:21.300 [DEBUG] api: ttl=300 key=sess:7703
2026-01-12 00:48:22.337 [INFO ] api: job scheduled
2026-01-12 00:48:23.374 [DEBUG] api: pool idle=4 active=2
2026-01-12 00:48:24.411 [INFO ] api: batch flushed
2026-01-12 00:48:25.448 [INFO ] api: user login ok
2026-01-12 00:48:26.485 [INFO ] api: request handled
2026-01-12 00:48:27.522 [WARN ] api: deprecated header seen
2026-01-12 00:48:28.559 [INFO ] api: cache hit
2026-01-12 00:48:29.596 [ERROR] api: upstream 503 after 3 retries
2026-01-12 00:48:30.633 [INFO ] api: user login ok
2026-01-12 00:48:31.670 [DEBUG] api: pool idle=4 active=2
2026-01-12 00:48:32.707 [INFO ] api: job scheduled
2026-01-12 00:48:33.744 [DEBUG] api: ttl=300 key=sess:7859
2026-01-12 00:48:34.781 [INFO ] api: batch flushed
2026-01-12 00:48:35.818 [INFO ] api: user login ok
2026-01-12 00:48:36.855 [INFO ] api: request handled
2026-01-12 00:48:37.892 [WARN ] api: retry 7911/3 upstream slow
2026-01-12 00:48:38.929 [INFO ] api: cache hit
2026-01-12 00:48:39.966 [ERROR] api: null ref in handler #7937
2026-01-12 00:48:40.003 [INFO ] api: user login ok
2026-01-12 00:48:41.040 [DEBUG] api: ttl=300 key=sess:7963
2026-01-12 00:48:42.077 [INFO ] api: job scheduled
2026-01-12 00:48:43.114 [DEBUG] api: pool idle=4 active=2
2026-01-12 00:48:44.151 [INFO ] api: batch flushed
2026-01-12 00:48:45.188 [INFO ] api: user login ok
2026-01-12 00:48:46.225 [INFO ] api: request handled
2026-01-12 00:48:47.262 [WARN ] api: deprecated header seen
2026-01-12 00:48:48.299 [INFO ] api: cache hit
2026-01-12 00:48:49.336 [ERROR] api: upstream 503 after 3 retries
2026-01-12 00:48:50.373 [INFO ] api: user login ok
2026-01-12 00:48:51.410 [DEBUG] api: pool idle=4 active=2
2026-01-12 00:48:52.447 [INFO ] api: job scheduled
2026-01-12 00:48:53.484 [DEBUG] api: ttl=300 key=sess:8119
2026-01-12 00:48:54.521 [INFO ] api: batch flushed
2026-01-12 00:48:55.558 [INFO ] api: user login ok
2026-01-12 00:48:56.595 [INFO ] api: request handled
2026-01-12 00:48:57.632 [WARN ] api: retry 8171/3 upstream slow
2026-01-12 00:48:58.669 [INFO ] api: cache hit
2026-01-12 00:48:59.706 [ERROR] api: null ref in handler #8197
2026-01-12 00:49:00.743 [INFO ] api: user login ok
2026-01-12 00:49:01.780 [DEBUG] api: ttl=300 key=sess:8223
2026-01-12 00:49:02.817 [INFO ] api: job scheduled
2026-01-12 00:49:03.854 [DEBUG] api: pool idle=4 active=2
2026-01-12 00:49:04.891 [INFO ] api: batch flushed
2026-01-12 00:49:05.928 [INFO ] api: user login ok
2026-01-12 00:49:06.965 [INFO ] api: request handled
2026-01-12 00:49:07.002 [WARN ] api: deprecated header seen
2026-01-12 00:49:08.039 [INFO ] api: cache hit
2026-01-12 00:49:09.076 [ERROR] api: upstream 503 after 3 retries
2026-01-12 00:49:10.113 [INFO ] api: user login ok
2026-01-12 00:49:11.150 [DEBUG] api: pool idle=4 active=2
2026-01-12 00:49:12.187 [INFO ] api: job scheduled
2026-01-12 00:49:13.224 [DEBUG] api: ttl=300 key=sess:8379
2026-01-12 00:49:14.261 [INFO ] api: batch flushed
2026-01-12 00:49:15.298 [INFO ] api: user login ok
2026-01-12 00:49:16.335 [INFO ] api: request handled
2026-01-12 00:49:17.372 [WARN ] api: retry 8431/3 upstream slow
2026-01-12 00:49:18.409 [INFO ] api: cache hit
2026-01-12 00:49:19.446 [ERROR] api: null ref in handler #8457
2026-01-12 00:49:20.483 [INFO ] api: user login ok
2026-01-12 00:49:21.520 [DEBUG] api: ttl=300 key=sess:8483
2026-01-12 00:49:22.557 [INFO ] api: job scheduled
2026-01-12 00:49:23.594 [DEBUG] api: pool idle=4 active=2
2026-01-12 00:49:24.631 [INFO ] api: batch flushed
2026-01-12 00:49:25.668 [INFO ] api: user login ok
2026-01-12 00:49:26.705 [INFO ] api: request handled
2026-01-12 00:49:27.742 [WARN ] api: deprecated header seen
2026-01-12 00:49:28.779 [INFO ] api: cache hit
2026-01-12 00:49:29.816 [ERROR] api: upstream 503 after 3 retries
2026-01-12 00:49:30.853 [INFO ] api: user login ok
2026-01-12 00:49:31.890 [DEBUG] api: pool idle=4 active=2
2026-01-12 00:49:32.927 [INFO ] api: job scheduled
2026-01-12 00:49:33.964 [DEBUG] api: ttl=300 key=sess:8639
2026-01-12 00:49:34.001 [INFO ] api: batch flushed
2026-01-12 00:49:35.038 [INFO ] api: user login ok
2026-01-12 00:49:36.075 [INFO ] api: request handled
2026-01-12 00:49:37.112 [WARN ] api: retry 8691/3 upstream slow
2026-01-12 00:49:38.149 [INFO ] api: cache hit
2026-01-12 00:49:39.186 [ERROR] api: null ref in handler #8717
2026-01-12 00:49:40.223 [INFO ] api: user login ok
2026-01-12 00:49:41.260 [DEBUG] api: ttl=300 key=sess:8743
2026-01-12 00:49:42.297 [INFO ] api: job scheduled
2026-01-12 00:49:43.334 [DEBUG] api: pool idle=4 active=2
2026-01-12 00:49:44.371 [INFO ] api: batch flushed
2026-01-12 00:49:45.408 [INFO ] api: user login ok
2026-01-12 00:49:46.445 [INFO ] api: request handled
2026-01-12 00:49:47.482 [WARN ] api: deprecated header seen
2026-01-12 00:49:48.519 [INFO ] api: cache hit
2026-01-12 00:49:49.556 [ERROR] api: upstream 503 after 3 retries
2026-01-12 00:49:50.593 [INFO ] api: user login ok
2026-01-12 00:49:51.630 [DEBUG] api: pool idle=4 active=2
2026-01-12 00:49:52.667 [INFO ] api: job scheduled
2026-01-12 00:49:53.704 [DEBUG] api: ttl=300 key=sess:8899
2026-01-12 00:49:54.741 [INFO ] api: batch flushed
2026-01-12 00:49:55.778 [INFO ] api: user login ok
2026-01-12 00:49:56.815 [INFO ] api: request handled
2026-01-12 00:49:57.852 [WARN ] api: retry 8951/3 upstream slow
2026-01-12 00:49:58.889 [INFO ] api: cache hit
2026-01-12 00:49:59.926 [ERROR] api: null ref in handler #8977
2026-01-12 00:50:00.963 [INFO ] api: user login ok
2026-01-12 00:50:01.000 [DEBUG] api: ttl=300 key=sess:9003
2026-01-12 00:50:02.037 [INFO ] api: job scheduled
2026-01-12 00:50:03.074 [DEBUG] api: pool idle=4 active=2
2026-01-12 00:50:04.111 [INFO ] api: batch flushed
2026-01-12 00:50:05.148 [INFO ] api: user login ok
2026-01-12 00:50:06.185 [INFO ] api: request handled
2026-01-12 00:50:07.222 [WARN ] api: deprecated header seen
2026-01-12 00:50:08.259 [INFO ] api: cache hit
2026-01-12 00:50:09.296 [ERROR] api: upstream 503 after 3 retries
2026-01-12 00:50:10.333 [INFO ] api: user login ok
2026-01-12 00:50:11.370 [DEBUG] api: pool idle=4 active=2
2026-01-12 00:50:12.407 [INFO ] api: job scheduled
2026-01-12 00:50:13.444 [DEBUG] api: ttl=300 key=sess:9159
2026-01-12 00:50:14.481 [INFO ] api: batch flushed
2026-01-12 00:50:15.518 [INFO ] api: user login ok
2026-01-12 00:50:16.555 [INFO ] api: request handled
2026-01-12 00:50:17.592 [WARN ] api: retry 9211/3 upstream slow
2026-01-12 00:50:18.629 [INFO ] api: cache hit
2026-01-12 00:50:19.666 [ERROR] api: null ref in handler #9237
2026-01-12 00:50:20.703 [INFO ] api: user login ok
2026-01-12 00:50:21.740 [DEBUG] api: ttl=300 key=sess:9263
2026-01-12 00:50:22.777 [INFO ] api: job scheduled
2026-01-12 00:50:23.814 [DEBUG] api: pool idle=4 active=2
2026-01-12 00:50:24.851 [INFO ] api: batch flushed
2026-01-12 00:50:25.888 [INFO ] api: user login ok
2026-01-12 00:50:26.925 [INFO ] api: request handled
2026-01-12 00:50:27.962 [WARN ] api: deprecated header seen
2026-01-12 00:50:28.999 [INFO ] api: cache hit
2026-01-12 00:50:29.036 [ERROR] api: upstream 503 after 3 retries
2026-01-12 00:50:30.073 [INFO ] api: user login ok
2026-01-12 00:50:31.110 [DEBUG] api: pool idle=4 active=2
2026-01-12 00:50:32.147 [INFO ] api: job scheduled
2026-01-12 00:50:33.184 [DEBUG] api: ttl=300 key=sess:9419
2026-01-12 00:50:34.221 [INFO ] api: batch flushed
2026-01-12 00:50:35.258 [INFO ] api: user login ok
2026-01-12 00:50:36.295 [INFO ] api: request handled
2026-01-12 00:50:37.332 [WARN ] api: retry 9471/3 upstream slow
2026-01-12 00:50:38.369 [INFO ] api: cache hit
2026-01-12 00:50:39.406 [ERROR] api: null ref in handler #9497
2026-01-12 00:50:40.443 [INFO ] api: user login ok
2026-01-12 00:50:41.480 [DEBUG] api: ttl=300 key=sess:9523
2026-01-12 00:50:42.517 [INFO ] api: job scheduled
2026-01-12 00:50:43.554 [DEBUG] api: pool idle=4 active=2
2026-01-12 00:50:44.591 [INFO ] api: batch flushed
2026-01-12 00:50:45.628 [INFO ] api: user login ok
2026-01-12 00:50:46.665 [INFO ] api: request handled
2026-01-12 00:50:47.702 [WARN ] api: deprecated header seen
2026-01-12 00:50:48.739 [INFO ] api: cache hit
2026-01-12 00:50:49.776 [ERROR] api: upstream 503 after 3 retries
2026-01-12 00:50:50.813 [INFO ] api: user login ok
2026-01-12 00:50:51.850 [DEBUG] api: pool idle=4 active=2
2026-01-12 00:50:52.887 [INFO ] api: job scheduled
2026-01-12 00:50:53.924 [DEBUG] api: ttl=300 key=sess:9679
2026-01-12 00:50:54.961 [INFO ] api: batch flushed
2026-01-12 00:50:55.998 [INFO ] api: user login ok
2026-01-12 00:50:56.035 [INFO ] api: request handled
2026-01-12 00:50:57.072 [WARN ] api: retry 9731/3 upstream slow
2026-01-12 00:50:58.109 [INFO ] api: cache hit
2026-01-12 00:50:59.146 [ERROR] api: null ref in handler #9757
2026-01-12 00:51:00.183 [INFO ] api: user login ok
2026-01-12 00:51:01.220 [DEBUG] api: ttl=300 key=sess:9783
2026-01-12 00:51:02.257 [INFO ] api: job scheduled
2026-01-12 00:51:03.294 [DEBUG] api: pool idle=4 active=2
2026-01-12 00:51:04.331 [INFO ] api: batch flushed
2026-01-12 00:51:05.368 [INFO ] api: user login ok
2026-01-12 00:51:06.405 [INFO ] api: request handled
2026-01-12 00:51:07.442 [WARN ] api: deprecated header seen
2026-01-12 00:51:08.479 [INFO ] api: cache hit
2026-01-12 00:51:09.516 [ERROR] api: upstream 503 after 3 retries
2026-01-12 00:51:10.553 [INFO ] api: user login ok
2026-01-12 00:51:11.590 [DEBUG] api: pool idle=4 active=2
2026-01-12 00:51:12.627 [INFO ] api: job scheduled
2026-01-12 00:51:13.664 [DEBUG] api: ttl=300 key=sess:9939
2026-01-12 00:51:14.701 [INFO ] api: batch flushed
2026-01-12 00:51:15.738 [INFO ] api: user login ok
2026-01-12 00:51:16.775 [INFO ] api: request handled
2026-01-12 00:51:17.812 [WARN ] api: retry 9991/3 upstream slow
2026-01-12 00:51:18.849 [INFO ] api: cache hit
2026-01-12 00:51:19.886 [ERROR] api: null ref in handler #18
2026-01-12 00:51:20.923 [INFO ] api: user login ok
2026-01-12 00:51:21.960 [DEBUG] api: ttl=300 key=sess:44
2026-01-12 00:51:22.997 [INFO ] api: job scheduled
2026-01-12 00:51:23.034 [DEBUG] api: pool idle=4 active=2
2026-01-12 00:51:24.071 [INFO ] api: batch flushed
2026-01-12 00:51:25.108 [INFO ] api: user login ok
2026-01-12 00:51:26.145 [INFO ] api: request handled
2026-01-12 00:51:27.182 [WARN ] api: deprecated header seen
2026-01-12 00:51:28.219 [INFO ] api: cache hit
2026-01-12 00:51:29.256 [ERROR] api: upstream 503 after 3 retries
2026-01-12 00:51:30.293 [INFO ] api: user login ok
2026-01-12 00:51:31.330 [DEBUG] api: pool idle=4 active=2
2026-01-12 00:51:32.367 [INFO ] api: job scheduled
2026-01-12 00:51:33.404 [DEBUG] api: ttl=300 key=sess:200
2026-01-12 00:51:34.441 [INFO ] api: batch flushed
2026-01-12 00:51:35.478 [INFO ] api: user login ok
2026-01-12 00:51:36.515 [INFO ] api: request handled
2026-01-12 00:51:37.552 [WARN ] api: retry 252/3 upstream slow
2026-01-12 00:51:38.589 [INFO ] api: cache hit
2026-01-12 00:51:39.626 [ERROR] api: null ref in handler #278
2026-01-12 00:51:40.663 [INFO ] api: user login ok
2026-01-12 00:51:41.700 [DEBUG] api: ttl=300 key=sess:304
2026-01-12 00:51:42.737 [INFO ] api: job scheduled
2026-01-12 00:51:43.774 [DEBUG] api: pool idle=4 active=2
2026-01-12 00:51:44.811 [INFO ] api: batch flushed
2026-01-12 00:51:45.848 [INFO ] api: user login ok
2026-01-12 00:51:46.885 [INFO ] api: request handled
2026-01-12 00:51:47.922 [WARN ] api: deprecated header seen
2026-01-12 00:51:48.959 [INFO ] api: cache hit
2026-01-12 00:51:49.996 [ERROR] api: upstream 503 after 3 retries
2026-01-12 00:51:50.033 [INFO ] api: user login ok
2026-01-12 00:51:51.070 [DEBUG] api: pool idle=4 active=2
2026-01-12 00:51:52.107 [INFO ] api: job scheduled
2026-01-12 00:51:53.144 [DEBUG] api: ttl=300 key=sess:460
2026-01-12 00:51:54.181 [INFO ] api: batch flushed
2026-01-12 00:51:55.218 [INFO ] api: user login ok
2026-01-12 00:51:56.255 [INFO ] api: request handled
2026-01-12 00:51:57.292 [WARN ] api: retry 512/3 upstream slow
2026-01-12 00:51:58.329 [INFO ] api: cache hit
2026-01-12 00:51:59.366 [ERROR] api: null ref in handler #538
2026-01-12 00:52:00.403 [INFO ] api: user login ok
2026-01-12 00:52:01.440 [DEBUG] api: ttl=300 key=sess:564
2026-01-12 00:52:02.477 [INFO ] api: job scheduled
2026-01-12 00:52:03.514 [DEBUG] api: pool idle=4 active=2
2026-01-12 00:52:04.551 [INFO ] api: batch flushed
2026-01-12 00:52:05.588 [INFO ] api: user login ok
2026-01-12 00:52:06.625 [INFO ] api: request handled
2026-01-12 00:52:07.662 [WARN ] api: deprecated header seen
2026-01-12 00:52:08.699 [INFO ] api: cache hit
2026-01-12 00:52:09.736 [ERROR] api: upstream 503 after 3 retries
2026-01-12 00:52:10.773 [INFO ] api: user login ok
2026-01-12 00:52:11.810 [DEBUG] api: pool idle=4 active=2
2026-01-12 00:52:12.847 [INFO ] api: job scheduled
2026-01-12 00:52:13.884 [DEBUG] api: ttl=300 key=sess:720
2026-01-12 00:52:14.921 [INFO ] api: batch flushed
2026-01-12 00:52:15.958 [INFO ] api: user login ok
2026-01-12 00:52:16.995 [INFO ] api: request handled
2026-01-12 00:52:17.032 [WARN ] api: retry 772/3 upstream slow
2026-01-12 00:52:18.069 [INFO ] api: cache hit
2026-01-12 00:52:19.106 [ERROR] api: null ref in handler #798
2026-01-12 00:52:20.143 [INFO ] api: user login ok
2026-01-12 00:52:21.180 [DEBUG] api: ttl=300 key=sess:824
2026-01-12 00:52:22.217 [INFO ] api: job scheduled
2026-01-12 00:52:23.254 [DEBUG] api: pool idle=4 active=2
2026-01-12 00:52:24.291 [INFO ] api: batch flushed
2026-01-12 00:52:25.328 [INFO ] api: user login ok
2026-01-12 00:52:26.365 [INFO ] api: request handled
2026-01-12 00:52:27.402 [WARN ] api: deprecated header seen
2026-01-12 00:52:28.439 [INFO ] api: cache hit
2026-01-12 00:52:29.476 [ERROR] api: upstream 503 after 3 retries
2026-01-12 00:52:30.513 [INFO ] api: user login ok
2026-01-12 00:52:31.550 [DEBUG] api: pool idle=4 active=2
2026-01-12 00:52:32.587 [INFO ] api: job scheduled
2026-01-12 00:52:33.624 [DEBUG] api: ttl=300 key=sess:980
2026-01-12 00:52:34.661 [INFO ] api: batch flushed
2026-01-12 00:52:35.698 [INFO ] api: user login ok
2026-01-12 00:52:36.735 [INFO ] api: request handled
2026-01-12 00:52:37.772 [WARN ] api: retry 1032/3 upstream slow
2026-01-12 00:52:38.809 [INFO ] api: cache hit
2026-01-12 00:52:39.846 [ERROR] api: null ref in handler #1058
2026-01-12 00:52:40.883 [INFO ] api: user login ok
2026-01-12 00:52:41.920 [DEBUG] api: ttl=300 key=sess:1084
2026-01-12 00:52:42.957 [INFO ] api: job scheduled
2026-01-12 00:52:43.994 [DEBUG] api: pool idle=4 active=2
2026-01-12 00:52:44.031 [INFO ] api: batch flushed
2026-01-12 00:52:45.068 [INFO ] api: user login ok
2026-01-12 00:52:46.105 [INFO ] api: request handled
2026-01-12 00:52:47.142 [WARN ] api: deprecated header seen
2026-01-12 00:52:48.179 [INFO ] api: cache hit
2026-01-12 00:52:49.216 [ERROR] api: upstream 503 after 3 retries
2026-01-12 00:52:50.253 [INFO ] api: user login ok
2026-01-12 00:52:51.290 [DEBUG] api: pool idle=4 active=2
2026-01-12 00:52:52.327 [INFO ] api: job scheduled
2026-01-12 00:52:53.364 [DEBUG] api: ttl=300 key=sess:1240
2026-01-12 00:52:54.401 [INFO ] api: batch flushed
2026-01-12 00:52:55.438 [INFO ] api: user login ok
2026-01-12 00:52:56.475 [INFO ] api: request handled
2026-01-12 00:52:57.512 [WARN ] api: retry 1292/3 upstream slow
2026-01-12 00:52:58.549 [INFO ] api: cache hit
2026-01-12 00:52:59.586 [ERROR] api: null ref in handler #1318
2026-01-12 00:53:00.623 [INFO ] api: user login ok
2026-01-12 00:53:01.660 [DEBUG] api: ttl=300 key=sess:1344
2026-01-12 00:53:02.697 [INFO ] api: job scheduled
2026-01-12 00:53:03.734 [DEBUG] api: pool idle=4 active=2
2026-01-12 00:53:04.771 [INFO ] api: batch flushed
2026-01-12 00:53:05.808 [INFO ] api: user login ok
2026-01-12 00:53:06.845 [INFO ] api: request handled
2026-01-12 00:53:07.882 [WARN ] api: deprecated header seen
2026-01-12 00:53:08.919 [INFO ] api: cache hit
2026-01-12 00:53:09.956 [ERROR] api: upstream 503 after 3 retries
2026-01-12 00:53:10.993 [INFO ] api: user login ok
2026-01-12 00:53:11.030 [DEBUG] api: pool idle=4 active=2
2026-01-12 00:53:12.067 [INFO ] api: job scheduled
2026-01-12 00:53:13.104 [DEBUG] api: ttl=300 key=sess:1500
2026-01-12 00:53:14.141 [INFO ] api: batch flushed
2026-01-12 00:53:15.178 [INFO ] api: user login ok
2026-01-12 00:53:16.215 [INFO ] api: request handled
2026-01-12 00:53:17.252 [WARN ] api: retry 1552/3 upstream slow
2026-01-12 00:53:18.289 [INFO ] api: cache hit
2026-01-12 00:53:19.326 [ERROR] api: null ref in handler #1578
2026-01-12 00:53:20.363 [INFO ] api: user login ok
2026-01-12 00:53:21.400 [DEBUG] api: ttl=300 key=sess:1604
2026-01-12 00:53:22.437 [INFO ] api: job scheduled
2026-01-12 00:53:23.474 [DEBUG] api: pool idle=4 active=2
2026-01-12 00:53:24.511 [INFO ] api: batch flushed
2026-01-12 00:53:25.548 [INFO ] api: user login ok
2026-01-12 00:53:26.585 [INFO ] api: request handled
2026-01-12 00:53:27.622 [WARN ] api: deprecated header seen
2026-01-12 00:53:28.659 [INFO ] api: cache hit
2026-01-12 00:53:29.696 [ERROR] api: upstream 503 after 3 retries
2026-01-12 00:53:30.733 [INFO ] api: user login ok
2026-01-12 00:53:31.770 [DEBUG] api: pool idle=4 active=2
2026-01-12 00:53:32.807 [INFO ] api: job scheduled
2026-01-12 00:53:33.844 [DEBUG] api: ttl=300 key=sess:1760
2026-01-12 00:53:34.881 [INFO ] api: batch flushed
2026-01-12 00:53:35.918 [INFO ] api: user login ok
2026-01-12 00:53:36.955 [INFO ] api: request handled
2026-01-12 00:53:37.992 [WARN ] api: retry 1812/3 upstream slow
2026-01-12 00:53:38.029 [INFO ] api: cache hit
2026-01-12 00:53:39.066 [ERROR] api: null ref in handler #1838
2026-01-12 00:53:40.103 [INFO ] api: user login ok
2026-01-12 00:53:41.140 [DEBUG] api: ttl=300 key=sess:1864
2026-01-12 00:53:42.177 [INFO ] api: job scheduled
2026-01-12 00:53:43.214 [DEBUG] api: pool idle=4 active=2
2026-01-12 00:53:44.251 [INFO ] api: batch flushed
2026-01-12 00:53:45.288 [INFO ] api: user login ok
2026-01-12 00:53:46.325 [INFO ] api: request handled
2026-01-12 00:53:47.362 [WARN ] api: deprecated header seen
2026-01-12 00:53:48.399 [INFO ] api: cache hit
2026-01-12 00:53:49.436 [ERROR] api: upstream 503 after 3 retries
2026-01-12 00:53:50.473 [INFO ] api: user login ok
2026-01-12 00:53:51.510 [DEBUG] api: pool idle=4 active=2
2026-01-12 00:53:52.547 [INFO ] api: job scheduled
2026-01-12 00:53:53.584 [DEBUG] api: ttl=300 key=sess:2020
2026-01-12 00:53:54.621 [INFO ] api: batch flushed
2026-01-12 00:53:55.658 [INFO ] api: user login ok
2026-01-12 00:53:56.695 [INFO ] api: request handled
2026-01-12 00:53:57.732 [WARN ] api: retry 2072/3 upstream slow
2026-01-12 00:53:58.769 [INFO ] api: cache hit
2026-01-12 00:53:59.806 [ERROR] api: null ref in handler #2098
2026-01-12 00:54:00.843 [INFO ] api: user login ok
2026-01-12 00:54:01.880 [DEBUG] api: ttl=300 key=sess:2124
2026-01-12 00:54:02.917 [INFO ] api: job scheduled
2026-01-12 00:54:03.954 [DEBUG] api: pool idle=4 active=2
2026-01-12 00:54:04.991 [INFO ] api: batch flushed
2026-01-12 00:54:05.028 [INFO ] api: user login ok
2026-01-12 00:54:06.065 [INFO ] api: request handled
2026-01-12 00:54:07.102 [WARN ] api: deprecated header seen
2026-01-12 00:54:08.139 [INFO ] api: cache hit
2026-01-12 00:54:09.176 [ERROR] api: upstream 503 after 3 retries
2026-01-12 00:54:10.213 [INFO ] api: user login ok
2026-01-12 00:54:11.250 [DEBUG] api: pool idle=4 active=2
2026-01-12 00:54:12.287 [INFO ] api: job scheduled
2026-01-12 00:54:13.324 [DEBUG] api: ttl=300 key=sess:2280
2026-01-12 00:54:14.361 [INFO ] api: batch flushed
2026-01-12 00:54:15.398 [INFO ] api: user login ok
2026-01-12 00:54:16.435 [INFO ] api: request handled
2026-01-12 00:54:17.472 [WARN ] api: retry 2332/3 upstream slow
2026-01-12 00:54:18.509 [INFO ] api: cache hit
2026-01-12 00:54:19.546 [ERROR] api: null ref in handler #2358
2026-01-12 00:54:20.583 [INFO ] api: user login ok
2026-01-12 00:54:21.620 [DEBUG] api: ttl=300 key=sess:2384
2026-01-12 00:54:22.657 [INFO ] api: job scheduled
2026-01-12 00:54:23.694 [DEBUG] api: pool idle=4 active=2
2026-01-12 00:54:24.731 [INFO ] api: batch flushed
2026-01-12 00:54:25.768 [INFO ] api: user login ok
2026-01-12 00:54:26.805 [INFO ] api: request handled
2026-01-12 00:54:27.842 [WARN ] api: deprecated header seen
2026-01-12 00:54:28.879 [INFO ] api: cache hit
2026-01-12 00:54:29.916 [ERROR] api: upstream 503 after 3 retries
2026-01-12 00:54:30.953 [INFO ] api: user login ok
2026-01-12 00:54:31.990 [DEBUG] api: pool idle=4 active=2
2026-01-12 00:54:32.027 [INFO ] api: job scheduled
2026-01-12 00:54:33.064 [DEBUG] api: ttl=300 key=sess:2540
2026-01-12 00:54:34.101 [INFO ] api: batch flushed
2026-01-12 00:54:35.138 [INFO ] api: user login ok
2026-01-12 00:54:36.175 [INFO ] api: request handled
2026-01-12 00:54:37.212 [WARN ] api: retry 2592/3 upstream slow
2026-01-12 00:54:38.249 [INFO ] api: cache hit
2026-01-12 00:54:39.286 [ERROR] api: null ref in handler #2618
2026-01-12 00:54:40.323 [INFO ] api: user login ok
2026-01-12 00:54:41.360 [DEBUG] api: ttl=300 key=sess:2644
2026-01-12 00:54:42.397 [INFO ] api: job scheduled
2026-01-12 00:54:43.434 [DEBUG] api: pool idle=4 active=2
2026-01-12 00:54:44.471 [INFO ] api: batch flushed
2026-01-12 00:54:45.508 [INFO ] api: user login ok
2026-01-12 00:54:46.545 [INFO ] api: request handled
2026-01-12 00:54:47.582 [WARN ] api: deprecated header seen
2026-01-12 00:54:48.619 [INFO ] api: cache hit
2026-01-12 00:54:49.656 [ERROR] api: upstream 503 after 3 retries
2026-01-12 00:54:50.693 [INFO ] api: user login ok
2026-01-12 00:54:51.730 [DEBUG] api: pool idle=4 active=2
2026-01-12 00:54:52.767 [INFO ] api: job scheduled
2026-01-12 00:54:53.804 [DEBUG] api: ttl=300 key=sess:2800
2026-01-12 00:54:54.841 [INFO ] api: batch flushed
2026-01-12 00:54:55.878 [INFO ] api: user login ok
2026-01-12 00:54:56.915 [INFO ] api: request handled
2026-01-12 00:54:57.952 [WARN ] api: retry 2852/3 upstream slow
2026-01-12 00:54:58.989 [INFO ] api: cache hit
2026-01-12 00:54:59.026 [ERROR] api: null ref in handler #2878
2026-01-12 00:55:00.063 [INFO ] api: user login ok
2026-01-12 00:55:01.100 [DEBUG] api: ttl=300 key=sess:2904
2026-01-12 00:55:02.137 [INFO ] api: job scheduled
2026-01-12 00:55:03.174 [DEBUG] api: pool idle=4 active=2
2026-01-12 00:55:04.211 [INFO ] api: batch flushed
2026-01-12 00:55:05.248 [INFO ] api: user login ok
2026-01-12 00:55:06.285 [INFO ] api: request handled
2026-01-12 00:55:07.322 [WARN ] api: deprecated header seen
2026-01-12 00:55:08.359 [INFO ] api: cache hit
2026-01-12 00:55:09.396 [ERROR] api: upstream 503 after 3 retries
2026-01-12 00:55:10.433 [INFO ] api: user login ok
2026-01-12 00:55:11.470 [DEBUG] api: pool idle=4 active=2
2026-01-12 00:55:12.507 [INFO ] api: job scheduled
2026-01-12 00:55:13.544 [DEBUG] api: ttl=300 key=sess:3060
2026-01-12 00:55:14.581 [INFO ] api: batch flushed
2026-01-12 00:55:15.618 [INFO ] api: user login ok
2026-01-12 00:55:16.655 [INFO ] api: request handled
2026-01-12 00:55:17.692 [WARN ] api: retry 3112/3 upstream slow
2026-01-12 00:55:18.729 [INFO ] api: cache hit
2026-01-12 00:55:19.766 [ERROR] api: null ref in handler #3138
2026-01-12 00:55:20.803 [INFO ] api: user login ok
2026-01-12 00:55:21.840 [DEBUG] api: ttl=300 key=sess:3164
2026-01-12 00:55:22.877 [INFO ] api: job scheduled
2026-01-12 00:55:23.914 [DEBUG] api: pool idle=4 active=2
2026-01-12 00:55:24.951 [INFO ] api: batch flushed
2026-01-12 00:55:25.988 [INFO ] api: user login ok
2026-01-12 00:55:26.025 [INFO ] api: request handled
2026-01-12 00:55:27.062 [WARN ] api: deprecated header seen
2026-01-12 00:55:28.099 [INFO ] api: cache hit
2026-01-12 00:55:29.136 [ERROR] api: upstream 503 after 3 retries
2026-01-12 00:55:30.173 [INFO ] api: user login ok
2026-01-12 00:55:31.210 [DEBUG] api: pool idle=4 active=2
2026-01-12 00:55:32.247 [INFO ] api: job scheduled
2026-01-12 00:55:33.284 [DEBUG] api: ttl=300 key=sess:3320
2026-01-12 00:55:34.321 [INFO ] api: batch flushed
2026-01-12 00:55:35.358 [INFO ] api: user login ok
2026-01-12 00:55:36.395 [INFO ] api: request handled
2026-01-12 00:55:37.432 [WARN ] api: retry 3372/3 upstream slow
2026-01-12 00:55:38.469 [INFO ] api: cache hit
2026-01-12 00:55:39.506 [ERROR] api: null ref in handler #3398
2026-01-12 00:55:40.543 [INFO ] api: user login ok
2026-01-12 00:55:41.580 [DEBUG] api: ttl=300 key=sess:3424
2026-01-12 00:55:42.617 [INFO ] api: job scheduled
2026-01-12 00:55:43.654 [DEBUG] api: pool idle=4 active=2
2026-01-12 00:55:44.691 [INFO ] api: batch flushed
2026-01-12 00:55:45.728 [INFO ] api: user login ok
2026-01-12 00:55:46.765 [INFO ] api: request handled
2026-01-12 00:55:47.802 [WARN ] api: deprecated header seen
2026-01-12 00:55:48.839 [INFO ] api: cache hit
2026-01-12 00:55:49.876 [ERROR] api: upstream 503 after 3 retries
2026-01-12 00:55:50.913 [INFO ] api: user login ok
2026-01-12 00:55:51.950 [DEBUG] api: pool idle=4 active=2
2026-01-12 00:55:52.987 [INFO ] api: job scheduled
2026-01-12 00:55:53.024 [DEBUG] api: ttl=300 key=sess:3580
2026-01-12 00:55:54.061 [INFO ] api: batch flushed
2026-01-12 00:55:55.098 [INFO ] api: user login ok
2026-01-12 00:55:56.135 [INFO ] api: request handled
2026-01-12 00:55:57.172 [WARN ] api: retry 3632/3 upstream slow
2026-01-12 00:55:58.209 [INFO ] api: cache hit
2026-01-12 00:55:59.246 [ERROR] api: null ref in handler #3658
2026-01-12 00:56:00.283 [INFO ] api: user login ok
2026-01-12 00:56:01.320 [DEBUG] api: ttl=300 key=sess:3684
2026-01-12 00:56:02.357 [INFO ] api: job scheduled
2026-01-12 00:56:03.394 [DEBUG] api: pool idle=4 active=2
2026-01-12 00:56:04.431 [INFO ] api: batch flushed
2026-01-12 00:56:05.468 [INFO ] api: user login ok
2026-01-12 00:56:06.505 [INFO ] api: request handled
2026-01-12 00:56:07.542 [WARN ] api: deprecated header seen
2026-01-12 00:56:08.579 [INFO ] api: cache hit
2026-01-12 00:56:09.616 [ERROR] api: upstream 503 after 3 retries
2026-01-12 00:56:10.653 [INFO ] api: user login ok
2026-01-12 00:56:11.690 [DEBUG] api: pool idle=4 active=2
2026-01-12 00:56:12.727 [INFO ] api: job scheduled
2026-01-12 00:56:13.764 [DEBUG] api: ttl=300 key=sess:3840
2026-01-12 00:56:14.801 [INFO ] api: batch flushed
2026-01-12 00:56:15.838 [INFO ] api: user login ok
2026-01-12 00:56:16.875 [INFO ] api: request handled
2026-01-12 00:56:17.912 [WARN ] api: retry 3892/3 upstream slow
2026-01-12 00:56:18.949 [INFO ] api: cache hit
2026-01-12 00:56:19.986 [ERROR] api: null ref in handler #3918
2026-01-12 00:56:20.023 [INFO ] api: user login ok
2026-01-12 00:56:21.060 [DEBUG] api: ttl=300 key=sess:3944
2026-01-12 00:56:22.097 [INFO ] api: job scheduled
2026-01-12 00:56:23.134 [DEBUG] api: pool idle=4 active=2
2026-01-12 00:56:24.171 [INFO ] api: batch flushed
2026-01-12 00:56:25.208 [INFO ] api: user login ok
2026-01-12 00:56:26.245 [INFO ] api: request handled
2026-01-12 00:56:27.282 [WARN ] api: deprecated header seen
2026-01-12 00:56:28.319 [INFO ] api: cache hit
2026-01-12 00:56:29.356 [ERROR] api: upstream 503 after 3 retries
2026-01-12 00:56:30.393 [INFO ] api: user login ok
2026-01-12 00:56:31.430 [DEBUG] api: pool idle=4 active=2
2026-01-12 00:56:32.467 [INFO ] api: job scheduled
2026-01-12 00:56:33.504 [DEBUG] api: ttl=300 key=sess:4100
2026-01-12 00:56:34.541 [INFO ] api: batch flushed
2026-01-12 00:56:35.578 [INFO ] api: user login ok
2026-01-12 00:56:36.615 [INFO ] api: request handled
2026-01-12 00:56:37.652 [WARN ] api: retry 4152/3 upstream slow
2026-01-12 00:56:38.689 [INFO ] api: cache hit
2026-01-12 00:56:39.726 [ERROR] api: null ref in handler #4178
2026-01-12 00:56:40.763 [INFO ] api: user login ok
2026-01-12 00:56:41.800 [DEBUG] api: ttl=300 key=sess:4204
2026-01-12 00:56:42.837 [INFO ] api: job scheduled
2026-01-12 00:56:43.874 [DEBUG] api: pool idle=4 active=2
2026-01-12 00:56:44.911 [INFO ] api: batch flushed
2026-01-12 00:56:45.948 [INFO ] api: user login ok
2026-01-12 00:56:46.985 [INFO ] api: request handled
2026-01-12 00:56:47.022 [WARN ] api: deprecated header seen
2026-01-12 00:56:48.059 [INFO ] api: cache hit
2026-01-12 00:56:49.096 [ERROR] api: upstream 503 after 3 retries
2026-01-12 00:56:50.133 [INFO ] api: user login ok
2026-01-12 00:56:51.170 [DEBUG] api: pool idle=4 active=2
2026-01-12 00:56:52.207 [INFO ] api: job scheduled
2026-01-12 00:56:53.244 [DEBUG] api: ttl=300 key=sess:4360
2026-01-12 00:56:54.281 [INFO ] api: batch flushed
2026-01-12 00:56:55.318 [INFO ] api: user login ok
2026-01-12 00:56:56.355 [INFO ] api: request handled
2026-01-12 00:56:57.392 [WARN ] api: retry 4412/3 upstream slow
2026-01-12 00:56:58.429 [INFO ] api: cache hit
2026-01-12 00:56:59.466 [ERROR] api: null ref in handler #4438
2026-01-12 00:57:00.503 [INFO ] api: user login ok
2026-01-12 00:57:01.540 [DEBUG] api: ttl=300 key=sess:4464
2026-01-12 00:57:02.577 [INFO ] api: job scheduled
2026-01-12 00:57:03.614 [DEBUG] api: pool idle=4 active=2
2026-01-12 00:57:04.651 [INFO ] api: batch flushed
2026-01-12 00:57:05.688 [INFO ] api: user login ok
2026-01-12 00:57:06.725 [INFO ] api: request handled
2026-01-12 00:57:07.762 [WARN ] api: deprecated header seen
2026-01-12 00:57:08.799 [INFO ] api: cache hit
2026-01-12 00:57:09.836 [ERROR] api: upstream 503 after 3 retries
2026-01-12 00:57:10.873 [INFO ] api: user login ok
2026-01-12 00:57:11.910 [DEBUG] api: pool idle=4 active=2
2026-01-12 00:57:12.947 [INFO ] api: job scheduled
2026-01-12 00:57:13.984 [DEBUG] api: ttl=300 key=sess:4620
2026-01-12 00:57:14.021 [INFO ] api: batch flushed
2026-01-12 00:57:15.058 [INFO ] api: user login ok
2026-01-12 00:57:16.095 [INFO ] api: request handled
2026-01-12 00:57:17.132 [WARN ] api: retry 4672/3 upstream slow
2026-01-12 00:57:18.169 [INFO ] api: cache hit
2026-01-12 00:57:19.206 [ERROR] api: null ref in handler #4698
2026-01-12 00:57:20.243 [INFO ] api: user login ok
2026-01-12 00:57:21.280 [DEBUG] api: ttl=300 key=sess:4724
2026-01-12 00:57:22.317 [INFO ] api: job scheduled
2026-01-12 00:57:23.354 [DEBUG] api: pool idle=4 active=2
2026-01-12 00:57:24.391 [INFO ] api: batch flushed
2026-01-12 00:57:25.428 [INFO ] api: user login ok
2026-01-12 00:57:26.465 [INFO ] api: request handled
2026-01-12 00:57:27.502 [WARN ] api: deprecated header seen
2026-01-12 00:57:28.539 [INFO ] api: cache hit
2026-01-12 00:57:29.576 [ERROR] api: upstream 503 after 3 retries
2026-01-12 00:57:30.613 [INFO ] api: user login ok
2026-01-12 00:57:31.650 [DEBUG] api: pool idle=4 active=2
2026-01-12 00:57:32.687 [INFO ] api: job scheduled
2026-01-12 00:57:33.724 [DEBUG] api: ttl=300 key=sess:4880
2026-01-12 00:57:34.761 [INFO ] api: batch flushed
2026-01-12 00:57:35.798 [INFO ] api: user login ok
2026-01-12 00:57:36.835 [INFO ] api: request handled
2026-01-12 00:57:37.872 [WARN ] api: retry 4932/3 upstream slow
2026-01-12 00:57:38.909 [INFO ] api: cache hit
2026-01-12 00:57:39.946 [ERROR] api: null ref in handler #4958
2026-01-12 00:57:40.983 [INFO ] api: user login ok
2026-01-12 00:57:41.020 [DEBUG] api: ttl=300 key=sess:4984
2026-01-12 00:57:42.057 [INFO ] api: job scheduled
2026-01-12 00:57:43.094 [DEBUG] api: pool idle=4 active=2
2026-01-12 00:57:44.131 [INFO ] api: batch flushed
2026-01-12 00:57:45.168 [INFO ] api: user login ok
2026-01-12 00:57:46.205 [INFO ] api: request handled
2026-01-12 00:57:47.242 [WARN ] api: deprecated header seen
2026-01-12 00:57:48.279 [INFO ] api: cache hit
2026-01-12 00:57:49.316 [ERROR] api: upstream 503 after 3 retries
2026-01-12 00:57:50.353 [INFO ] api: user login ok
2026-01-12 00:57:51.390 [DEBUG] api: pool idle=4 active=2
2026-01-12 00:57:52.427 [INFO ] api: job scheduled
2026-01-12 00:57:53.464 [DEBUG] api: ttl=300 key=sess:5140
2026-01-12 00:57:54.501 [INFO ] api: batch flushed
2026-01-12 00:57:55.538 [INFO ] api: user login ok
2026-01-12 00:57:56.575 [INFO ] api: request handled
2026-01-12 00:57:57.612 [WARN ] api: retry 5192/3 upstream slow
2026-01-12 00:57:58.649 [INFO ] api: cache hit
2026-01-12 00:57:59.686 [ERROR] api: null ref in handler #5218
2026-01-12 00:58:00.723 [INFO ] api: user login ok
2026-01-12 00:58:01.760 [DEBUG] api: ttl=300 key=sess:5244
2026-01-12 00:58:02.797 [INFO ] api: job scheduled
2026-01-12 00:58:03.834 [DEBUG] api: pool idle=4 active=2
2026-01-12 00:58:04.871 [INFO ] api: batch flushed
2026-01-12 00:58:05.908 [INFO ] api: user login ok
2026-01-12 00:58:06.945 [INFO ] api: request handled
2026-01-12 00:58:07.982 [WARN ] api: deprecated header seen
2026-01-12 00:58:08.019 [INFO ] api: cache hit
2026-01-12 00:58:09.056 [ERROR] api: upstream 503 after 3 retries
2026-01-12 00:58:10.093 [INFO ] api: user login ok
2026-01-12 00:58:11.130 [DEBUG] api: pool idle=4 active=2
2026-01-12 00:58:12.167 [INFO ] api: job scheduled
2026-01-12 00:58:13.204 [DEBUG] api: ttl=300 key=sess:5400
2026-01-12 00:58:14.241 [INFO ] api: batch flushed
2026-01-12 00:58:15.278 [INFO ] api: user login ok
2026-01-12 00:58:16.315 [INFO ] api: request handled
2026-01-12 00:58:17.352 [WARN ] api: retry 5452/3 upstream slow
2026-01-12 00:58:18.389 [INFO ] api: cache hit
2026-01-12 00:58:19.426 [ERROR] api: null ref in handler #5478
2026-01-12 00:58:20.463 [INFO ] api: user login ok
2026-01-12 00:58:21.500 [DEBUG] api: ttl=300 key=sess:5504
2026-01-12 00:58:22.537 [INFO ] api: job scheduled
2026-01-12 00:58:23.574 [DEBUG] api: pool idle=4 active=2
2026-01-12 00:58:24.611 [INFO ] api: batch flushed
2026-01-12 00:58:25.648 [INFO ] api: user login ok
2026-01-12 00:58:26.685 [INFO ] api: request handled
2026-01-12 00:58:27.722 [WARN ] api: deprecated header seen
2026-01-12 00:58:28.759 [INFO ] api: cache hit
2026-01-12 00:58:29.796 [ERROR] api: upstream 503 after 3 retries
2026-01-12 00:58:30.833 [INFO ] api: user login ok
2026-01-12 00:58:31.870 [DEBUG] api: pool idle=4 active=2
2026-01-12 00:58:32.907 [INFO ] api: job scheduled
2026-01-12 00:58:33.944 [DEBUG] api: ttl=300 key=sess:5660
2026-01-12 00:58:34.981 [INFO ] api: batch flushed
2026-01-12 00:58:35.018 [INFO ] api: user login ok
2026-01-12 00:58:36.055 [INFO ] api: request handled
2026-01-12 00:58:37.092 [WARN ] api: retry 5712/3 upstream slow
2026-01-12 00:58:38.129 [INFO ] api: cache hit
2026-01-12 00:58:39.166 [ERROR] api: null ref in handler #5738
2026-01-12 00:58:40.203 [INFO ] api: user login ok
2026-01-12 00:58:41.240 [DEBUG] api: ttl=300 key=sess:5764
2026-01-12 00:58:42.277 [INFO ] api: job scheduled
2026-01-12 00:58:43.314 [DEBUG] api: pool idle=4 active=2
2026-01-12 00:58:44.351 [INFO ] api: batch flushed
2026-01-12 00:58:45.388 [INFO ] api: user login ok
2026-01-12 00:58:46.425 [INFO ] api: request handled
2026-01-12 00:58:47.462 [WARN ] api: deprecated header seen
2026-01-12 00:58:48.499 [INFO ] api: cache hit
2026-01-12 00:58:49.536 [ERROR] api: upstream 503 after 3 retries
2026-01-12 00:58:50.573 [INFO ] api: user login ok
2026-01-12 00:58:51.610 [DEBUG] api: pool idle=4 active=2
2026-01-12 00:58:52.647 [INFO ] api: job scheduled
2026-01-12 00:58:53.684 [DEBUG] api: ttl=300 key=sess:5920
2026-01-12 00:58:54.721 [INFO ] api: batch flushed
2026-01-12 00:58:55.758 [INFO ] api: user login ok
2026-01-12 00:58:56.795 [INFO ] api: request handled
2026-01-12 00:58:57.832 [WARN ] api: retry 5972/3 upstream slow
2026-01-12 00:58:58.869 [INFO ] api: cache hit
2026-01-12 00:58:59.906 [ERROR] api: null ref in handler #5998
2026-01-12 00:59:00.943 [INFO ] api: user login ok
2026-01-12 00:59:01.980 [DEBUG] api: ttl=300 key=sess:6024
2026-01-12 00:59:02.017 [INFO ] api: job scheduled
2026-01-12 00:59:03.054 [DEBUG] api: pool idle=4 active=2
2026-01-12 00:59:04.091 [INFO ] api: batch flushed
2026-01-12 00:59:05.128 [INFO ] api: user login ok
2026-01-12 00:59:06.165 [INFO ] api: request handled
2026-01-12 00:59:07.202 [WARN ] api: deprecated header seen
2026-01-12 00:59:08.239 [INFO ] api: cache hit
2026-01-12 00:59:09.276 [ERROR] api: upstream 503 after 3 retries
2026-01-12 00:59:10.313 [INFO ] api: user login ok
2026-01-12 00:59:11.350 [DEBUG] api: pool idle=4 active=2
2026-01-12 00:59:12.387 [INFO ] api: job scheduled
2026-01-12 00:59:13.424 [DEBUG] api: ttl=300 key=sess:6180
2026-01-12 00:59:14.461 [INFO ] api: batch flushed
2026-01-12 00:59:15.498 [INFO ] api: user login ok
2026-01-12 00:59:16.535 [INFO ] api: request handled
2026-01-12 00:59:17.572 [WARN ] api: retry 6232/3 upstream slow
2026-01-12 00:59:18.609 [INFO ] api: cache hit
2026-01-12 00:59:19.646 [ERROR] api: null ref in handler #6258
2026-01-12 00:59:20.683 [INFO ] api: user login ok
2026-01-12 00:59:21.720 [DEBUG] api: ttl=300 key=sess:6284
2026-01-12 00:59:22.757 [INFO ] api: job scheduled
2026-01-12 00:59:23.794 [DEBUG] api: pool idle=4 active=2
2026-01-12 00:59:24.831 [INFO ] api: batch flushed
2026-01-12 00:59:25.868 [INFO ] api: user login ok
2026-01-12 00:59:26.905 [INFO ] api: request handled
2026-01-12 00:59:27.942 [WARN ] api: deprecated header seen
2026-01-12 00:59:28.979 [INFO ] api: cache hit
2026-01-12 00:59:29.016 [ERROR] api: upstream 503 after 3 retries
2026-01-12 00:59:30.053 [INFO ] api: user login ok
2026-01-12 00:59:31.090 [DEBUG] api: pool idle=4 active=2
2026-01-12 00:59:32.127 [INFO ] api: job scheduled
2026-01-12 00:59:33.164 [DEBUG] api: ttl=300 key=sess:6440
2026-01-12 00:59:34.201 [INFO ] api: batch flushed
2026-01-12 00:59:35.238 [INFO ] api: user login ok
2026-01-12 00:59:36.275 [INFO ] api: request handled
2026-01-12 00:59:37.312 [WARN ] api: retry 6492/3 upstream slow
2026-01-12 00:59:38.349 [INFO ] api: cache hit
2026-01-12 00:59:39.386 [ERROR] api: null ref in handler #6518
2026-01-12 00:59:40.423 [INFO ] api: user login ok
2026-01-12 00:59:41.460 [DEBUG] api: ttl=300 key=sess:6544
2026-01-12 00:59:42.497 [INFO ] api: job scheduled
2026-01-12 00:59:43.534 [DEBUG] api: pool idle=4 active=2
2026-01-12 00:59:44.571 [INFO ] api: batch flushed
2026-01-12 00:59:45.608 [INFO ] api: user login ok
2026-01-12 00:59:46.645 [INFO ] api: request handled
2026-01-12 00:59:47.682 [WARN ] api: deprecated header seen
2026-01-12 00:59:48.719 [INFO ] api: cache hit
2026-01-12 00:59:49.756 [ERROR] api: upstream 503 after 3 retries
2026-01-12 00:59:50.793 [INFO ] api: user login ok
2026-01-12 00:59:51.830 [DEBUG] api: pool idle=4 active=2
2026-01-12 00:59:52.867 [INFO ] api: job scheduled
2026-01-12 00:59:53.904 [DEBUG] api: ttl=300 key=sess:6700
2026-01-12 00:59:54.941 [INFO ] api: batch flushed
2026-01-12 00:59:55.978 [INFO ] api: user login ok
2026-01-12 00:59:56.015 [INFO ] api: request handled
2026-01-12 00:59:57.052 [WARN ] api: retry 6752/3 upstream slow
2026-01-12 00:59:58.089 [INFO ] api: cache hit
2026-01-12 00:59:59.126 [ERROR] api: null ref in handler #6778
2026-01-12 01:00:00.163 [INFO ] api: user login ok
2026-01-12 01:00:01.200 [DEBUG] api: ttl=300 key=sess:6804
2026-01-12 01:00:02.237 [INFO ] api: job scheduled
2026-01-12 01:00:03.274 [DEBUG] api: pool idle=4 active=2
2026-01-12 01:00:04.311 [INFO ] api: batch flushed
2026-01-12 01:00:05.348 [INFO ] api: user login ok
2026-01-12 01:00:06.385 [INFO ] api: request handled
2026-01-12 01:00:07.422 [WARN ] api: deprecated header seen
2026-01-12 01:00:08.459 [INFO ] api: cache hit
2026-01-12 01:00:09.496 [ERROR] api: upstream 503 after 3 retries
2026-01-12 01:00:10.533 [INFO ] api: user login ok
2026-01-12 01:00:11.570 [DEBUG] api: pool idle=4 active=2
2026-01-12 01:00:12.607 [INFO ] api: job scheduled
2026-01-12 01:00:13.644 [DEBUG] api: ttl=300 key=sess:6960
2026-01-12 01:00:14.681 [INFO ] api: batch flushed
2026-01-12 01:00:15.718 [INFO ] api: user login ok
2026-01-12 01:00:16.755 [INFO ] api: request handled
2026-01-12 01:00:17.792 [WARN ] api: retry 7012/3 upstream slow
2026-01-12 01:00:18.829 [INFO ] api: cache hit
2026-01-12 01:00:19.866 [ERROR] api: null ref in handler #7038
2026-01-12 01:00:20.903 [INFO ] api: user login ok
2026-01-12 01:00:21.940 [DEBUG] api: ttl=300 key=sess:7064
2026-01-12 01:00:22.977 [INFO ] api: job scheduled
2026-01-12 01:00:23.014 [DEBUG] api: pool idle=4 active=2
2026-01-12 01:00:24.051 [INFO ] api: batch flushed
2026-01-12 01:00:25.088 [INFO ] api: user login ok
2026-01-12 01:00:26.125 [INFO ] api: request handled
2026-01-12 01:00:27.162 [WARN ] api: deprecated header seen
2026-01-12 01:00:28.199 [INFO ] api: cache hit
2026-01-12 01:00:29.236 [ERROR] api: upstream 503 after 3 retries
2026-01-12 01:00:30.273 [INFO ] api: user login ok
2026-01-12 01:00:31.310 [DEBUG] api: pool idle=4 active=2
2026-01-12 01:00:32.347 [INFO ] api: job scheduled
2026-01-12 01:00:33.384 [DEBUG] api: ttl=300 key=sess:7220
2026-01-12 01:00:34.421 [INFO ] api: batch flushed
2026-01-12 01:00:35.458 [INFO ] api: user login ok
2026-01-12 01:00:36.495 [INFO ] api: request handled
2026-01-12 01:00:37.532 [WARN ] api: retry 7272/3 upstream slow
2026-01-12 01:00:38.569 [INFO ] api: cache hit
2026-01-12 01:00:39.606 [ERROR] api: null ref in handler #7298
2026-01-12 01:00:40.643 [INFO ] api: user login ok
2026-01-12 01:00:41.680 [DEBUG] api: ttl=300 key=sess:7324
2026-01-12 01:00:42.717 [INFO ] api: job scheduled
2026-01-12 01:00:43.754 [DEBUG] api: pool idle=4 active=2
2026-01-12 01:00:44.791 [INFO ] api: batch flushed
2026-01-12 01:00:45.828 [INFO ] api: user login ok
2026-01-12 01:00:46.865 [INFO ] api: request handled
2026-01-12 01:00:47.902 [WARN ] api: deprecated header seen
2026-01-12 01:00:48.939 [INFO ] api: cache hit
2026-01-12 01:00:49.976 [ERROR] api: upstream 503 after 3 retries
2026-01-12 01:00:50.013 [INFO ] api: user login ok
2026-01-12 01:00:51.050 [DEBUG] api: pool idle=4 active=2
2026-01-12 01:00:52.087 [INFO ] api: job scheduled
2026-01-12 01:00:53.124 [DEBUG] api: ttl=300 key=sess:7480
2026-01-12 01:00:54.161 [INFO ] api: batch flushed
2026-01-12 01:00:55.198 [INFO ] api: user login ok
2026-01-12 01:00:56.235 [INFO ] api: request handled
2026-01-12 01:00:57.272 [WARN ] api: retry 7532/3 upstream slow
2026-01-12 01:00:58.309 [INFO ] api: cache hit
2026-01-12 01:00:59.346 [ERROR] api: null ref in handler #7558
2026-01-12 01:01:00.383 [INFO ] api: user login ok
2026-01-12 01:01:01.420 [DEBUG] api: ttl=300 key=sess:7584
2026-01-12 01:01:02.457 [INFO ] api: job scheduled
2026-01-12 01:01:03.494 [DEBUG] api: pool idle=4 active=2
2026-01-12 01:01:04.531 [INFO ] api: batch flushed
2026-01-12 01:01:05.568 [INFO ] api: user login ok
2026-01-12 01:01:06.605 [INFO ] api: request handled
2026-01-12 01:01:07.642 [WARN ] api: deprecated header seen
2026-01-12 01:01:08.679 [INFO ] api: cache hit
2026-01-12 01:01:09.716 [ERROR] api: upstream 503 after 3 retries
2026-01-12 01:01:10.753 [INFO ] api: user login ok
2026-01-12 01:01:11.790 [DEBUG] api: pool idle=4 active=2
2026-01-12 01:01:12.827 [INFO ] api: job scheduled
2026-01-12 01:01:13.864 [DEBUG] api: ttl=300 key=sess:7740
2026-01-12 01:01:14.901 [INFO ] api: batch flushed
2026-01-12 01:01:15.938 [INFO ] api: user login ok
2026-01-12 01:01:16.975 [INFO ] api: request handled
2026-01-12 01:01:17.012 [WARN ] api: retry 7792/3 upstream slow
2026-01-12 01:01:18.049 [INFO ] api: cache hit
2026-01-12 01:01:19.086 [ERROR] api: null ref in handler #7818
2026-01-12 01:01:20.123 [INFO ] api: user login ok
2026-01-12 01:01:21.160 [DEBUG] api: ttl=300 key=sess:7844
2026-01-12 01:01:22.197 [INFO ] api: job scheduled
2026-01-12 01:01:23.234 [DEBUG] api: pool idle=4 active=2
2026-01-12 01:01:24.271 [INFO ] api: batch flushed
2026-01-12 01:01:25.308 [INFO ] api: user login ok
2026-01-12 01:01:26.345 [INFO ] api: request handled
2026-01-12 01:01:27.382 [WARN ] api: deprecated header seen
2026-01-12 01:01:28.419 [INFO ] api: cache hit
2026-01-12 01:01:29.456 [ERROR] api: upstream 503 after 3 retries
2026-01-12 01:01:30.493 [INFO ] api: user login ok
2026-01-12 01:01:31.530 [DEBUG] api: pool idle=4 active=2
2026-01-12 01:01:32.567 [INFO ] api: job scheduled
2026-01-12 01:01:33.604 [DEBUG] api: ttl=300 key=sess:8000
2026-01-12 01:01:34.641 [INFO ] api: batch flushed
2026-01-12 01:01:35.678 [INFO ] api: user login ok
2026-01-12 01:01:36.715 [INFO ] api: request handled
2026-01-12 01:01:37.752 [WARN ] api: retry 8052/3 upstream slow
2026-01-12 01:01:38.789 [INFO ] api: cache hit
2026-01-12 01:01:39.826 [ERROR] api: null ref in handler #8078
2026-01-12 01:01:40.863 [INFO ] api: user login ok
2026-01-12 01:01:41.900 [DEBUG] api: ttl=300 key=sess:8104
2026-01-12 01:01:42.937 [INFO ] api: job scheduled
2026-01-12 01:01:43.974 [DEBUG] api: pool idle=4 active=2
2026-01-12 01:01:44.011 [INFO ] api: batch flushed
2026-01-12 01:01:45.048 [INFO ] api: user login ok
2026-01-12 01:01:46.085 [INFO ] api: request handled
2026-01-12 01:01:47.122 [WARN ] api: deprecated header seen
2026-01-12 01:01:48.159 [INFO ] api: cache hit
2026-01-12 01:01:49.196 [ERROR] api: upstream 503 after 3 retries
2026-01-12 01:01:50.233 [INFO ] api: user login ok
2026-01-12 01:01:51.270 [DEBUG] api: pool idle=4 active=2
2026-01-12 01:01:52.307 [INFO ] api: job scheduled
2026-01-12 01:01:53.344 [DEBUG] api: ttl=300 key=sess:8260
2026-01-12 01:01:54.381 [INFO ] api: batch flushed
2026-01-12 01:01:55.418 [INFO ] api: user login ok
2026-01-12 01:01:56.455 [INFO ] api: request handled
2026-01-12 01:01:57.492 [WARN ] api: retry 8312/3 upstream slow
2026-01-12 01:01:58.529 [INFO ] api: cache hit
2026-01-12 01:01:59.566 [ERROR] api: null ref in handler #8338
2026-01-12 01:02:00.603 [INFO ] api: user login ok
2026-01-12 01:02:01.640 [DEBUG] api: ttl=300 key=sess:8364
2026-01-12 01:02:02.677 [INFO ] api: job scheduled
2026-01-12 01:02:03.714 [DEBUG] api: pool idle=4 active=2
2026-01-12 01:02:04.751 [INFO ] api: batch flushed
2026-01-12 01:02:05.788 [INFO ] api: user login ok
2026-01-12 01:02:06.825 [INFO ] api: request handled
2026-01-12 01:02:07.862 [WARN ] api: deprecated header seen
2026-01-12 01:02:08.899 [INFO ] api: cache hit
2026-01-12 01:02:09.936 [ERROR] api: upstream 503 after 3 retries
2026-01-12 01:02:10.973 [INFO ] api: user login ok
2026-01-12 01:02:11.010 [DEBUG] api: pool idle=4 active=2
2026-01-12 01:02:12.047 [INFO ] api: job scheduled
2026-01-12 01:02:13.084 [DEBUG] api: ttl=300 key=sess:8520
2026-01-12 01:02:14.121 [INFO ] api: batch flushed
2026-01-12 01:02:15.158 [INFO ] api: user login ok
2026-01-12 01:02:16.195 [INFO ] api: request handled
2026-01-12 01:02:17.232 [WARN ] api: retry 8572/3 upstream slow
2026-01-12 01:02:18.269 [INFO ] api: cache hit
2026-01-12 01:02:19.306 [ERROR] api: null ref in handler #8598
2026-01-12 01:02:20.343 [INFO ] api: user login ok
2026-01-12 01:02:21.380 [DEBUG] api: ttl=300 key=sess:8624
2026-01-12 01:02:22.417 [INFO ] api: job scheduled
2026-01-12 01:02:23.454 [DEBUG] api: pool idle=4 active=2
2026-01-12 01:02:24.491 [INFO ] api: batch flushed
2026-01-12 01:02:25.528 [INFO ] api: user login ok
2026-01-12 01:02:26.565 [INFO ] api: request handled
2026-01-12 01:02:27.602 [WARN ] api: deprecated header seen
2026-01-12 01:02:28.639 [INFO ] api: cache hit
2026-01-12 01:02:29.676 [ERROR] api: upstream 503 after 3 retries
2026-01-12 01:02:30.713 [INFO ] api: user login ok
2026-01-12 01:02:31.750 [DEBUG] api: pool idle=4 active=2
2026-01-12 01:02:32.787 [INFO ] api: job scheduled
2026-01-12 01:02:33.824 [DEBUG] api: ttl=300 key=sess:8780
2026-01-12 01:02:34.861 [INFO ] api: batch flushed
2026-01-12 01:02:35.898 [INFO ] api: user login ok
2026-01-12 01:02:36.935 [INFO ] api: request handled
2026-01-12 01:02:37.972 [WARN ] api: retry 8832/3 upstream slow
2026-01-12 01:02:38.009 [INFO ] api: cache hit
2026-01-12 01:02:39.046 [ERROR] api: null ref in handler #8858
2026-01-12 01:02:40.083 [INFO ] api: user login ok
2026-01-12 01:02:41.120 [DEBUG] api: ttl=300 key=sess:8884
2026-01-12 01:02:42.157 [INFO ] api: job scheduled
2026-01-12 01:02:43.194 [DEBUG] api: pool idle=4 active=2
2026-01-12 01:02:44.231 [INFO ] api: batch flushed
2026-01-12 01:02:45.268 [INFO ] api: user login ok
2026-01-12 01:02:46.305 [INFO ] api: request handled
2026-01-12 01:02:47.342 [WARN ] api: deprecated header seen
2026-01-12 01:02:48.379 [INFO ] api: cache hit
2026-01-12 01:02:49.416 [ERROR] api: upstream 503 after 3 retries
2026-01-12 01:02:50.453 [INFO ] api: user login ok
2026-01-12 01:02:51.490 [DEBUG] api: pool idle=4 active=2
2026-01-12 01:02:52.527 [INFO ] api: job scheduled
2026-01-12 01:02:53.564 [DEBUG] api: ttl=300 key=sess:9040
2026-01-12 01:02:54.601 [INFO ] api: batch flushed
2026-01-12 01:02:55.638 [INFO ] api: user login ok
2026-01-12 01:02:56.675 [INFO ] api: request handled
2026-01-12 01:02:57.712 [WARN ] api: retry 9092/3 upstream slow
2026-01-12 01:02:58.749 [INFO ] api: cache hit
2026-01-12 01:02:59.786 [ERROR] api: null ref in handler #9118
2026-01-12 01:03:00.823 [INFO ] api: user login ok
2026-01-12 01:03:01.860 [DEBUG] api: ttl=300 key=sess:9144
2026-01-12 01:03:02.897 [INFO ] api: job scheduled
2026-01-12 01:03:03.934 [DEBUG] api: pool idle=4 active=2
2026-01-12 01:03:04.971 [INFO ] api: batch flushed
2026-01-12 01:03:05.008 [INFO ] api: user login ok
2026-01-12 01:03:06.045 [INFO ] api: request handled
2026-01-12 01:03:07.082 [WARN ] api: deprecated header seen
2026-01-12 01:03:08.119 [INFO ] api: cache hit
2026-01-12 01:03:09.156 [ERROR] api: upstream 503 after 3 retries
2026-01-12 01:03:10.193 [INFO ] api: user login ok
2026-01-12 01:03:11.230 [DEBUG] api: pool idle=4 active=2
2026-01-12 01:03:12.267 [INFO ] api: job scheduled
2026-01-12 01:03:13.304 [DEBUG] api: ttl=300 key=sess:9300
2026-01-12 01:03:14.341 [INFO ] api: batch flushed
2026-01-12 01:03:15.378 [INFO ] api: user login ok
2026-01-12 01:03:16.415 [INFO ] api: request handled
2026-01-12 01:03:17.452 [WARN ] api: retry 9352/3 upstream slow
2026-01-12 01:03:18.489 [INFO ] api: cache hit
2026-01-12 01:03:19.526 [ERROR] api: null ref in handler #9378
2026-01-12 01:03:20.563 [INFO ] api: user login ok
2026-01-12 01:03:21.600 [DEBUG] api: ttl=300 key=sess:9404
2026-01-12 01:03:22.637 [INFO ] api: job scheduled
2026-01-12 01:03:23.674 [DEBUG] api: pool idle=4 active=2
2026-01-12 01:03:24.711 [INFO ] api: batch flushed
2026-01-12 01:03:25.748 [INFO ] api: user login ok
2026-01-12 01:03:26.785 [INFO ] api: request handled
2026-01-12 01:03:27.822 [WARN ] api: deprecated header seen
2026-01-12 01:03:28.859 [INFO ] api: cache hit
2026-01-12 01:03:29.896 [ERROR] api: upstream 503 after 3 retries
2026-01-12 01:03:30.933 [INFO ] api: user login ok
2026-01-12 01:03:31.970 [DEBUG] api: pool idle=4 active=2
2026-01-12 01:03:32.007 [INFO ] api: job scheduled
2026-01-12 01:03:33.044 [DEBUG] api: ttl=300 key=sess:9560
2026-01-12 01:03:34.081 [INFO ] api: batch flushed
2026-01-12 01:03:35.118 [INFO ] api: user login ok
2026-01-12 01:03:36.155 [INFO ] api: request handled
2026-01-12 01:03:37.192 [WARN ] api: retry 9612/3 upstream slow
2026-01-12 01:03:38.229 [INFO ] api: cache hit
2026-01-12 01:03:39.266 [ERROR] api: null ref in handler #9638
2026-01-12 01:03:40.303 [INFO ] api: user login ok
2026-01-12 01:03:41.340 [DEBUG] api: ttl=300 key=sess:9664
2026-01-12 01:03:42.377 [INFO ] api: job scheduled
2026-01-12 01:03:43.414 [DEBUG] api: pool idle=4 active=2
2026-01-12 01:03:44.451 [INFO ] api: batch flushed
2026-01-12 01:03:45.488 [INFO ] api: user login ok
2026-01-12 01:03:46.525 [INFO ] api: request handled
2026-01-12 01:03:47.562 [WARN ] api: deprecated header seen
2026-01-12 01:03:48.599 [INFO ] api: cache hit
2026-01-12 01:03:49.636 [ERROR] api: upstream 503 after 3 retries
2026-01-12 01:03:50.673 [INFO ] api: user login ok
2026-01-12 01:03:51.710 [DEBUG] api: pool idle=4 active=2
2026-01-12 01:03:52.747 [INFO ] api: job scheduled
2026-01-12 01:03:53.784 [DEBUG] api: ttl=300 key=sess:9820
2026-01-12 01:03:54.821 [INFO ] api: batch flushed
2026-01-12 01:03:55.858 [INFO ] api: user login ok
2026-01-12 01:03:56.895 [INFO ] api: request handled
2026-01-12 01:03:57.932 [WARN ] api: retry 9872/3 upstream slow
2026-01-12 01:03:58.969 [INFO ] api: cache hit
2026-01-12 01:03:59.006 [ERROR] api: null ref in handler #9898
2026-01-12 01:04:00.043 [INFO ] api: user login ok
2026-01-12 01:04:01.080 [DEBUG] api: ttl=300 key=sess:9924
2026-01-12 01:04:02.117 [INFO ] api: job scheduled
2026-01-12 01:04:03.154 [DEBUG] api: pool idle=4 active=2
2026-01-12 01:04:04.191 [INFO ] api: batch flushed
2026-01-12 01:04:05.228 [INFO ] api: user login ok
2026-01-12 01:04:06.265 [INFO ] api: request handled
2026-01-12 01:04:07.302 [WARN ] api: deprecated header seen
2026-01-12 01:04:08.339 [INFO ] api: cache hit
2026-01-12 01:04:09.376 [ERROR] api: upstream 503 after 3 retries
2026-01-12 01:04:10.413 [INFO ] api: user login ok
2026-01-12 01:04:11.450 [DEBUG] api: pool idle=4 active=2
2026-01-12 01:04:12.487 [INFO ] api: job scheduled
2026-01-12 01:04:13.524 [DEBUG] api: ttl=300 key=sess:81
2026-01-12 01:04:14.561 [INFO ] api: batch flushed
2026-01-12 01:04:15.598 [INFO ] api: user login ok
2026-01-12 01:04:16.635 [INFO ] api: request handled
2026-01-12 01:04:17.672 [WARN ] api: retry 133/3 upstream slow
2026-01-12 01:04:18.709 [INFO ] api: cache hit
2026-01-12 01:04:19.746 [ERROR] api: null ref in handler #159
2026-01-12 01:04:20.783 [INFO ] api: user login ok
2026-01-12 01:04:21.820 [DEBUG] api: ttl=300 key=sess:185
2026-01-12 01:04:22.857 [INFO ] api: job scheduled
2026-01-12 01:04:23.894 [DEBUG] api: pool idle=4 active=2
2026-01-12 01:04:24.931 [INFO ] api: batch flushed
2026-01-12 01:04:25.968 [INFO ] api: user login ok
2026-01-12 01:04:26.005 [INFO ] api: request handled
2026-01-12 01:04:27.042 [WARN ] api: deprecated header seen
2026-01-12 01:04:28.079 [INFO ] api: cache hit
2026-01-12 01:04:29.116 [ERROR] api: upstream 503 after 3 retries
2026-01-12 01:04:30.153 [INFO ] api: user login ok
2026-01-12 01:04:31.190 [DEBUG] api: pool idle=4 active=2
2026-01-12 01:04:32.227 [INFO ] api: job scheduled
2026-01-12 01:04:33.264 [DEBUG] api: ttl=300 key=sess:341
2026-01-12 01:04:34.301 [INFO ] api: batch flushed
2026-01-12 01:04:35.338 [INFO ] api: user login ok
2026-01-12 01:04:36.375 [INFO ] api: request handled
2026-01-12 01:04:37.412 [WARN ] api: retry 393/3 upstream slow
2026-01-12 01:04:38.449 [INFO ] api: cache hit
2026-01-12 01:04:39.486 [ERROR] api: null ref in handler #419
2026-01-12 01:04:40.523 [INFO ] api: user login ok
2026-01-12 01:04:41.560 [DEBUG] api: ttl=300 key=sess:445
2026-01-12 01:04:42.597 [INFO ] api: job scheduled
2026-01-12 01:04:43.634 [DEBUG] api: pool idle=4 active=2
2026-01-12 01:04:44.671 [INFO ] api: batch flushed
2026-01-12 01:04:45.708 [INFO ] api: user login ok
2026-01-12 01:04:46.745 [INFO ] api: request handled
2026-01-12 01:04:47.782 [WARN ] api: deprecated header seen
2026-01-12 01:04:48.819 [INFO ] api: cache hit
2026-01-12 01:04:49.856 [ERROR] api: upstream 503 after 3 retries
2026-01-12 01:04:50.893 [INFO ] api: user login ok
2026-01-12 01:04:51.930 [DEBUG] api: pool idle=4 active=2
2026-01-12 01:04:52.967 [INFO ] api: job scheduled
2026-01-12 01:04:53.004 [DEBUG] api: ttl=300 key=sess:601
2026-01-12 01:04:54.041 [INFO ] api: batch flushed
2026-01-12 01:04:55.078 [INFO ] api: user login ok
2026-01-12 01:04:56.115 [INFO ] api: request handled
2026-01-12 01:04:57.152 [WARN ] api: retry 653/3 upstream slow
2026-01-12 01:04:58.189 [INFO ] api: cache hit
2026-01-12 01:04:59.226 [ERROR] api: null ref in handler #679
2026-01-12 01:05:00.263 [INFO ] api: user login ok
2026-01-12 01:05:01.300 [DEBUG] api: ttl=300 key=sess:705
2026-01-12 01:05:02.337 [INFO ] api: job scheduled
2026-01-12 01:05:03.374 [DEBUG] api: pool idle=4 active=2
2026-01-12 01:05:04.411 [INFO ] api: batch flushed
2026-01-12 01:05:05.448 [INFO ] api: user login ok
2026-01-12 01:05:06.485 [INFO ] api: request handled
2026-01-12 01:05:07.522 [WARN ] api: deprecated header seen
2026-01-12 01:05:08.559 [INFO ] api: cache hit
2026-01-12 01:05:09.596 [ERROR] api: upstream 503 after 3 retries
2026-01-12 01:05:10.633 [INFO ] api: user login ok
2026-01-12 01:05:11.670 [DEBUG] api: pool idle=4 active=2
2026-01-12 01:05:12.707 [INFO ] api: job scheduled
2026-01-12 01:05:13.744 [DEBUG] api: ttl=300 key=sess:861
2026-01-12 01:05:14.781 [INFO ] api: batch flushed
2026-01-12 01:05:15.818 [INFO ] api: user login ok
2026-01-12 01:05:16.855 [INFO ] api: request handled
2026-01-12 01:05:17.892 [WARN ] api: retry 913/3 upstream slow
2026-01-12 01:05:18.929 [INFO ] api: cache hit
2026-01-12 01:05:19.966 [ERROR] api: null ref in handler #939
2026-01-12 01:05:20.003 [INFO ] api: user login ok
2026-01-12 01:05:21.040 [DEBUG] api: ttl=300 key=sess:965
2026-01-12 01:05:22.077 [INFO ] api: job scheduled
2026-01-12 01:05:23.114 [DEBUG] api: pool idle=4 active=2
2026-01-12 01:05:24.151 [INFO ] api: batch flushed
2026-01-12 01:05:25.188 [INFO ] api: user login ok
2026-01-12 01:05:26.225 [INFO ] api: request handled
2026-01-12 01:05:27.262 [WARN ] api: deprecated header seen
2026-01-12 01:05:28.299 [INFO ] api: cache hit
2026-01-12 01:05:29.336 [ERROR] api: upstream 503 after 3 retries
2026-01-12 01:05:30.373 [INFO ] api: user login ok
2026-01-12 01:05:31.410 [DEBUG] api: pool idle=4 active=2
2026-01-12 01:05:32.447 [INFO ] api: job scheduled
2026-01-12 01:05:33.484 [DEBUG] api: ttl=300 key=sess:1121
2026-01-12 01:05:34.521 [INFO ] api: batch flushed
2026-01-12 01:05:35.558 [INFO ] api: user login ok
2026-01-12 01:05:36.595 [INFO ] api: request handled
2026-01-12 01:05:37.632 [WARN ] api: retry 1173/3 upstream slow
2026-01-12 01:05:38.669 [INFO ] api: cache hit
2026-01-12 01:05:39.706 [ERROR] api: null ref in handler #1199
2026-01-12 01:05:40.743 [INFO ] api: user login ok
2026-01-12 01:05:41.780 [DEBUG] api: ttl=300 key=sess:1225
2026-01-12 01:05:42.817 [INFO ] api: job scheduled
2026-01-12 01:05:43.854 [DEBUG] api: pool idle=4 active=2
2026-01-12 01:05:44.891 [INFO ] api: batch flushed
2026-01-12 01:05:45.928 [INFO ] api: user login ok
2026-01-12 01:05:46.965 [INFO ] api: request handled
2026-01-12 01:05:47.002 [WARN ] api: deprecated header seen
2026-01-12 01:05:48.039 [INFO ] api: cache hit
2026-01-12 01:05:49.076 [ERROR] api: upstream 503 after 3 retries
2026-01-12 01:05:50.113 [INFO ] api: user login ok
2026-01-12 01:05:51.150 [DEBUG] api: pool idle=4 active=2
2026-01-12 01:05:52.187 [INFO ] api: job scheduled
2026-01-12 01:05:53.224 [DEBUG] api: ttl=300 key=sess:1381
2026-01-12 01:05:54.261 [INFO ] api: batch flushed
2026-01-12 01:05:55.298 [INFO ] api: user login ok
2026-01-12 01:05:56.335 [INFO ] api: request handled
2026-01-12 01:05:57.372 [WARN ] api: retry 1433/3 upstream slow
2026-01-12 01:05:58.409 [INFO ] api: cache hit
2026-01-12 01:05:59.446 [ERROR] api: null ref in handler #1459
2026-01-12 01:06:00.483 [INFO ] api: user login ok
2026-01-12 01:06:01.520 [DEBUG] api: ttl=300 key=sess:1485
2026-01-12 01:06:02.557 [INFO ] api: job scheduled
2026-01-12 01:06:03.594 [DEBUG] api: pool idle=4 active=2
2026-01-12 01:06:04.631 [INFO ] api: batch flushed
2026-01-12 01:06:05.668 [INFO ] api: user login ok
2026-01-12 01:06:06.705 [INFO ] api: request handled
2026-01-12 01:06:07.742 [WARN ] api: deprecated header seen
2026-01-12 01:06:08.779 [INFO ] api: cache hit
2026-01-12 01:06:09.816 [ERROR] api: upstream 503 after 3 retries
2026-01-12 01:06:10.853 [INFO ] api: user login ok
2026-01-12 01:06:11.890 [DEBUG] api: pool idle=4 active=2
2026-01-12 01:06:12.927 [INFO ] api: job scheduled
2026-01-12 01:06:13.964 [DEBUG] api: ttl=300 key=sess:1641
2026-01-12 01:06:14.001 [INFO ] api: batch flushed
2026-01-12 01:06:15.038 [INFO ] api: user login ok
2026-01-12 01:06:16.075 [INFO ] api: request handled
2026-01-12 01:06:17.112 [WARN ] api: retry 1693/3 upstream slow
2026-01-12 01:06:18.149 [INFO ] api: cache hit
2026-01-12 01:06:19.186 [ERROR] api: null ref in handler #1719
2026-01-12 01:06:20.223 [INFO ] api: user login ok
2026-01-12 01:06:21.260 [DEBUG] api: ttl=300 key=sess:1745
2026-01-12 01:06:22.297 [INFO ] api: job scheduled
2026-01-12 01:06:23.334 [DEBUG] api: pool idle=4 active=2
2026-01-12 01:06:24.371 [INFO ] api: batch flushed
2026-01-12 01:06:25.408 [INFO ] api: user login ok
2026-01-12 01:06:26.445 [INFO ] api: request handled
2026-01-12 01:06:27.482 [WARN ] api: deprecated header seen
2026-01-12 01:06:28.519 [INFO ] api: cache hit
2026-01-12 01:06:29.556 [ERROR] api: upstream 503 after 3 retries
2026-01-12 01:06:30.593 [INFO ] api: user login ok
2026-01-12 01:06:31.630 [DEBUG] api: pool idle=4 active=2
2026-01-12 01:06:32.667 [INFO ] api: job scheduled
2026-01-12 01:06:33.704 [DEBUG] api: ttl=300 key=sess:1901
2026-01-12 01:06:34.741 [INFO ] api: batch flushed
2026-01-12 01:06:35.778 [INFO ] api: user login ok
2026-01-12 01:06:36.815 [INFO ] api: request handled
2026-01-12 01:06:37.852 [WARN ] api: retry 1953/3 upstream slow
2026-01-12 01:06:38.889 [INFO ] api: cache hit
2026-01-12 01:06:39.926 [ERROR] api: null ref in handler #1979
2026-01-12 01:06:40.963 [INFO ] api: user login ok
2026-01-12 01:06:41.000 [DEBUG] api: ttl=300 key=sess:2005
2026-01-12 01:06:42.037 [INFO ] api: job scheduled
2026-01-12 01:06:43.074 [DEBUG] api: pool idle=4 active=2
2026-01-12 01:06:44.111 [INFO ] api: batch flushed
2026-01-12 01:06:45.148 [INFO ] api: user login ok
2026-01-12 01:06:46.185 [INFO ] api: request handled
2026-01-12 01:06:47.222 [WARN ] api: deprecated header seen
2026-01-12 01:06:48.259 [INFO ] api: cache hit
2026-01-12 01:06:49.296 [ERROR] api: upstream 503 after 3 retries
2026-01-12 01:06:50.333 [INFO ] api: user login ok
2026-01-12 01:06:51.370 [DEBUG] api: pool idle=4 active=2
2026-01-12 01:06:52.407 [INFO ] api: job scheduled
2026-01-12 01:06:53.444 [DEBUG] api: ttl=300 key=sess:2161
2026-01-12 01:06:54.481 [INFO ] api: batch flushed
2026-01-12 01:06:55.518 [INFO ] api: user login ok
2026-01-12 01:06:56.555 [INFO ] api: request handled
2026-01-12 01:06:57.592 [WARN ] api: retry 2213/3 upstream slow
2026-01-12 01:06:58.629 [INFO ] api: cache hit
2026-01-12 01:06:59.666 [ERROR] api: null ref in handler #2239
2026-01-12 01:07:00.703 [INFO ] api: user login ok
2026-01-12 01:07:01.740 [DEBUG] api: ttl=300 key=sess:2265
2026-01-12 01:07:02.777 [INFO ] api: job scheduled
2026-01-12 01:07:03.814 [DEBUG] api: pool idle=4 active=2
2026-01-12 01:07:04.851 [INFO ] api: batch flushed
2026-01-12 01:07:05.888 [INFO ] api: user login ok
2026-01-12 01:07:06.925 [INFO ] api: request handled
2026-01-12 01:07:07.962 [WARN ] api: deprecated header seen
2026-01-12 01:07:08.999 [INFO ] api: cache hit
2026-01-12 01:07:09.036 [ERROR] api: upstream 503 after 3 retries
2026-01-12 01:07:10.073 [INFO ] api: user login ok
2026-01-12 01:07:11.110 [DEBUG] api: pool idle=4 active=2
2026-01-12 01:07:12.147 [INFO ] api: job scheduled
2026-01-12 01:07:13.184 [DEBUG] api: ttl=300 key=sess:2421
2026-01-12 01:07:14.221 [INFO ] api: batch flushed
2026-01-12 01:07:15.258 [INFO ] api: user login ok
2026-01-12 01:07:16.295 [INFO ] api: request handled
2026-01-12 01:07:17.332 [WARN ] api: retry 2473/3 upstream slow
2026-01-12 01:07:18.369 [INFO ] api: cache hit
2026-01-12 01:07:19.406 [ERROR] api: null ref in handler #2499
2026-01-12 01:07:20.443 [INFO ] api: user login ok
2026-01-12 01:07:21.480 [DEBUG] api: ttl=300 key=sess:2525
2026-01-12 01:07:22.517 [INFO ] api: job scheduled
2026-01-12 01:07:23.554 [DEBUG] api: pool idle=4 active=2
2026-01-12 01:07:24.591 [INFO ] api: batch flushed
2026-01-12 01:07:25.628 [INFO ] api: user login ok
2026-01-12 01:07:26.665 [INFO ] api: request handled
2026-01-12 01:07:27.702 [WARN ] api: deprecated header seen
2026-01-12 01:07:28.739 [INFO ] api: cache hit
2026-01-12 01:07:29.776 [ERROR] api: upstream 503 after 3 retries
2026-01-12 01:07:30.813 [INFO ] api: user login ok
2026-01-12 01:07:31.850 [DEBUG] api: pool idle=4 active=2
2026-01-12 01:07:32.887 [INFO ] api: job scheduled
2026-01-12 01:07:33.924 [DEBUG] api: ttl=300 key=sess:2681
2026-01-12 01:07:34.961 [INFO ] api: batch flushed
2026-01-12 01:07:35.998 [INFO ] api: user login ok
2026-01-12 01:07:36.035 [INFO ] api: request handled
2026-01-12 01:07:37.072 [WARN ] api: retry 2733/3 upstream slow
2026-01-12 01:07:38.109 [INFO ] api: cache hit
2026-01-12 01:07:39.146 [ERROR] api: null ref in handler #2759
2026-01-12 01:07:40.183 [INFO ] api: user login ok
2026-01-12 01:07:41.220 [DEBUG] api: ttl=300 key=sess:2785
2026-01-12 01:07:42.257 [INFO ] api: job scheduled
2026-01-12 01:07:43.294 [DEBUG] api: pool idle=4 active=2
2026-01-12 01:07:44.331 [INFO ] api: batch flushed
2026-01-12 01:07:45.368 [INFO ] api: user login ok
2026-01-12 01:07:46.405 [INFO ] api: request handled
2026-01-12 01:07:47.442 [WARN ] api: deprecated header seen
2026-01-12 01:07:48.479 [INFO ] api: cache hit
2026-01-12 01:07:49.516 [ERROR] api: upstream 503 after 3 retries
2026-01-12 01:07:50.553 [INFO ] api: user login ok
2026-01-12 01:07:51.590 [DEBUG] api: pool idle=4 active=2
2026-01-12 01:07:52.627 [INFO ] api: job scheduled
2026-01-12 01:07:53.664 [DEBUG] api: ttl=300 key=sess:2941
2026-01-12 01:07:54.701 [INFO ] api: batch flushed
2026-01-12 01:07:55.738 [INFO ] api: user login ok
2026-01-12 01:07:56.775 [INFO ] api: request handled
2026-01-12 01:07:57.812 [WARN ] api: retry 2993/3 upstream slow
2026-01-12 01:07:58.849 [INFO ] api: cache hit
2026-01-12 01:07:59.886 [ERROR] api: null ref in handler #3019
2026-01-12 01:08:00.923 [INFO ] api: user login ok
2026-01-12 01:08:01.960 [DEBUG] api: ttl=300 key=sess:3045
2026-01-12 01:08:02.997 [INFO ] api: job scheduled
2026-01-12 01:08:03.034 [DEBUG] api: pool idle=4 active=2
2026-01-12 01:08:04.071 [INFO ] api: batch flushed
2026-01-12 01:08:05.108 [INFO ] api: user login ok
2026-01-12 01:08:06.145 [INFO ] api: request handled
2026-01-12 01:08:07.182 [WARN ] api: deprecated header seen
2026-01-12 01:08:08.219 [INFO ] api: cache hit
2026-01-12 01:08:09.256 [ERROR] api: upstream 503 after 3 retries
2026-01-12 01:08:10.293 [INFO ] api: user login ok
2026-01-12 01:08:11.330 [DEBUG] api: pool idle=4 active=2
2026-01-12 01:08:12.367 [INFO ] api: job scheduled
2026-01-12 01:08:13.404 [DEBUG] api: ttl=300 key=sess:3201
2026-01-12 01:08:14.441 [INFO ] api: batch flushed
2026-01-12 01:08:15.478 [INFO ] api: user login ok
2026-01-12 01:08:16.515 [INFO ] api: request handled
2026-01-12 01:08:17.552 [WARN ] api: retry 3253/3 upstream slow
2026-01-12 01:08:18.589 [INFO ] api: cache hit
2026-01-12 01:08:19.626 [ERROR] api: null ref in handler #3279
2026-01-12 01:08:20.663 [INFO ] api: user login ok
2026-01-12 01:08:21.700 [DEBUG] api: ttl=300 key=sess:3305
2026-01-12 01:08:22.737 [INFO ] api: job scheduled
2026-01-12 01:08:23.774 [DEBUG] api: pool idle=4 active=2
2026-01-12 01:08:24.811 [INFO ] api: batch flushed
2026-01-12 01:08:25.848 [INFO ] api: user login ok
2026-01-12 01:08:26.885 [INFO ] api: request handled
2026-01-12 01:08:27.922 [WARN ] api: deprecated header seen
2026-01-12 01:08:28.959 [INFO ] api: cache hit
2026-01-12 01:08:29.996 [ERROR] api: upstream 503 after 3 retries
2026-01-12 01:08:30.033 [INFO ] api: user login ok
2026-01-12 01:08:31.070 [DEBUG] api: pool idle=4 active=2
2026-01-12 01:08:32.107 [INFO ] api: job scheduled
2026-01-12 01:08:33.144 [DEBUG] api: ttl=300 key=sess:3461
2026-01-12 01:08:34.181 [INFO ] api: batch flushed
2026-01-12 01:08:35.218 [INFO ] api: user login ok
2026-01-12 01:08:36.255 [INFO ] api: request handled
2026-01-12 01:08:37.292 [WARN ] api: retry 3513/3 upstream slow
2026-01-12 01:08:38.329 [INFO ] api: cache hit
2026-01-12 01:08:39.366 [ERROR] api: null ref in handler #3539
2026-01-12 01:08:40.403 [INFO ] api: user login ok
2026-01-12 01:08:41.440 [DEBUG] api: ttl=300 key=sess:3565
2026-01-12 01:08:42.477 [INFO ] api: job scheduled
2026-01-12 01:08:43.514 [DEBUG] api: pool idle=4 active=2
2026-01-12 01:08:44.551 [INFO ] api: batch flushed
2026-01-12 01:08:45.588 [INFO ] api: user login ok
2026-01-12 01:08:46.625 [INFO ] api: request handled
2026-01-12 01:08:47.662 [WARN ] api: deprecated header seen
2026-01-12 01:08:48.699 [INFO ] api: cache hit
2026-01-12 01:08:49.736 [ERROR] api: upstream 503 after 3 retries
2026-01-12 01:08:50.773 [INFO ] api: user login ok
2026-01-12 01:08:51.810 [DEBUG] api: pool idle=4 active=2
2026-01-12 01:08:52.847 [INFO ] api: job scheduled
2026-01-12 01:08:53.884 [DEBUG] api: ttl=300 key=sess:3721
2026-01-12 01:08:54.921 [INFO ] api: batch flushed
2026-01-12 01:08:55.958 [INFO ] api: user login ok
2026-01-12 01:08:56.995 [INFO ] api: request handled
2026-01-12 01:08:57.032 [WARN ] api: retry 3773/3 upstream slow
2026-01-12 01:08:58.069 [INFO ] api: cache hit
2026-01-12 01:08:59.106 [ERROR] api: null ref in handler #3799
2026-01-12 01:09:00.143 [INFO ] api: user login ok
2026-01-12 01:09:01.180 [DEBUG] api: ttl=300 key=sess:3825
2026-01-12 01:09:02.217 [INFO ] api: job scheduled
2026-01-12 01:09:03.254 [DEBUG] api: pool idle=4 active=2
2026-01-12 01:09:04.291 [INFO ] api: batch flushed
2026-01-12 01:09:05.328 [INFO ] api: user login ok
2026-01-12 01:09:06.365 [INFO ] api: request handled
2026-01-12 01:09:07.402 [WARN ] api: deprecated header seen
2026-01-12 01:09:08.439 [INFO ] api: cache hit
2026-01-12 01:09:09.476 [ERROR] api: upstream 503 after 3 retries
2026-01-12 01:09:10.513 [INFO ] api: user login ok
2026-01-12 01:09:11.550 [DEBUG] api: pool idle=4 active=2
2026-01-12 01:09:12.587 [INFO ] api: job scheduled
2026-01-12 01:09:13.624 [DEBUG] api: ttl=300 key=sess:3981
2026-01-12 01:09:14.661 [INFO ] api: batch flushed
2026-01-12 01:09:15.698 [INFO ] api: user login ok
2026-01-12 01:09:16.735 [INFO ] api: request handled
2026-01-12 01:09:17.772 [WARN ] api: retry 4033/3 upstream slow
2026-01-12 01:09:18.809 [INFO ] api: cache hit
2026-01-12 01:09:19.846 [ERROR] api: null ref in handler #4059
2026-01-12 01:09:20.883 [INFO ] api: user login ok
2026-01-12 01:09:21.920 [DEBUG] api: ttl=300 key=sess:4085
2026-01-12 01:09:22.957 [INFO ] api: job scheduled
2026-01-12 01:09:23.994 [DEBUG] api: pool idle=4 active=2
2026-01-12 01:09:24.031 [INFO ] api: batch flushed
2026-01-12 01:09:25.068 [INFO ] api: user login ok
2026-01-12 01:09:26.105 [INFO ] api: request handled
2026-01-12 01:09:27.142 [WARN ] api: deprecated header seen
2026-01-12 01:09:28.179 [INFO ] api: cache hit
2026-01-12 01:09:29.216 [ERROR] api: upstream 503 after 3 retries
2026-01-12 01:09:30.253 [INFO ] api: user login ok
2026-01-12 01:09:31.290 [DEBUG] api: pool idle=4 active=2
2026-01-12 01:09:32.327 [INFO ] api: job scheduled
2026-01-12 01:09:33.364 [DEBUG] api: ttl=300 key=sess:4241
2026-01-12 01:09:34.401 [INFO ] api: batch flushed
2026-01-12 01:09:35.438 [INFO ] api: user login ok
2026-01-12 01:09:36.475 [INFO ] api: request handled
2026-01-12 01:09:37.512 [WARN ] api: retry 4293/3 upstream slow
2026-01-12 01:09:38.549 [INFO ] api: cache hit
2026-01-12 01:09:39.586 [ERROR] api: null ref in handler #4319
2026-01-12 01:09:40.623 [INFO ] api: user login ok
2026-01-12 01:09:41.660 [DEBUG] api: ttl=300 key=sess:4345
2026-01-12 01:09:42.697 [INFO ] api: job scheduled
2026-01-12 01:09:43.734 [DEBUG] api: pool idle=4 active=2
2026-01-12 01:09:44.771 [INFO ] api: batch flushed
2026-01-12 01:09:45.808 [INFO ] api: user login ok
2026-01-12 01:09:46.845 [INFO ] api: request handled
2026-01-12 01:09:47.882 [WARN ] api: deprecated header seen
2026-01-12 01:09:48.919 [INFO ] api: cache hit
2026-01-12 01:09:49.956 [ERROR] api: upstream 503 after 3 retries
2026-01-12 01:09:50.993 [INFO ] api: user login ok
2026-01-12 01:09:51.030 [DEBUG] api: pool idle=4 active=2
2026-01-12 01:09:52.067 [INFO ] api: job scheduled
2026-01-12 01:09:53.104 [DEBUG] api: ttl=300 key=sess:4501
2026-01-12 01:09:54.141 [INFO ] api: batch flushed
2026-01-12 01:09:55.178 [INFO ] api: user login ok
2026-01-12 01:09:56.215 [INFO ] api: request handled
2026-01-12 01:09:57.252 [WARN ] api: retry 4553/3 upstream slow
2026-01-12 01:09:58.289 [INFO ] api: cache hit
2026-01-12 01:09:59.326 [ERROR] api: null ref in handler #4579
2026-01-12 01:10:00.363 [INFO ] api: user login ok
2026-01-12 01:10:01.400 [DEBUG] api: ttl=300 key=sess:4605
2026-01-12 01:10:02.437 [INFO ] api: job scheduled
2026-01-12 01:10:03.474 [DEBUG] api: pool idle=4 active=2
2026-01-12 01:10:04.511 [INFO ] api: batch flushed
2026-01-12 01:10:05.548 [INFO ] api: user login ok
2026-01-12 01:10:06.585 [INFO ] api: request handled
2026-01-12 01:10:07.622 [WARN ] api: deprecated header seen
2026-01-12 01:10:08.659 [INFO ] api: cache hit
2026-01-12 01:10:09.696 [ERROR] api: upstream 503 after 3 retries
2026-01-12 01:10:10.733 [INFO ] api: user login ok
2026-01-12 01:10:11.770 [DEBUG] api: pool idle=4 active=2
2026-01-12 01:10:12.807 [INFO ] api: job scheduled
2026-01-12 01:10:13.844 [DEBUG] api: ttl=300 key=sess:4761
2026-01-12 01:10:14.881 [INFO ] api: batch flushed
2026-01-12 01:10:15.918 [INFO ] api: user login ok
2026-01-12 01:10:16.955 [INFO ] api: request handled
2026-01-12 01:10:17.992 [WARN ] api: retry 4813/3 upstream slow
2026-01-12 01:10:18.029 [INFO ] api: cache hit
2026-01-12 01:10:19.066 [ERROR] api: null ref in handler #4839
2026-01-12 01:10:20.103 [INFO ] api: user login ok
2026-01-12 01:10:21.140 [DEBUG] api: ttl=300 key=sess:4865
2026-01-12 01:10:22.177 [INFO ] api: job scheduled
2026-01-12 01:10:23.214 [DEBUG] api: pool idle=4 active=2
2026-01-12 01:10:24.251 [INFO ] api: batch flushed
2026-01-12 01:10:25.288 [INFO ] api: user login ok
2026-01-12 01:10:26.325 [INFO ] api: request handled
2026-01-12 01:10:27.362 [WARN ] api: deprecated header seen
2026-01-12 01:10:28.399 [INFO ] api: cache hit
2026-01-12 01:10:29.436 [ERROR] api: upstream 503 after 3 retries
2026-01-12 01:10:30.473 [INFO ] api: user login ok
2026-01-12 01:10:31.510 [DEBUG] api: pool idle=4 active=2
2026-01-12 01:10:32.547 [INFO ] api: job scheduled
2026-01-12 01:10:33.584 [DEBUG] api: ttl=300 key=sess:5021
2026-01-12 01:10:34.621 [INFO ] api: batch flushed
2026-01-12 01:10:35.658 [INFO ] api: user login ok
2026-01-12 01:10:36.695 [INFO ] api: request handled
2026-01-12 01:10:37.732 [WARN ] api: retry 5073/3 upstream slow
2026-01-12 01:10:38.769 [INFO ] api: cache hit
2026-01-12 01:10:39.806 [ERROR] api: null ref in handler #5099
2026-01-12 01:10:40.843 [INFO ] api: user login ok
2026-01-12 01:10:41.880 [DEBUG] api: ttl=300 key=sess:5125
2026-01-12 01:10:42.917 [INFO ] api: job scheduled
2026-01-12 01:10:43.954 [DEBUG] api: pool idle=4 active=2
2026-01-12 01:10:44.991 [INFO ] api: batch flushed
2026-01-12 01:10:45.028 [INFO ] api: user login ok
2026-01-12 01:10:46.065 [INFO ] api: request handled
2026-01-12 01:10:47.102 [WARN ] api: deprecated header seen
2026-01-12 01:10:48.139 [INFO ] api: cache hit
2026-01-12 01:10:49.176 [ERROR] api: upstream 503 after 3 retries
2026-01-12 01:10:50.213 [INFO ] api: user login ok
2026-01-12 01:10:51.250 [DEBUG] api: pool idle=4 active=2
2026-01-12 01:10:52.287 [INFO ] api: job scheduled
2026-01-12 01:10:53.324 [DEBUG] api: ttl=300 key=sess:5281
2026-01-12 01:10:54.361 [INFO ] api: batch flushed
2026-01-12 01:10:55.398 [INFO ] api: user login ok
2026-01-12 01:10:56.435 [INFO ] api: request handled
2026-01-12 01:10:57.472 [WARN ] api: retry 5333/3 upstream slow
2026-01-12 01:10:58.509 [INFO ] api: cache hit
2026-01-12 01:10:59.546 [ERROR] api: null ref in handler #5359
2026-01-12 01:11:00.583 [INFO ] api: user login ok
2026-01-12 01:11:01.620 [DEBUG] api: ttl=300 key=sess:5385
2026-01-12 01:11:02.657 [INFO ] api: job scheduled
2026-01-12 01:11:03.694 [DEBUG] api: pool idle=4 active=2
2026-01-12 01:11:04.731 [INFO ] api: batch flushed
2026-01-12 01:11:05.768 [INFO ] api: user login ok
2026-01-12 01:11:06.805 [INFO ] api: request handled
2026-01-12 01:11:07.842 [WARN ] api: deprecated header seen
2026-01-12 01:11:08.879 [INFO ] api: cache hit
2026-01-12 01:11:09.916 [ERROR] api: upstream 503 after 3 retries
2026-01-12 01:11:10.953 [INFO ] api: user login ok
2026-01-12 01:11:11.990 [DEBUG] api: pool idle=4 active=2
2026-01-12 01:11:12.027 [INFO ] api: job scheduled
2026-01-12 01:11:13.064 [DEBUG] api: ttl=300 key=sess:5541
2026-01-12 01:11:14.101 [INFO ] api: batch flushed
2026-01-12 01:11:15.138 [INFO ] api: user login ok
2026-01-12 01:11:16.175 [INFO ] api: request handled
2026-01-12 01:11:17.212 [WARN ] api: retry 5593/3 upstream slow
2026-01-12 01:11:18.249 [INFO ] api: cache hit
2026-01-12 01:11:19.286 [ERROR] api: null ref in handler #5619
2026-01-12 01:11:20.323 [INFO ] api: user login ok
2026-01-12 01:11:21.360 [DEBUG] api: ttl=300 key=sess:5645
2026-01-12 01:11:22.397 [INFO ] api: job scheduled
2026-01-12 01:11:23.434 [DEBUG] api: pool idle=4 active=2
2026-01-12 01:11:24.471 [INFO ] api: batch flushed
2026-01-12 01:11:25.508 [INFO ] api: user login ok
2026-01-12 01:11:26.545 [INFO ] api: request handled
2026-01-12 01:11:27.582 [WARN ] api: deprecated header seen
2026-01-12 01:11:28.619 [INFO ] api: cache hit
2026-01-12 01:11:29.656 [ERROR] api: upstream 503 after 3 retries
2026-01-12 01:11:30.693 [INFO ] api: user login ok
2026-01-12 01:11:31.730 [DEBUG] api: pool idle=4 active=2
2026-01-12 01:11:32.767 [INFO ] api: job scheduled
2026-01-12 01:11:33.804 [DEBUG] api: ttl=300 key=sess:5801
2026-01-12 01:11:34.841 [INFO ] api: batch flushed
2026-01-12 01:11:35.878 [INFO ] api: user login ok
2026-01-12 01:11:36.915 [INFO ] api: request handled
2026-01-12 01:11:37.952 [WARN ] api: retry 5853/3 upstream slow
2026-01-12 01:11:38.989 [INFO ] api: cache hit
2026-01-12 01:11:39.026 [ERROR] api: null ref in handler #5879
2026-01-12 01:11:40.063 [INFO ] api: user login ok
2026-01-12 01:11:41.100 [DEBUG] api: ttl=300 key=sess:5905
2026-01-12 01:11:42.137 [INFO ] api: job scheduled
2026-01-12 01:11:43.174 [DEBUG] api: pool idle=4 active=2
2026-01-12 01:11:44.211 [INFO ] api: batch flushed
2026-01-12 01:11:45.248 [INFO ] api: user login ok
2026-01-12 01:11:46.285 [INFO ] api: request handled
2026-01-12 01:11:47.322 [WARN ] api: deprecated header seen
2026-01-12 01:11:48.359 [INFO ] api: cache hit
2026-01-12 01:11:49.396 [ERROR] api: upstream 503 after 3 retries
2026-01-12 01:11:50.433 [INFO ] api: user login ok
2026-01-12 01:11:51.470 [DEBUG] api: pool idle=4 active=2
2026-01-12 01:11:52.507 [INFO ] api: job scheduled
2026-01-12 01:11:53.544 [DEBUG] api: ttl=300 key=sess:6061
2026-01-12 01:11:54.581 [INFO ] api: batch flushed
2026-01-12 01:11:55.618 [INFO ] api: user login ok
2026-01-12 01:11:56.655 [INFO ] api: request handled
2026-01-12 01:11:57.692 [WARN ] api: retry 6113/3 upstream slow
2026-01-12 01:11:58.729 [INFO ] api: cache hit
2026-01-12 01:11:59.766 [ERROR] api: null ref in handler #6139
2026-01-12 01:12:00.803 [INFO ] api: user login ok
2026-01-12 01:12:01.840 [DEBUG] api: ttl=300 key=sess:6165
2026-01-12 01:12:02.877 [INFO ] api: job scheduled
2026-01-12 01:12:03.914 [DEBUG] api: pool idle=4 active=2
2026-01-12 01:12:04.951 [INFO ] api: batch flushed
2026-01-12 01:12:05.988 [INFO ] api: user login ok
2026-01-12 01:12:06.025 [INFO ] api: request handled
2026-01-12 01:12:07.062 [WARN ] api: deprecated header seen
2026-01-12 01:12:08.099 [INFO ] api: cache hit
2026-01-12 01:12:09.136 [ERROR] api: upstream 503 after 3 retries
2026-01-12 01:12:10.173 [INFO ] api: user login ok
2026-01-12 01:12:11.210 [DEBUG] api: pool idle=4 active=2
2026-01-12 01:12:12.247 [INFO ] api: job scheduled
2026-01-12 01:12:13.284 [DEBUG] api: ttl=300 key=sess:6321
2026-01-12 01:12:14.321 [INFO ] api: batch flushed
2026-01-12 01:12:15.358 [INFO ] api: user login ok
2026-01-12 01:12:16.395 [INFO ] api: request handled
2026-01-12 01:12:17.432 [WARN ] api: retry 6373/3 upstream slow
2026-01-12 01:12:18.469 [INFO ] api: cache hit
2026-01-12 01:12:19.506 [ERROR] api: null ref in handler #6399
2026-01-12 01:12:20.543 [INFO ] api: user login ok
2026-01-12 01:12:21.580 [DEBUG] api: ttl=300 key=sess:6425
2026-01-12 01:12:22.617 [INFO ] api: job scheduled
2026-01-12 01:12:23.654 [DEBUG] api: pool idle=4 active=2
2026-01-12 01:12:24.691 [INFO ] api: batch flushed
2026-01-12 01:12:25.728 [INFO ] api: user login ok
2026-01-12 01:12:26.765 [INFO ] api: request handled
2026-01-12 01:12:27.802 [WARN ] api: deprecated header seen
2026-01-12 01:12:28.839 [INFO ] api: cache hit
2026-01-12 01:12:29.876 [ERROR] api: upstream 503 after 3 retries
2026-01-12 01:12:30.913 [INFO ] api: user login ok
2026-01-12 01:12:31.950 [DEBUG] api: pool idle=4 active=2
2026-01-12 01:12:32.987 [INFO ] api: job scheduled
2026-01-12 01:12:33.024 [DEBUG] api: ttl=300 key=sess:6581
2026-01-12 01:12:34.061 [INFO ] api: batch flushed
2026-01-12 01:12:35.098 [INFO ] api: user login ok
2026-01-12 01:12:36.135 [INFO ] api: request handled
2026-01-12 01:12:37.172 [WARN ] api: retry 6633/3 upstream slow
2026-01-12 01:12:38.209 [INFO ] api: cache hit
2026-01-12 01:12:39.246 [ERROR] api: null ref in handler #6659
2026-01-12 01:12:40.283 [INFO ] api: user login ok
2026-01-12 01:12:41.320 [DEBUG] api: ttl=300 key=sess:6685
2026-01-12 01:12:42.357 [INFO ] api: job scheduled
2026-01-12 01:12:43.394 [DEBUG] api: pool idle=4 active=2
2026-01-12 01:12:44.431 [INFO ] api: batch flushed
2026-01-12 01:12:45.468 [INFO ] api: user login ok
2026-01-12 01:12:46.505 [INFO ] api: request handled
2026-01-12 01:12:47.542 [WARN ] api: deprecated header seen
2026-01-12 01:12:48.579 [INFO ] api: cache hit
2026-01-12 01:12:49.616 [ERROR] api: upstream 503 after 3 retries
2026-01-12 01:12:50.653 [INFO ] api: user login ok
2026-01-12 01:12:51.690 [DEBUG] api: pool idle=4 active=2
2026-01-12 01:12:52.727 [INFO ] api: job scheduled
2026-01-12 01:12:53.764 [DEBUG] api: ttl=300 key=sess:6841
2026-01-12 01:12:54.801 [INFO ] api: batch flushed
2026-01-12 01:12:55.838 [INFO ] api: user login ok
2026-01-12 01:12:56.875 [INFO ] api: request handled
2026-01-12 01:12:57.912 [WARN ] api: retry 6893/3 upstream slow
2026-01-12 01:12:58.949 [INFO ] api: cache hit
2026-01-12 01:12:59.986 [ERROR] api: null ref in handler #6919
2026-01-12 01:13:00.023 [INFO ] api: user login ok
2026-01-12 01:13:01.060 [DEBUG] api: ttl=300 key=sess:6945
2026-01-12 01:13:02.097 [INFO ] api: job scheduled
2026-01-12 01:13:03.134 [DEBUG] api: pool idle=4 active=2
2026-01-12 01:13:04.171 [INFO ] api: batch flushed
2026-01-12 01:13:05.208 [INFO ] api: user login ok
2026-01-12 01:13:06.245 [INFO ] api: request handled
2026-01-12 01:13:07.282 [WARN ] api: deprecated header seen
2026-01-12 01:13:08.319 [INFO ] api: cache hit
2026-01-12 01:13:09.356 [ERROR] api: upstream 503 after 3 retries
2026-01-12 01:13:10.393 [INFO ] api: user login ok
2026-01-12 01:13:11.430 [DEBUG] api: pool idle=4 active=2
2026-01-12 01:13:12.467 [INFO ] api: job scheduled
2026-01-12 01:13:13.504 [DEBUG] api: ttl=300 key=sess:7101
2026-01-12 01:13:14.541 [INFO ] api: batch flushed
2026-01-12 01:13:15.578 [INFO ] api: user login ok
2026-01-12 01:13:16.615 [INFO ] api: request handled
2026-01-12 01:13:17.652 [WARN ] api: retry 7153/3 upstream slow
2026-01-12 01:13:18.689 [INFO ] api: cache hit
2026-01-12 01:13:19.726 [ERROR] api: null ref in handler #7179
2026-01-12 01:13:20.763 [INFO ] api: user login ok
2026-01-12 01:13:21.800 [DEBUG] api: ttl=300 key=sess:7205
2026-01-12 01:13:22.837 [INFO ] api: job scheduled
2026-01-12 01:13:23.874 [DEBUG] api: pool idle=4 active=2
2026-01-12 01:13:24.911 [INFO ] api: batch flushed
2026-01-12 01:13:25.948 [INFO ] api: user login ok
2026-01-12 01:13:26.985 [INFO ] api: request handled
2026-01-12 01:13:27.022 [WARN ] api: deprecated header seen
2026-01-12 01:13:28.059 [INFO ] api: cache hit
2026-01-12 01:13:29.096 [ERROR] api: upstream 503 after 3 retries
2026-01-12 01:13:30.133 [INFO ] api: user login ok
2026-01-12 01:13:31.170 [DEBUG] api: pool idle=4 active=2
2026-01-12 01:13:32.207 [INFO ] api: job scheduled
2026-01-12 01:13:33.244 [DEBUG] api: ttl=300 key=sess:7361
2026-01-12 01:13:34.281 [INFO ] api: batch flushed
2026-01-12 01:13:35.318 [INFO ] api: user login ok
2026-01-12 01:13:36.355 [INFO ] api: request handled
2026-01-12 01:13:37.392 [WARN ] api: retry 7413/3 upstream slow
2026-01-12 01:13:38.429 [INFO ] api: cache hit
2026-01-12 01:13:39.466 [ERROR] api: null ref in handler #7439
2026-01-12 01:13:40.503 [INFO ] api: user login ok
2026-01-12 01:13:41.540 [DEBUG] api: ttl=300 key=sess:7465
2026-01-12 01:13:42.577 [INFO ] api: job scheduled
2026-01-12 01:13:43.614 [DEBUG] api: pool idle=4 active=2
2026-01-12 01:13:44.651 [INFO ] api: batch flushed
2026-01-12 01:13:45.688 [INFO ] api: user login ok
2026-01-12 01:13:46.725 [INFO ] api: request handled
2026-01-12 01:13:47.762 [WARN ] api: deprecated header seen
2026-01-12 01:13:48.799 [INFO ] api: cache hit
2026-01-12 01:13:49.836 [ERROR] api: upstream 503 after 3 retries
2026-01-12 01:13:50.873 [INFO ] api: user login ok
2026-01-12 01:13:51.910 [DEBUG] api: pool idle=4 active=2
2026-01-12 01:13:52.947 [INFO ] api: job scheduled
2026-01-12 01:13:53.984 [DEBUG] api: ttl=300 key=sess:7621
2026-01-12 01:13:54.021 [INFO ] api: batch flushed
2026-01-12 01:13:55.058 [INFO ] api: user login ok
2026-01-12 01:13:56.095 [INFO ] api: request handled
2026-01-12 01:13:57.132 [WARN ] api: retry 7673/3 upstream slow
2026-01-12 01:13:58.169 [INFO ] api: cache hit
2026-01-12 01:13:59.206 [ERROR] api: null ref in handler #7699
2026-01-12 01:14:00.243 [INFO ] api: user login ok
2026-01-12 01:14:01.280 [DEBUG] api: ttl=300 key=sess:7725
2026-01-12 01:14:02.317 [INFO ] api: job scheduled
2026-01-12 01:14:03.354 [DEBUG] api: pool idle=4 active=2
2026-01-12 01:14:04.391 [INFO ] api: batch flushed
2026-01-12 01:14:05.428 [INFO ] api: user login ok
2026-01-12 01:14:06.465 [INFO ] api: request handled
2026-01-12 01:14:07.502 [WARN ] api: deprecated header seen
2026-01-12 01:14:08.539 [INFO ] api: cache hit
2026-01-12 01:14:09.576 [ERROR] api: upstream 503 after 3 retries
2026-01-12 01:14:10.613 [INFO ] api: user login ok
2026-01-12 01:14:11.650 [DEBUG] api: pool idle=4 active=2
2026-01-12 01:14:12.687 [INFO ] api: job scheduled
2026-01-12 01:14:13.724 [DEBUG] api: ttl=300 key=sess:7881
2026-01-12 01:14:14.761 [INFO ] api: batch flushed
2026-01-12 01:14:15.798 [INFO ] api: user login ok
2026-01-12 01:14:16.835 [INFO ] api: request handled
2026-01-12 01:14:17.872 [WARN ] api: retry 7933/3 upstream slow
2026-01-12 01:14:18.909 [INFO ] api: cache hit
2026-01-12 01:14:19.946 [ERROR] api: null ref in handler #7959
2026-01-12 01:14:20.983 [INFO ] api: user login ok
2026-01-12 01:14:21.020 [DEBUG] api: ttl=300 key=sess:7985
2026-01-12 01:14:22.057 [INFO ] api: job scheduled
2026-01-12 01:14:23.094 [DEBUG] api: pool idle=4 active=2
2026-01-12 01:14:24.131 [INFO ] api: batch flushed
2026-01-12 01:14:25.168 [INFO ] api: user login ok
2026-01-12 01:14:26.205 [INFO ] api: request handled
2026-01-12 01:14:27.242 [WARN ] api: deprecated header seen
2026-01-12 01:14:28.279 [INFO ] api: cache hit
2026-01-12 01:14:29.316 [ERROR] api: upstream 503 after 3 retries
2026-01-12 01:14:30.353 [INFO ] api: user login ok
2026-01-12 01:14:31.390 [DEBUG] api: pool idle=4 active=2
2026-01-12 01:14:32.427 [INFO ] api: job scheduled
2026-01-12 01:14:33.464 [DEBUG] api: ttl=300 key=sess:8141
2026-01-12 01:14:34.501 [INFO ] api: batch flushed
2026-01-12 01:14:35.538 [INFO ] api: user login ok
2026-01-12 01:14:36.575 [INFO ] api: request handled
2026-01-12 01:14:37.612 [WARN ] api: retry 8193/3 upstream slow
2026-01-12 01:14:38.649 [INFO ] api: cache hit
2026-01-12 01:14:39.686 [ERROR] api: null ref in handler #8219
2026-01-12 01:14:40.723 [INFO ] api: user login ok
2026-01-12 01:14:41.760 [DEBUG] api: ttl=300 key=sess:8245
2026-01-12 01:14:42.797 [INFO ] api: job scheduled
2026-01-12 01:14:43.834 [DEBUG] api: pool idle=4 active=2
2026-01-12 01:14:44.871 [INFO ] api: batch flushed
2026-01-12 01:14:45.908 [INFO ] api: user login ok
2026-01-12 01:14:46.945 [INFO ] api: request handled
2026-01-12 01:14:47.982 [WARN ] api: deprecated header seen
2026-01-12 01:14:48.019 [INFO ] api: cache hit
2026-01-12 01:14:49.056 [ERROR] api: upstream 503 after 3 retries
2026-01-12 01:14:50.093 [INFO ] api: user login ok
2026-01-12 01:14:51.130 [DEBUG] api: pool idle=4 active=2
2026-01-12 01:14:52.167 [INFO ] api: job scheduled
2026-01-12 01:14:53.204 [DEBUG] api: ttl=300 key=sess:8401
2026-01-12 01:14:54.241 [INFO ] api: batch flushed
2026-01-12 01:14:55.278 [INFO ] api: user login ok
2026-01-12 01:14:56.315 [INFO ] api: request handled
2026-01-12 01:14:57.352 [WARN ] api: retry 8453/3 upstream slow
2026-01-12 01:14:58.389 [INFO ] api: cache hit
2026-01-12 01:14:59.426 [ERROR] api: null ref in handler #8479
2026-01-12 01:15:00.463 [INFO ] api: user login ok
2026-01-12 01:15:01.500 [DEBUG] api: ttl=300 key=sess:8505
2026-01-12 01:15:02.537 [INFO ] api: job scheduled
2026-01-12 01:15:03.574 [DEBUG] api: pool idle=4 active=2
2026-01-12 01:15:04.611 [INFO ] api: batch flushed
2026-01-12 01:15:05.648 [INFO ] api: user login ok
2026-01-12 01:15:06.685 [INFO ] api: request handled
2026-01-12 01:15:07.722 [WARN ] api: deprecated header seen
2026-01-12 01:15:08.759 [INFO ] api: cache hit
2026-01-12 01:15:09.796 [ERROR] api: upstream 503 after 3 retries
2026-01-12 01:15:10.833 [INFO ] api: user login ok
2026-01-12 01:15:11.870 [DEBUG] api: pool idle=4 active=2
2026-01-12 01:15:12.907 [INFO ] api: job scheduled
2026-01-12 01:15:13.944 [DEBUG] api: ttl=300 key=sess:8661
2026-01-12 01:15:14.981 [INFO ] api: batch flushed
2026-01-12 01:15:15.018 [INFO ] api: user login ok
2026-01-12 01:15:16.055 [INFO ] api: request handled
2026-01-12 01:15:17.092 [WARN ] api: retry 8713/3 upstream slow
2026-01-12 01:15:18.129 [INFO ] api: cache hit
2026-01-12 01:15:19.166 [ERROR] api: null ref in handler #8739
2026-01-12 01:15:20.203 [INFO ] api: user login ok
2026-01-12 01:15:21.240 [DEBUG] api: ttl=300 key=sess:8765
2026-01-12 01:15:22.277 [INFO ] api: job scheduled
2026-01-12 01:15:23.314 [DEBUG] api: pool idle=4 active=2
2026-01-12 01:15:24.351 [INFO ] api: batch flushed
2026-01-12 01:15:25.388 [INFO ] api: user login ok
2026-01-12 01:15:26.425 [INFO ] api: request handled
2026-01-12 01:15:27.462 [WARN ] api: deprecated header seen
2026-01-12 01:15:28.499 [INFO ] api: cache hit
2026-01-12 01:15:29.536 [ERROR] api: upstream 503 after 3 retries
2026-01-12 01:15:30.573 [INFO ] api: user login ok
2026-01-12 01:15:31.610 [DEBUG] api: pool idle=4 active=2
2026-01-12 01:15:32.647 [INFO ] api: job scheduled
2026-01-12 01:15:33.684 [DEBUG] api: ttl=300 key=sess:8921
2026-01-12 01:15:34.721 [INFO ] api: batch flushed
2026-01-12 01:15:35.758 [INFO ] api: user login ok
2026-01-12 01:15:36.795 [INFO ] api: request handled
2026-01-12 01:15:37.832 [WARN ] api: retry 8973/3 upstream slow
2026-01-12 01:15:38.869 [INFO ] api: cache hit
2026-01-12 01:15:39.906 [ERROR] api: null ref in handler #8999
2026-01-12 01:15:40.943 [INFO ] api: user login ok
2026-01-12 01:15:41.980 [DEBUG] api: ttl=300 key=sess:9025
2026-01-12 01:15:42.017 [INFO ] api: job scheduled
2026-01-12 01:15:43.054 [DEBUG] api: pool idle=4 active=2
2026-01-12 01:15:44.091 [INFO ] api: batch flushed
2026-01-12 01:15:45.128 [INFO ] api: user login ok
2026-01-12 01:15:46.165 [INFO ] api: request handled
2026-01-12 01:15:47.202 [WARN ] api: deprecated header seen
2026-01-12 01:15:48.239 [INFO ] api: cache hit
2026-01-12 01:15:49.276 [ERROR] api: upstream 503 after 3 retries
2026-01-12 01:15:50.313 [INFO ] api: user login ok
2026-01-12 01:15:51.350 [DEBUG] api: pool idle=4 active=2
2026-01-12 01:15:52.387 [INFO ] api: job scheduled
2026-01-12 01:15:53.424 [DEBUG] api: ttl=300 key=sess:9181
2026-01-12 01:15:54.461 [INFO ] api: batch flushed
2026-01-12 01:15:55.498 [INFO ] api: user login ok
2026-01-12 01:15:56.535 [INFO ] api: request handled
2026-01-12 01:15:57.572 [WARN ] api: retry 9233/3 upstream slow
2026-01-12 01:15:58.609 [INFO ] api: cache hit
2026-01-12 01:15:59.646 [ERROR] api: null ref in handler #9259
2026-01-12 01:16:00.683 [INFO ] api: user login ok
2026-01-12 01:16:01.720 [DEBUG] api: ttl=300 key=sess:9285
2026-01-12 01:16:02.757 [INFO ] api: job scheduled
2026-01-12 01:16:03.794 [DEBUG] api: pool idle=4 active=2
2026-01-12 01:16:04.831 [INFO ] api: batch flushed
2026-01-12 01:16:05.868 [INFO ] api: user login ok
2026-01-12 01:16:06.905 [INFO ] api: request handled
2026-01-12 01:16:07.942 [WARN ] api: deprecated header seen
2026-01-12 01:16:08.979 [INFO ] api: cache hit
2026-01-12 01:16:09.016 [ERROR] api: upstream 503 after 3 retries
2026-01-12 01:16:10.053 [INFO ] api: user login ok
2026-01-12 01:16:11.090 [DEBUG] api: pool idle=4 active=2
2026-01-12 01:16:12.127 [INFO ] api: job scheduled
2026-01-12 01:16:13.164 [DEBUG] api: ttl=300 key=sess:9441
2026-01-12 01:16:14.201 [INFO ] api: batch flushed
2026-01-12 01:16:15.238 [INFO ] api: user login ok
2026-01-12 01:16:16.275 [INFO ] api: request handled
2026-01-12 01:16:17.312 [WARN ] api: retry 9493/3 upstream slow
2026-01-12 01:16:18.349 [INFO ] api: cache hit
2026-01-12 01:16:19.386 [ERROR] api: null ref in handler #9519
2026-01-12 01:16:20.423 [INFO ] api: user login ok
2026-01-12 01:16:21.460 [DEBUG] api: ttl=300 key=sess:9545
2026-01-12 01:16:22.497 [INFO ] api: job scheduled
2026-01-12 01:16:23.534 [DEBUG] api: pool idle=4 active=2
2026-01-12 01:16:24.571 [INFO ] api: batch flushed
2026-01-12 01:16:25.608 [INFO ] api: user login ok
2026-01-12 01:16:26.645 [INFO ] api: request handled
2026-01-12 01:16:27.682 [WARN ] api: deprecated header seen
2026-01-12 01:16:28.719 [INFO ] api: cache hit
2026-01-12 01:16:29.756 [ERROR] api: upstream 503 after 3 retries
2026-01-12 01:16:30.793 [INFO ] api: user login ok
2026-01-12 01:16:31.830 [DEBUG] api: pool idle=4 active=2
2026-01-12 01:16:32.867 [INFO ] api: job scheduled
2026-01-12 01:16:33.904 [DEBUG] api: ttl=300 key=sess:9701
2026-01-12 01:16:34.941 [INFO ] api: batch flushed
2026-01-12 01:16:35.978 [INFO ] api: user login ok
2026-01-12 01:16:36.015 [INFO ] api: request handled
2026-01-12 01:16:37.052 [WARN ] api: retry 9753/3 upstream slow
2026-01-12 01:16:38.089 [INFO ] api: cache hit
2026-01-12 01:16:39.126 [ERROR] api: null ref in handler #9779
2026-01-12 01:16:40.163 [INFO ] api: user login ok
2026-01-12 01:16:41.200 [DEBUG] api: ttl=300 key=sess:9805
2026-01-12 01:16:42.237 [INFO ] api: job scheduled
2026-01-12 01:16:43.274 [DEBUG] api: pool idle=4 active=2
2026-01-12 01:16:44.311 [INFO ] api: batch flushed
2026-01-12 01:16:45.348 [INFO ] api: user login ok
2026-01-12 01:16:46.385 [INFO ] api: request handled
2026-01-12 01:16:47.422 [WARN ] api: deprecated header seen
2026-01-12 01:16:48.459 [INFO ] api: cache hit
2026-01-12 01:16:49.496 [ERROR] api: upstream 503 after 3 retries
2026-01-12 01:16:50.533 [INFO ] api: user login ok
2026-01-12 01:16:51.570 [DEBUG] api: pool idle=4 active=2
2026-01-12 01:16:52.607 [INFO ] api: job scheduled
2026-01-12 01:16:53.644 [DEBUG] api: ttl=300 key=sess:9961
2026-01-12 01:16:54.681 [INFO ] api: batch flushed
2026-01-12 01:16:55.718 [INFO ] api: user login ok
2026-01-12 01:16:56.755 [INFO ] api: request handled
2026-01-12 01:16:57.792 [WARN ] api: retry 14/3 upstream slow
2026-01-12 01:16:58.829 [INFO ] api: cache hit
2026-01-12 01:16:59.866 [ERROR] api: null ref in handler #40
2026-01-12 01:17:00.903 [INFO ] api: user login ok
2026-01-12 01:17:01.940 [DEBUG] api: ttl=300 key=sess:66
2026-01-12 01:17:02.977 [INFO ] api: job scheduled
2026-01-12 01:17:03.014 [DEBUG] api: pool idle=4 active=2
2026-01-12 01:17:04.051 [INFO ] api: batch flushed
2026-01-12 01:17:05.088 [INFO ] api: user login ok
2026-01-12 01:17:06.125 [INFO ] api: request handled
2026-01-12 01:17:07.162 [WARN ] api: deprecated header seen
2026-01-12 01:17:08.199 [INFO ] api: cache hit
2026-01-12 01:17:09.236 [ERROR] api: upstream 503 after 3 retries
2026-01-12 01:17:10.273 [INFO ] api: user login ok
2026-01-12 01:17:11.310 [DEBUG] api: pool idle=4 active=2
2026-01-12 01:17:12.347 [INFO ] api: job scheduled
2026-01-12 01:17:13.384 [DEBUG] api: ttl=300 key=sess:222
2026-01-12 01:17:14.421 [INFO ] api: batch flushed
2026-01-12 01:17:15.458 [INFO ] api: user login ok
2026-01-12 01:17:16.495 [INFO ] api: request handled
2026-01-12 01:17:17.532 [WARN ] api: retry 274/3 upstream slow
2026-01-12 01:17:18.569 [INFO ] api: cache hit
2026-01-12 01:17:19.606 [ERROR] api: null ref in handler #300
2026-01-12 01:17:20.643 [INFO ] api: user login ok
2026-01-12 01:17:21.680 [DEBUG] api: ttl=300 key=sess:326
2026-01-12 01:17:22.717 [INFO ] api: job scheduled
2026-01-12 01:17:23.754 [DEBUG] api: pool idle=4 active=2
2026-01-12 01:17:24.791 [INFO ] api: batch flushed
2026-01-12 01:17:25.828 [INFO ] api: user login ok
2026-01-12 01:17:26.865 [INFO ] api: request handled
2026-01-12 01:17:27.902 [WARN ] api: deprecated header seen
2026-01-12 01:17:28.939 [INFO ] api: cache hit
2026-01-12 01:17:29.976 [ERROR] api: upstream 503 after 3 retries
2026-01-12 01:17:30.013 [INFO ] api: user login ok
2026-01-12 01:17:31.050 [DEBUG] api: pool idle=4 active=2
2026-01-12 01:17:32.087 [INFO ] api: job scheduled
2026-01-12 01:17:33.124 [DEBUG] api: ttl=300 key=sess:482
2026-01-12 01:17:34.161 [INFO ] api: batch flushed
2026-01-12 01:17:35.198 [INFO ] api: user login ok
2026-01-12 01:17:36.235 [INFO ] api: request handled
2026-01-12 01:17:37.272 [WARN ] api: retry 534/3 upstream slow
2026-01-12 01:17:38.309 [INFO ] api: cache hit
2026-01-12 01:17:39.346 [ERROR] api: null ref in handler #560
2026-01-12 01:17:40.383 [INFO ] api: user login ok
2026-01-12 01:17:41.420 [DEBUG] api: ttl=300 key=sess:586
2026-01-12 01:17:42.457 [INFO ] api: job scheduled
2026-01-12 01:17:43.494 [DEBUG] api: pool idle=4 active=2
2026-01-12 01:17:44.531 [INFO ] api: batch flushed
2026-01-12 01:17:45.568 [INFO ] api: user login ok
2026-01-12 01:17:46.605 [INFO ] api: request handled
2026-01-12 01:17:47.642 [WARN ] api: deprecated header seen
2026-01-12 01:17:48.679 [INFO ] api: cache hit
2026-01-12 01:17:49.716 [ERROR] api: upstream 503 after 3 retries
2026-01-12 01:17:50.753 [INFO ] api: user login ok
2026-01-12 01:17:51.790 [DEBUG] api: pool idle=4 active=2
2026-01-12 01:17:52.827 [INFO ] api: job scheduled
2026-01-12 01:17:53.864 [DEBUG] api: ttl=300 key=sess:742
2026-01-12 01:17:54.901 [INFO ] api: batch flushed
2026-01-12 01:17:55.938 [INFO ] api: user login ok
2026-01-12 01:17:56.975 [INFO ] api: request handled
2026-01-12 01:17:57.012 [WARN ] api: retry 794/3 upstream slow
2026-01-12 01:17:58.049 [INFO ] api: cache hit
2026-01-12 01:17:59.086 [ERROR] api: null ref in handler #820
2026-01-12 01:18:00.123 [INFO ] api: user login ok
2026-01-12 01:18:01.160 [DEBUG] api: ttl=300 key=sess:846
2026-01-12 01:18:02.197 [INFO ] api: job scheduled
2026-01-12 01:18:03.234 [DEBUG] api: pool idle=4 active=2
2026-01-12 01:18:04.271 [INFO ] api: batch flushed
2026-01-12 01:18:05.308 [INFO ] api: user login ok
2026-01-12 01:18:06.345 [INFO ] api: request handled
2026-01-12 01:18:07.382 [WARN ] api: deprecated header seen
2026-01-12 01:18:08.419 [INFO ] api: cache hit
2026-01-12 01:18:09.456 [ERROR] api: upstream 503 after 3 retries
2026-01-12 01:18:10.493 [INFO ] api: user login ok
2026-01-12 01:18:11.530 [DEBUG] api: pool idle=4 active=2
2026-01-12 01:18:12.567 [INFO ] api: job scheduled
2026-01-12 01:18:13.604 [DEBUG] api: ttl=300 key=sess:1002
2026-01-12 01:18:14.641 [INFO ] api: batch flushed
2026-01-12 01:18:15.678 [INFO ] api: user login ok
2026-01-12 01:18:16.715 [INFO ] api: request handled
2026-01-12 01:18:17.752 [WARN ] api: retry 1054/3 upstream slow
2026-01-12 01:18:18.789 [INFO ] api: cache hit
2026-01-12 01:18:19.826 [ERROR] api: null ref in handler #1080
2026-01-12 01:18:20.863 [INFO ] api: user login ok
2026-01-12 01:18:21.900 [DEBUG] api: ttl=300 key=sess:1106
2026-01-12 01:18:22.937 [INFO ] api: job scheduled
2026-01-12 01:18:23.974 [DEBUG] api: pool idle=4 active=2
2026-01-12 01:18:24.011 [INFO ] api: batch flushed
2026-01-12 01:18:25.048 [INFO ] api: user login ok
2026-01-12 01:18:26.085 [INFO ] api: request handled
2026-01-12 01:18:27.122 [WARN ] api: deprecated header seen
2026-01-12 01:18:28.159 [INFO ] api: cache hit
2026-01-12 01:18:29.196 [ERROR] api: upstream 503 after 3 retries
2026-01-12 01:18:30.233 [INFO ] api: user login ok
2026-01-12 01:18:31.270 [DEBUG] api: pool idle=4 active=2
2026-01-12 01:18:32.307 [INFO ] api: job scheduled
2026-01-12 01:18:33.344 [DEBUG] api: ttl=300 key=sess:1262
2026-01-12 01:18:34.381 [INFO ] api: batch flushed
2026-01-12 01:18:35.418 [INFO ] api: user login ok
2026-01-12 01:18:36.455 [INFO ] api: request handled
2026-01-12 01:18:37.492 [WARN ] api: retry 1314/3 upstream slow
2026-01-12 01:18:38.529 [INFO ] api: cache hit
2026-01-12 01:18:39.566 [ERROR] api: null ref in handler #1340
2026-01-12 01:18:40.603 [INFO ] api: user login ok
2026-01-12 01:18:41.640 [DEBUG] api: ttl=300 key=sess:1366
2026-01-12 01:18:42.677 [INFO ] api: job scheduled
2026-01-12 01:18:43.714 [DEBUG] api: pool idle=4 active=2
2026-01-12 01:18:44.751 [INFO ] api: batch flushed
2026-01-12 01:18:45.788 [INFO ] api: user login ok
2026-01-12 01:18:46.825 [INFO ] api: request handled
2026-01-12 01:18:47.862 [WARN ] api: deprecated header seen
2026-01-12 01:18:48.899 [INFO ] api: cache hit
2026-01-12 01:18:49.936 [ERROR] api: upstream 503 after 3 retries
2026-01-12 01:18:50.973 [INFO ] api: user login ok
2026-01-12 01:18:51.010 [DEBUG] api: pool idle=4 active=2
2026-01-12 01:18:52.047 [INFO ] api: job scheduled
2026-01-12 01:18:53.084 [DEBUG] api: ttl=300 key=sess:1522
2026-01-12 01:18:54.121 [INFO ] api: batch flushed
2026-01-12 01:18:55.158 [INFO ] api: user login ok
2026-01-12 01:18:56.195 [INFO ] api: request handled
2026-01-12 01:18:57.232 [WARN ] api: retry 1574/3 upstream slow
2026-01-12 01:18:58.269 [INFO ] api: cache hit
2026-01-12 01:18:59.306 [ERROR] api: null ref in handler #1600
2026-01-12 01:19:00.343 [INFO ] api: user login ok
2026-01-12 01:19:01.380 [DEBUG] api: ttl=300 key=sess:1626
2026-01-12 01:19:02.417 [INFO ] api: job scheduled
2026-01-12 01:19:03.454 [DEBUG] api: pool idle=4 active=2
2026-01-12 01:19:04.491 [INFO ] api: batch flushed
2026-01-12 01:19:05.528 [INFO ] api: user login ok
2026-01-12 01:19:06.565 [INFO ] api: request handled
2026-01-12 01:19:07.602 [WARN ] api: deprecated header seen
2026-01-12 01:19:08.639 [INFO ] api: cache hit
2026-01-12 01:19:09.676 [ERROR] api: upstream 503 after 3 retries
2026-01-12 01:19:10.713 [INFO ] api: user login ok
2026-01-12 01:19:11.750 [DEBUG] api: pool idle=4 active=2
2026-01-12 01:19:12.787 [INFO ] api: job scheduled
2026-01-12 01:19:13.824 [DEBUG] api: ttl=300 key=sess:1782
2026-01-12 01:19:14.861 [INFO ] api: batch flushed
2026-01-12 01:19:15.898 [INFO ] api: user login ok
2026-01-12 01:19:16.935 [INFO ] api: request handled
2026-01-12 01:19:17.972 [WARN ] api: retry 1834/3 upstream slow
2026-01-12 01:19:18.009 [INFO ] api: cache hit
2026-01-12 01:19:19.046 [ERROR] api: null ref in handler #1860
2026-01-12 01:19:20.083 [INFO ] api: user login ok
2026-01-12 01:19:21.120 [DEBUG] api: ttl=300 key=sess:1886
2026-01-12 01:19:22.157 [INFO ] api: job scheduled
2026-01-12 01:19:23.194 [DEBUG] api: pool idle=4 active=2
2026-01-12 01:19:24.231 [INFO ] api: batch flushed
2026-01-12 01:19:25.268 [INFO ] api: user login ok
2026-01-12 01:19:26.305 [INFO ] api: request handled
2026-01-12 01:19:27.342 [WARN ] api: deprecated header seen
2026-01-12 01:19:28.379 [INFO ] api: cache hit
2026-01-12 01:19:29.416 [ERROR] api: upstream 503 after 3 retries
2026-01-12 01:19:30.453 [INFO ] api: user login ok
2026-01-12 01:19:31.490 [DEBUG] api: pool idle=4 active=2
2026-01-12 01:19:32.527 [INFO ] api: job scheduled
2026-01-12 01:19:33.564 [DEBUG] api: ttl=300 key=sess:2042
2026-01-12 01:19:34.601 [INFO ] api: batch flushed
2026-01-12 01:19:35.638 [INFO ] api: user login ok
2026-01-12 01:19:36.675 [INFO ] api: request handled
2026-01-12 01:19:37.712 [WARN ] api: retry 2094/3 upstream slow
2026-01-12 01:19:38.749 [INFO ] api: cache hit
2026-01-12 01:19:39.786 [ERROR] api: null ref in handler #2120
2026-01-12 01:19:40.823 [INFO ] api: user login ok
2026-01-12 01:19:41.860 [DEBUG] api: ttl=300 key=sess:2146
2026-01-12 01:19:42.897 [INFO ] api: job scheduled
2026-01-12 01:19:43.934 [DEBUG] api: pool idle=4 active=2
2026-01-12 01:19:44.971 [INFO ] api: batch flushed
2026-01-12 01:19:45.008 [INFO ] api: user login ok
2026-01-12 01:19:46.045 [INFO ] api: request handled
2026-01-12 01:19:47.082 [WARN ] api: deprecated header seen
2026-01-12 01:19:48.119 [INFO ] api: cache hit
2026-01-12 01:19:49.156 [ERROR] api: upstream 503 after 3 retries
2026-01-12 01:19:50.193 [INFO ] api: user login ok
2026-01-12 01:19:51.230 [DEBUG] api: pool idle=4 active=2
2026-01-12 01:19:52.267 [INFO ] api: job scheduled
2026-01-12 01:19:53.304 [DEBUG] api: ttl=300 key=sess:2302
2026-01-12 01:19:54.341 [INFO ] api: batch flushed
2026-01-12 01:19:55.378 [INFO ] api: user login ok
2026-01-12 01:19:56.415 [INFO ] api: request handled
2026-01-12 01:19:57.452 [WARN ] api: retry 2354/3 upstream slow
2026-01-12 01:19:58.489 [INFO ] api: cache hit
2026-01-12 01:19:59.526 [ERROR] api: null ref in handler #2380
2026-01-12 01:20:00.563 [INFO ] api: user login ok
2026-01-12 01:20:01.600 [DEBUG] api: ttl=300 key=sess:2406
2026-01-12 01:20:02.637 [INFO ] api: job scheduled
2026-01-12 01:20:03.674 [DEBUG] api: pool idle=4 active=2
2026-01-12 01:20:04.711 [INFO ] api: batch flushed
2026-01-12 01:20:05.748 [INFO ] api: user login ok
2026-01-12 01:20:06.785 [INFO ] api: request handled
2026-01-12 01:20:07.822 [WARN ] api: deprecated header seen
2026-01-12 01:20:08.859 [INFO ] api: cache hit
2026-01-12 01:20:09.896 [ERROR] api: upstream 503 after 3 retries
2026-01-12 01:20:10.933 [INFO ] api: user login ok
2026-01-12 01:20:11.970 [DEBUG] api: pool idle=4 active=2
2026-01-12 01:20:12.007 [INFO ] api: job scheduled
2026-01-12 01:20:13.044 [DEBUG] api: ttl=300 key=sess:2562
2026-01-12 01:20:14.081 [INFO ] api: batch flushed
2026-01-12 01:20:15.118 [INFO ] api: user login ok
2026-01-12 01:20:16.155 [INFO ] api: request handled
2026-01-12 01:20:17.192 [WARN ] api: retry 2614/3 upstream slow
2026-01-12 01:20:18.229 [INFO ] api: cache hit
2026-01-12 01:20:19.266 [ERROR] api: null ref in handler #2640
2026-01-12 01:20:20.303 [INFO ] api: user login ok
2026-01-12 01:20:21.340 [DEBUG] api: ttl=300 key=sess:2666
2026-01-12 01:20:22.377 [INFO ] api: job scheduled
2026-01-12 01:20:23.414 [DEBUG] api: pool idle=4 active=2
2026-01-12 01:20:24.451 [INFO ] api: batch flushed
2026-01-12 01:20:25.488 [INFO ] api: user login ok
2026-01-12 01:20:26.525 [INFO ] api: request handled
2026-01-12 01:20:27.562 [WARN ] api: deprecated header seen
2026-01-12 01:20:28.599 [INFO ] api: cache hit
2026-01-12 01:20:29.636 [ERROR] api: upstream 503 after 3 retries
2026-01-12 01:20:30.673 [INFO ] api: user login ok
2026-01-12 01:20:31.710 [DEBUG] api: pool idle=4 active=2
2026-01-12 01:20:32.747 [INFO ] api: job scheduled
2026-01-12 01:20:33.784 [DEBUG] api: ttl=300 key=sess:2822
2026-01-12 01:20:34.821 [INFO ] api: batch flushed
2026-01-12 01:20:35.858 [INFO ] api: user login ok
2026-01-12 01:20:36.895 [INFO ] api: request handled
2026-01-12 01:20:37.932 [WARN ] api: retry 2874/3 upstream slow
2026-01-12 01:20:38.969 [INFO ] api: cache hit
2026-01-12 01:20:39.006 [ERROR] api: null ref in handler #2900
2026-01-12 01:20:40.043 [INFO ] api: user login ok
2026-01-12 01:20:41.080 [DEBUG] api: ttl=300 key=sess:2926
2026-01-12 01:20:42.117 [INFO ] api: job scheduled
2026-01-12 01:20:43.154 [DEBUG] api: pool idle=4 active=2
2026-01-12 01:20:44.191 [INFO ] api: batch flushed
2026-01-12 01:20:45.228 [INFO ] api: user login ok
2026-01-12 01:20:46.265 [INFO ] api: request handled
2026-01-12 01:20:47.302 [WARN ] api: deprecated header seen
2026-01-12 01:20:48.339 [INFO ] api: cache hit
2026-01-12 01:20:49.376 [ERROR] api: upstream 503 after 3 retries
2026-01-12 01:20:50.413 [INFO ] api: user login ok
2026-01-12 01:20:51.450 [DEBUG] api: pool idle=4 active=2
2026-01-12 01:20:52.487 [INFO ] api: job scheduled
2026-01-12 01:20:53.524 [DEBUG] api: ttl=300 key=sess:3082
2026-01-12 01:20:54.561 [INFO ] api: batch flushed
2026-01-12 01:20:55.598 [INFO ] api: user login ok
2026-01-12 01:20:56.635 [INFO ] api: request handled
2026-01-12 01:20:57.672 [WARN ] api: retry 3134/3 upstream slow
2026-01-12 01:20:58.709 [INFO ] api: cache hit
2026-01-12 01:20:59.746 [ERROR] api: null ref in handler #3160
2026-01-12 01:21:00.783 [INFO ] api: user login ok
2026-01-12 01:21:01.820 [DEBUG] api: ttl=300 key=sess:3186
2026-01-12 01:21:02.857 [INFO ] api: job scheduled
2026-01-12 01:21:03.894 [DEBUG] api: pool idle=4 active=2
2026-01-12 01:21:04.931 [INFO ] api: batch flushed
2026-01-12 01:21:05.968 [INFO ] api: user login ok
2026-01-12 01:21:06.005 [INFO ] api: request handled
2026-01-12 01:21:07.042 [WARN ] api: deprecated header seen
2026-01-12 01:21:08.079 [INFO ] api: cache hit
2026-01-12 01:21:09.116 [ERROR] api: upstream 503 after 3 retries
2026-01-12 01:21:10.153 [INFO ] api: user login ok
2026-01-12 01:21:11.190 [DEBUG] api: pool idle=4 active=2
2026-01-12 01:21:12.227 [INFO ] api: job scheduled
2026-01-12 01:21:13.264 [DEBUG] api: ttl=300 key=sess:3342
2026-01-12 01:21:14.301 [INFO ] api: batch flushed
2026-01-12 01:21:15.338 [INFO ] api: user login ok
2026-01-12 01:21:16.375 [INFO ] api: request handled
2026-01-12 01:21:17.412 [WARN ] api: retry 3394/3 upstream slow
2026-01-12 01:21:18.449 [INFO ] api: cache hit
2026-01-12 01:21:19.486 [ERROR] api: null ref in handler #3420
2026-01-12 01:21:20.523 [INFO ] api: user login ok
2026-01-12 01:21:21.560 [DEBUG] api: ttl=300 key=sess:3446
2026-01-12 01:21:22.597 [INFO ] api: job scheduled
2026-01-12 01:21:23.634 [DEBUG] api: pool idle=4 active=2
2026-01-12 01:21:24.671 [INFO ] api: batch flushed
2026-01-12 01:21:25.708 [INFO ] api: user login ok
2026-01-12 01:21:26.745 [INFO ] api: request handled
2026-01-12 01:21:27.782 [WARN ] api: deprecated header seen
2026-01-12 01:21:28.819 [INFO ] api: cache hit
2026-01-12 01:21:29.856 [ERROR] api: upstream 503 after 3 retries
2026-01-12 01:21:30.893 [INFO ] api: user login ok
2026-01-12 01:21:31.930 [DEBUG] api: pool idle=4 active=2
2026-01-12 01:21:32.967 [INFO ] api: job scheduled
2026-01-12 01:21:33.004 [DEBUG] api: ttl=300 key=sess:3602
2026-01-12 01:21:34.041 [INFO ] api: batch flushed
2026-01-12 01:21:35.078 [INFO ] api: user login ok
2026-01-12 01:21:36.115 [INFO ] api: request handled
2026-01-12 01:21:37.152 [WARN ] api: retry 3654/3 upstream slow
2026-01-12 01:21:38.189 [INFO ] api: cache hit
2026-01-12 01:21:39.226 [ERROR] api: null ref in handler #3680
2026-01-12 01:21:40.263 [INFO ] api: user login ok
2026-01-12 01:21:41.300 [DEBUG] api: ttl=300 key=sess:3706
2026-01-12 01:21:42.337 [INFO ] api: job scheduled
2026-01-12 01:21:43.374 [DEBUG] api: pool idle=4 active=2
2026-01-12 01:21:44.411 [INFO ] api: batch flushed
2026-01-12 01:21:45.448 [INFO ] api: user login ok
2026-01-12 01:21:46.485 [INFO ] api: request handled
2026-01-12 01:21:47.522 [WARN ] api: deprecated header seen
2026-01-12 01:21:48.559 [INFO ] api: cache hit
2026-01-12 01:21:49.596 [ERROR] api: upstream 503 after 3 retries
2026-01-12 01:21:50.633 [INFO ] api: user login ok
2026-01-12 01:21:51.670 [DEBUG] api: pool idle=4 active=2
2026-01-12 01:21:52.707 [INFO ] api: job scheduled
2026-01-12 01:21:53.744 [DEBUG] api: ttl=300 key=sess:3862
2026-01-12 01:21:54.781 [INFO ] api: batch flushed
2026-01-12 01:21:55.818 [INFO ] api: user login ok
2026-01-12 01:21:56.855 [INFO ] api: request handled
2026-01-12 01:21:57.892 [WARN ] api: retry 3914/3 upstream slow
2026-01-12 01:21:58.929 [INFO ] api: cache hit
2026-01-12 01:21:59.966 [ERROR] api: null ref in handler #3940
2026-01-12 01:22:00.003 [INFO ] api: user login ok
2026-01-12 01:22:01.040 [DEBUG] api: ttl=300 key=sess:3966
2026-01-12 01:22:02.077 [INFO ] api: job scheduled
2026-01-12 01:22:03.114 [DEBUG] api: pool idle=4 active=2
2026-01-12 01:22:04.151 [INFO ] api: batch flushed
2026-01-12 01:22:05.188 [INFO ] api: user login ok
2026-01-12 01:22:06.225 [INFO ] api: request handled
2026-01-12 01:22:07.262 [WARN ] api: deprecated header seen
2026-01-12 01:22:08.299 [INFO ] api: cache hit
2026-01-12 01:22:09.336 [ERROR] api: upstream 503 after 3 retries
2026-01-12 01:22:10.373 [INFO ] api: user login ok
2026-01-12 01:22:11.410 [DEBUG] api: pool idle=4 active=2
2026-01-12 01:22:12.447 [INFO ] api: job scheduled
2026-01-12 01:22:13.484 [DEBUG] api: ttl=300 key=sess:4122
2026-01-12 01:22:14.521 [INFO ] api: batch flushed
2026-01-12 01:22:15.558 [INFO ] api: user login ok
2026-01-12 01:22:16.595 [INFO ] api: request handled
2026-01-12 01:22:17.632 [WARN ] api: retry 4174/3 upstream slow
2026-01-12 01:22:18.669 [INFO ] api: cache hit
2026-01-12 01:22:19.706 [ERROR] api: null ref in handler #4200
2026-01-12 01:22:20.743 [INFO ] api: user login ok
2026-01-12 01:22:21.780 [DEBUG] api: ttl=300 key=sess:4226
2026-01-12 01:22:22.817 [INFO ] api: job scheduled
2026-01-12 01:22:23.854 [DEBUG] api: pool idle=4 active=2
2026-01-12 01:22:24.891 [INFO ] api: batch flushed
2026-01-12 01:22:25.928 [INFO ] api: user login ok
2026-01-12 01:22:26.965 [INFO ] api: request handled
2026-01-12 01:22:27.002 [WARN ] api: deprecated header seen
2026-01-12 01:22:28.039 [INFO ] api: cache hit
2026-01-12 01:22:29.076 [ERROR] api: upstream 503 after 3 retries
2026-01-12 01:22:30.113 [INFO ] api: user login ok
2026-01-12 01:22:31.150 [DEBUG] api: pool idle=4 active=2
2026-01-12 01:22:32.187 [INFO ] api: job scheduled
2026-01-12 01:22:33.224 [DEBUG] api: ttl=300 key=sess:4382
2026-01-12 01:22:34.261 [INFO ] api: batch flushed
2026-01-12 01:22:35.298 [INFO ] api: user login ok
2026-01-12 01:22:36.335 [INFO ] api: request handled
2026-01-12 01:22:37.372 [WARN ] api: retry 4434/3 upstream slow
2026-01-12 01:22:38.409 [INFO ] api: cache hit
2026-01-12 01:22:39.446 [ERROR] api: null ref in handler #4460
2026-01-12 01:22:40.483 [INFO ] api: user login ok
2026-01-12 01:22:41.520 [DEBUG] api: ttl=300 key=sess:4486
2026-01-12 01:22:42.557 [INFO ] api: job scheduled
2026-01-12 01:22:43.594 [DEBUG] api: pool idle=4 active=2
2026-01-12 01:22:44.631 [INFO ] api: batch flushed
2026-01-12 01:22:45.668 [INFO ] api: user login ok
2026-01-12 01:22:46.705 [INFO ] api: request handled
2026-01-12 01:22:47.742 [WARN ] api: deprecated header seen
2026-01-12 01:22:48.779 [INFO ] api: cache hit
2026-01-12 01:22:49.816 [ERROR] api: upstream 503 after 3 retries
2026-01-12 01:22:50.853 [INFO ] api: user login ok
2026-01-12 01:22:51.890 [DEBUG] api: pool idle=4 active=2
2026-01-12 01:22:52.927 [INFO ] api: job scheduled
2026-01-12 01:22:53.964 [DEBUG] api: ttl=300 key=sess:4642
2026-01-12 01:22:54.001 [INFO ] api: batch flushed
2026-01-12 01:22:55.038 [INFO ] api: user login ok
2026-01-12 01:22:56.075 [INFO ] api: request handled
2026-01-12 01:22:57.112 [WARN ] api: retry 4694/3 upstream slow
2026-01-12 01:22:58.149 [INFO ] api: cache hit
2026-01-12 01:22:59.186 [ERROR] api: null ref in handler #4720
2026-01-12 01:23:00.223 [INFO ] api: user login ok
2026-01-12 01:23:01.260 [DEBUG] api: ttl=300 key=sess:4746
2026-01-12 01:23:02.297 [INFO ] api: job scheduled
2026-01-12 01:23:03.334 [DEBUG] api: pool idle=4 active=2
2026-01-12 01:23:04.371 [INFO ] api: batch flushed
2026-01-12 01:23:05.408 [INFO ] api: user login ok
2026-01-12 01:23:06.445 [INFO ] api: request handled
2026-01-12 01:23:07.482 [WARN ] api: deprecated header seen
2026-01-12 01:23:08.519 [INFO ] api: cache hit
2026-01-12 01:23:09.556 [ERROR] api: upstream 503 after 3 retries
2026-01-12 01:23:10.593 [INFO ] api: user login ok
2026-01-12 01:23:11.630 [DEBUG] api: pool idle=4 active=2
2026-01-12 01:23:12.667 [INFO ] api: job scheduled
2026-01-12 01:23:13.704 [DEBUG] api: ttl=300 key=sess:4902
2026-01-12 01:23:14.741 [INFO ] api: batch flushed
2026-01-12 01:23:15.778 [INFO ] api: user login ok
2026-01-12 01:23:16.815 [INFO ] api: request handled
2026-01-12 01:23:17.852 [WARN ] api: retry 4954/3 upstream slow
2026-01-12 01:23:18.889 [INFO ] api: cache hit
2026-01-12 01:23:19.926 [ERROR] api: null ref in handler #4980
2026-01-12 01:23:20.963 [INFO ] api: user login ok
2026-01-12 01:23:21.000 [DEBUG] api: ttl=300 key=sess:5006
2026-01-12 01:23:22.037 [INFO ] api: job scheduled
2026-01-12 01:23:23.074 [DEBUG] api: pool idle=4 active=2
2026-01-12 01:23:24.111 [INFO ] api: batch flushed
2026-01-12 01:23:25.148 [INFO ] api: user login ok
2026-01-12 01:23:26.185 [INFO ] api: request handled
2026-01-12 01:23:27.222 [WARN ] api: deprecated header seen
2026-01-12 01:23:28.259 [INFO ] api: cache hit
2026-01-12 01:23:29.296 [ERROR] api: upstream 503 after 3 retries
2026-01-12 01:23:30.333 [INFO ] api: user login ok
2026-01-12 01:23:31.370 [DEBUG] api: pool idle=4 active=2
2026-01-12 01:23:32.407 [INFO ] api: job scheduled
2026-01-12 01:23:33.444 [DEBUG] api: ttl=300 key=sess:5162
2026-01-12 01:23:34.481 [INFO ] api: batch flushed
2026-01-12 01:23:35.518 [INFO ] api: user login ok
2026-01-12 01:23:36.555 [INFO ] api: request handled
2026-01-12 01:23:37.592 [WARN ] api: retry 5214/3 upstream slow
2026-01-12 01:23:38.629 [INFO ] api: cache hit
2026-01-12 01:23:39.666 [ERROR] api: null ref in handler #5240
2026-01-12 01:23:40.703 [INFO ] api: user login ok
2026-01-12 01:23:41.740 [DEBUG] api: ttl=300 key=sess:5266
2026-01-12 01:23:42.777 [INFO ] api: job scheduled
2026-01-12 01:23:43.814 [DEBUG] api: pool idle=4 active=2
2026-01-12 01:23:44.851 [INFO ] api: batch flushed
2026-01-12 01:23:45.888 [INFO ] api: user login ok
2026-01-12 01:23:46.925 [INFO ] api: request handled
2026-01-12 01:23:47.962 [WARN ] api: deprecated header seen
2026-01-12 01:23:48.999 [INFO ] api: cache hit
2026-01-12 01:23:49.036 [ERROR] api: upstream 503 after 3 retries
2026-01-12 01:23:50.073 [INFO ] api: user login ok
2026-01-12 01:23:51.110 [DEBUG] api: pool idle=4 active=2
2026-01-12 01:23:52.147 [INFO ] api: job scheduled
2026-01-12 01:23:53.184 [DEBUG] api: ttl=300 key=sess:5422
2026-01-12 01:23:54.221 [INFO ] api: batch flushed
2026-01-12 01:23:55.258 [INFO ] api: user login ok
2026-01-12 01:23:56.295 [INFO ] api: request handled
2026-01-12 01:23:57.332 [WARN ] api: retry 5474/3 upstream slow
2026-01-12 01:23:58.369 [INFO ] api: cache hit
2026-01-12 01:23:59.406 [ERROR] api: null ref in handler #5500
2026-01-12 01:24:00.443 [INFO ] api: user login ok
2026-01-12 01:24:01.480 [DEBUG] api: ttl=300 key=sess:5526
2026-01-12 01:24:02.517 [INFO ] api: job scheduled
2026-01-12 01:24:03.554 [DEBUG] api: pool idle=4 active=2
2026-01-12 01:24:04.591 [INFO ] api: batch flushed
2026-01-12 01:24:05.628 [INFO ] api: user login ok
2026-01-12 01:24:06.665 [INFO ] api: request handled
2026-01-12 01:24:07.702 [WARN ] api: deprecated header seen
2026-01-12 01:24:08.739 [INFO ] api: cache hit
2026-01-12 01:24:09.776 [ERROR] api: upstream 503 after 3 retries
2026-01-12 01:24:10.813 [INFO ] api: user login ok
2026-01-12 01:24:11.850 [DEBUG] api: pool idle=4 active=2
2026-01-12 01:24:12.887 [INFO ] api: job scheduled
2026-01-12 01:24:13.924 [DEBUG] api: ttl=300 key=sess:5682
2026-01-12 01:24:14.961 [INFO ] api: batch flushed
2026-01-12 01:24:15.998 [INFO ] api: user login ok
2026-01-12 01:24:16.035 [INFO ] api: request handled
2026-01-12 01:24:17.072 [WARN ] api: retry 5734/3 upstream slow
2026-01-12 01:24:18.109 [INFO ] api: cache hit
2026-01-12 01:24:19.146 [ERROR] api: null ref in handler #5760
2026-01-12 01:24:20.183 [INFO ] api: user login ok
2026-01-12 01:24:21.220 [DEBUG] api: ttl=300 key=sess:5786
2026-01-12 01:24:22.257 [INFO ] api: job scheduled
2026-01-12 01:24:23.294 [DEBUG] api: pool idle=4 active=2
2026-01-12 01:24:24.331 [INFO ] api: batch flushed
2026-01-12 01:24:25.368 [INFO ] api: user login ok
2026-01-12 01:24:26.405 [INFO ] api: request handled
2026-01-12 01:24:27.442 [WARN ] api: deprecated header seen
2026-01-12 01:24:28.479 [INFO ] api: cache hit
2026-01-12 01:24:29.516 [ERROR] api: upstream 503 after 3 retries
2026-01-12 01:24:30.553 [INFO ] api: user login ok
2026-01-12 01:24:31.590 [DEBUG] api: pool idle=4 active=2
2026-01-12 01:24:32.627 [INFO ] api: job scheduled
2026-01-12 01:24:33.664 [DEBUG] api: ttl=300 key=sess:5942
2026-01-12 01:24:34.701 [INFO ] api: batch flushed
2026-01-12 01:24:35.738 [INFO ] api: user login ok
2026-01-12 01:24:36.775 [INFO ] api: request handled
2026-01-12 01:24:37.812 [WARN ] api: retry 5994/3 upstream slow
2026-01-12 01:24:38.849 [INFO ] api: cache hit
2026-01-12 01:24:39.886 [ERROR] api: null ref in handler #6020
2026-01-12 01:24:40.923 [INFO ] api: user login ok
2026-01-12 01:24:41.960 [DEBUG] api: ttl=300 key=sess:6046
2026-01-12 01:24:42.997 [INFO ] api: job scheduled
2026-01-12 01:24:43.034 [DEBUG] api: pool idle=4 active=2
2026-01-12 01:24:44.071 [INFO ] api: batch flushed
2026-01-12 01:24:45.108 [INFO ] api: user login ok
2026-01-12 01:24:46.145 [INFO ] api: request handled
2026-01-12 01:24:47.182 [WARN ] api: deprecated header seen
2026-01-12 01:24:48.219 [INFO ] api: cache hit
2026-01-12 01:24:49.256 [ERROR] api: upstream 503 after 3 retries
2026-01-12 01:24:50.293 [INFO ] api: user login ok
2026-01-12 01:24:51.330 [DEBUG] api: pool idle=4 active=2
2026-01-12 01:24:52.367 [INFO ] api: job scheduled
2026-01-12 01:24:53.404 [DEBUG] api: ttl=300 key=sess:6202
2026-01-12 01:24:54.441 [INFO ] api: batch flushed
2026-01-12 01:24:55.478 [INFO ] api: user login ok
2026-01-12 01:24:56.515 [INFO ] api: request handled
2026-01-12 01:24:57.552 [WARN ] api: retry 6254/3 upstream slow
2026-01-12 01:24:58.589 [INFO ] api: cache hit
2026-01-12 01:24:59.626 [ERROR] api: null ref in handler #6280
2026-01-12 01:25:00.663 [INFO ] api: user login ok
2026-01-12 01:25:01.700 [DEBUG] api: ttl=300 key=sess:6306
2026-01-12 01:25:02.737 [INFO ] api: job scheduled
2026-01-12 01:25:03.774 [DEBUG] api: pool idle=4 active=2
2026-01-12 01:25:04.811 [INFO ] api: batch flushed
2026-01-12 01:25:05.848 [INFO ] api: user login ok
2026-01-12 01:25:06.885 [INFO ] api: request handled
2026-01-12 01:25:07.922 [WARN ] api: deprecated header seen
2026-01-12 01:25:08.959 [INFO ] api: cache hit
2026-01-12 01:25:09.996 [ERROR] api: upstream 503 after 3 retries
2026-01-12 01:25:10.033 [INFO ] api: user login ok
2026-01-12 01:25:11.070 [DEBUG] api: pool idle=4 active=2
2026-01-12 01:25:12.107 [INFO ] api: job scheduled
2026-01-12 01:25:13.144 [DEBUG] api: ttl=300 key=sess:6462
2026-01-12 01:25:14.181 [INFO ] api: batch flushed
2026-01-12 01:25:15.218 [INFO ] api: user login ok
2026-01-12 01:25:16.255 [INFO ] api: request handled
2026-01-12 01:25:17.292 [WARN ] api: retry 6514/3 upstream slow
2026-01-12 01:25:18.329 [INFO ] api: cache hit
2026-01-12 01:25:19.366 [ERROR] api: null ref in handler #6540
2026-01-12 01:25:20.403 [INFO ] api: user login ok
2026-01-12 01:25:21.440 [DEBUG] api: ttl=300 key=sess:6566
2026-01-12 01:25:22.477 [INFO ] api: job scheduled
2026-01-12 01:25:23.514 [DEBUG] api: pool idle=4 active=2
2026-01-12 01:25:24.551 [INFO ] api: batch flushed
2026-01-12 01:25:25.588 [INFO ] api: user login ok
2026-01-12 01:25:26.625 [INFO ] api: request handled
2026-01-12 01:25:27.662 [WARN ] api: deprecated header seen
2026-01-12 01:25:28.699 [INFO ] api: cache hit
2026-01-12 01:25:29.736 [ERROR] api: upstream 503 after 3 retries
2026-01-12 01:25:30.773 [INFO ] api: user login ok
2026-01-12 01:25:31.810 [DEBUG] api: pool idle=4 active=2
2026-01-12 01:25:32.847 [INFO ] api: job scheduled
2026-01-12 01:25:33.884 [DEBUG] api: ttl=300 key=sess:6722
2026-01-12 01:25:34.921 [INFO ] api: batch flushed
2026-01-12 01:25:35.958 [INFO ] api: user login ok
2026-01-12 01:25:36.995 [INFO ] api: request handled
2026-01-12 01:25:37.032 [WARN ] api: retry 6774/3 upstream slow
2026-01-12 01:25:38.069 [INFO ] api: cache hit
2026-01-12 01:25:39.106 [ERROR] api: null ref in handler #6800
2026-01-12 01:25:40.143 [INFO ] api: user login ok
2026-01-12 01:25:41.180 [DEBUG] api: ttl=300 key=sess:6826
2026-01-12 01:25:42.217 [INFO ] api: job scheduled
2026-01-12 01:25:43.254 [DEBUG] api: pool idle=4 active=2
2026-01-12 01:25:44.291 [INFO ] api: batch flushed
2026-01-12 01:25:45.328 [INFO ] api: user login ok
2026-01-12 01:25:46.365 [INFO ] api: request handled
2026-01-12 01:25:47.402 [WARN ] api: deprecated header seen
2026-01-12 01:25:48.439 [INFO ] api: cache hit
2026-01-12 01:25:49.476 [ERROR] api: upstream 503 after 3 retries
2026-01-12 01:25:50.513 [INFO ] api: user login ok
2026-01-12 01:25:51.550 [DEBUG] api: pool idle=4 active=2
2026-01-12 01:25:52.587 [INFO ] api: job scheduled
2026-01-12 01:25:53.624 [DEBUG] api: ttl=300 key=sess:6982
2026-01-12 01:25:54.661 [INFO ] api: batch flushed
2026-01-12 01:25:55.698 [INFO ] api: user login ok
2026-01-12 01:25:56.735 [INFO ] api: request handled
2026-01-12 01:25:57.772 [WARN ] api: retry 7034/3 upstream slow
2026-01-12 01:25:58.809 [INFO ] api: cache hit
2026-01-12 01:25:59.846 [ERROR] api: null ref in handler #7060
2026-01-12 01:26:00.883 [INFO ] api: user login ok
2026-01-12 01:26:01.920 [DEBUG] api: ttl=300 key=sess:7086
2026-01-12 01:26:02.957 [INFO ] api: job scheduled
2026-01-12 01:26:03.994 [DEBUG] api: pool idle=4 active=2
2026-01-12 01:26:04.031 [INFO ] api: batch flushed
2026-01-12 01:26:05.068 [INFO ] api: user login ok
2026-01-12 01:26:06.105 [INFO ] api: request handled
2026-01-12 01:26:07.142 [WARN ] api: deprecated header seen
2026-01-12 01:26:08.179 [INFO ] api: cache hit
2026-01-12 01:26:09.216 [ERROR] api: upstream 503 after 3 retries
2026-01-12 01:26:10.253 [INFO ] api: user login ok
2026-01-12 01:26:11.290 [DEBUG] api: pool idle=4 active=2
2026-01-12 01:26:12.327 [INFO ] api: job scheduled
2026-01-12 01:26:13.364 [DEBUG] api: ttl=300 key=sess:7242
2026-01-12 01:26:14.401 [INFO ] api: batch flushed
2026-01-12 01:26:15.438 [INFO ] api: user login ok
2026-01-12 01:26:16.475 [INFO ] api: request handled
2026-01-12 01:26:17.512 [WARN ] api: retry 7294/3 upstream slow
2026-01-12 01:26:18.549 [INFO ] api: cache hit
2026-01-12 01:26:19.586 [ERROR] api: null ref in handler #7320
2026-01-12 01:26:20.623 [INFO ] api: user login ok
2026-01-12 01:26:21.660 [DEBUG] api: ttl=300 key=sess:7346
2026-01-12 01:26:22.697 [INFO ] api: job scheduled
2026-01-12 01:26:23.734 [DEBUG] api: pool idle=4 active=2
2026-01-12 01:26:24.771 [INFO ] api: batch flushed
2026-01-12 01:26:25.808 [INFO ] api: user login ok
2026-01-12 01:26:26.845 [INFO ] api: request handled
2026-01-12 01:26:27.882 [WARN ] api: deprecated header seen
2026-01-12 01:26:28.919 [INFO ] api: cache hit
2026-01-12 01:26:29.956 [ERROR] api: upstream 503 after 3 retries
2026-01-12 01:26:30.993 [INFO ] api: user login ok
2026-01-12 01:26:31.030 [DEBUG] api: pool idle=4 active=2
2026-01-12 01:26:32.067 [INFO ] api: job scheduled
2026-01-12 01:26:33.104 [DEBUG] api: ttl=300 key=sess:7502
2026-01-12 01:26:34.141 [INFO ] api: batch flushed
2026-01-12 01:26:35.178 [INFO ] api: user login ok
2026-01-12 01:26:36.215 [INFO ] api: request handled
2026-01-12 01:26:37.252 [WARN ] api: retry 7554/3 upstream slow
2026-01-12 01:26:38.289 [INFO ] api: cache hit
2026-01-12 01:26:39.326 [ERROR] api: null ref in handler #7580
2026-01-12 01:26:40.363 [INFO ] api: user login ok
2026-01-12 01:26:41.400 [DEBUG] api: ttl=300 key=sess:7606
2026-01-12 01:26:42.437 [INFO ] api: job scheduled
2026-01-12 01:26:43.474 [DEBUG] api: pool idle=4 active=2
2026-01-12 01:26:44.511 [INFO ] api: batch flushed
2026-01-12 01:26:45.548 [INFO ] api: user login ok
2026-01-12 01:26:46.585 [INFO ] api: request handled
2026-01-12 01:26:47.622 [WARN ] api: deprecated header seen
2026-01-12 01:26:48.659 [INFO ] api: cache hit
2026-01-12 01:26:49.696 [ERROR] api: upstream 503 after 3 retries
2026-01-12 01:26:50.733 [INFO ] api: user login ok
2026-01-12 01:26:51.770 [DEBUG] api: pool idle=4 active=2
2026-01-12 01:26:52.807 [INFO ] api: job scheduled
2026-01-12 01:26:53.844 [DEBUG] api: ttl=300 key=sess:7762
2026-01-12 01:26:54.881 [INFO ] api: batch flushed
2026-01-12 01:26:55.918 [INFO ] api: user login ok
2026-01-12 01:26:56.955 [INFO ] api: request handled
2026-01-12 01:26:57.992 [WARN ] api: retry 7814/3 upstream slow
2026-01-12 01:26:58.029 [INFO ] api: cache hit
2026-01-12 01:26:59.066 [ERROR] api: null ref in handler #7840
2026-01-12 01:27:00.103 [INFO ] api: user login ok
2026-01-12 01:27:01.140 [DEBUG] api: ttl=300 key=sess:7866
2026-01-12 01:27:02.177 [INFO ] api: job scheduled
2026-01-12 01:27:03.214 [DEBUG] api: pool idle=4 active=2
2026-01-12 01:27:04.251 [INFO ] api: batch flushed
2026-01-12 01:27:05.288 [INFO ] api: user login ok
2026-01-12 01:27:06.325 [INFO ] api: request handled
2026-01-12 01:27:07.362 [WARN ] api: deprecated header seen
2026-01-12 01:27:08.399 [INFO ] api: cache hit
2026-01-12 01:27:09.436 [ERROR] api: upstream 503 after 3 retries
2026-01-12 01:27:10.473 [INFO ] api: user login ok
2026-01-12 01:27:11.510 [DEBUG] api: pool idle=4 active=2
2026-01-12 01:27:12.547 [INFO ] api: job scheduled
2026-01-12 01:27:13.584 [DEBUG] api: ttl=300 key=sess:8022
2026-01-12 01:27:14.621 [INFO ] api: batch flushed
2026-01-12 01:27:15.658 [INFO ] api: user login ok
2026-01-12 01:27:16.695 [INFO ] api: request handled
2026-01-12 01:27:17.732 [WARN ] api: retry 8074/3 upstream slow
2026-01-12 01:27:18.769 [INFO ] api: cache hit
2026-01-12 01:27:19.806 [ERROR] api: null ref in handler #8100
2026-01-12 01:27:20.843 [INFO ] api: user login ok
2026-01-12 01:27:21.880 [DEBUG] api: ttl=300 key=sess:8126
2026-01-12 01:27:22.917 [INFO ] api: job scheduled
2026-01-12 01:27:23.954 [DEBUG] api: pool idle=4 active=2
2026-01-12 01:27:24.991 [INFO ] api: batch flushed
2026-01-12 01:27:25.028 [INFO ] api: user login ok
2026-01-12 01:27:26.065 [INFO ] api: request handled
2026-01-12 01:27:27.102 [WARN ] api: deprecated header seen
2026-01-12 01:27:28.139 [INFO ] api: cache hit
2026-01-12 01:27:29.176 [ERROR] api: upstream 503 after 3 retries
2026-01-12 01:27:30.213 [INFO ] api: user login ok
2026-01-12 01:27:31.250 [DEBUG] api: pool idle=4 active=2
2026-01-12 01:27:32.287 [INFO ] api: job scheduled
2026-01-12 01:27:33.324 [DEBUG] api: ttl=300 key=sess:8282
2026-01-12 01:27:34.361 [INFO ] api: batch flushed
2026-01-12 01:27:35.398 [INFO ] api: user login ok
2026-01-12 01:27:36.435 [INFO ] api: request handled
2026-01-12 01:27:37.472 [WARN ] api: retry 8334/3 upstream slow
2026-01-12 01:27:38.509 [INFO ] api: cache hit
2026-01-12 01:27:39.546 [ERROR] api: null ref in handler #8360
2026-01-12 01:27:40.583 [INFO ] api: user login ok
2026-01-12 01:27:41.620 [DEBUG] api: ttl=300 key=sess:8386
2026-01-12 01:27:42.657 [INFO ] api: job scheduled
2026-01-12 01:27:43.694 [DEBUG] api: pool idle=4 active=2
2026-01-12 01:27:44.731 [INFO ] api: batch flushed
2026-01-12 01:27:45.768 [INFO ] api: user login ok
2026-01-12 01:27:46.805 [INFO ] api: request handled
2026-01-12 01:27:47.842 [WARN ] api: deprecated header seen
2026-01-12 01:27:48.879 [INFO ] api: cache hit
2026-01-12 01:27:49.916 [ERROR] api: upstream 503 after 3 retries
2026-01-12 01:27:50.953 [INFO ] api: user login ok
2026-01-12 01:27:51.990 [DEBUG] api: pool idle=4 active=2
2026-01-12 01:27:52.027 [INFO ] api: job scheduled
2026-01-12 01:27:53.064 [DEBUG] api: ttl=300 key=sess:8542
2026-01-12 01:27:54.101 [INFO ] api: batch flushed
2026-01-12 01:27:55.138 [INFO ] api: user login ok
2026-01-12 01:27:56.175 [INFO ] api: request handled
2026-01-12 01:27:57.212 [WARN ] api: retry 8594/3 upstream slow
2026-01-12 01:27:58.249 [INFO ] api: cache hit
2026-01-12 01:27:59.286 [ERROR] api: null ref in handler #8620
2026-01-12 01:28:00.323 [INFO ] api: user login ok
2026-01-12 01:28:01.360 [DEBUG] api: ttl=300 key=sess:8646
2026-01-12 01:28:02.397 [INFO ] api: job scheduled
2026-01-12 01:28:03.434 [DEBUG] api: pool idle=4 active=2
2026-01-12 01:28:04.471 [INFO ] api: batch flushed
2026-01-12 01:28:05.508 [INFO ] api: user login ok
2026-01-12 01:28:06.545 [INFO ] api: request handled
2026-01-12 01:28:07.582 [WARN ] api: deprecated header seen
2026-01-12 01:28:08.619 [INFO ] api: cache hit
2026-01-12 01:28:09.656 [ERROR] api: upstream 503 after 3 retries
2026-01-12 01:28:10.693 [INFO ] api: user login ok
2026-01-12 01:28:11.730 [DEBUG] api: pool idle=4 active=2
2026-01-12 01:28:12.767 [INFO ] api: job scheduled
2026-01-12 01:28:13.804 [DEBUG] api: ttl=300 key=sess:8802
2026-01-12 01:28:14.841 [INFO ] api: batch flushed
2026-01-12 01:28:15.878 [INFO ] api: user login ok
2026-01-12 01:28:16.915 [INFO ] api: request handled
2026-01-12 01:28:17.952 [WARN ] api: retry 8854/3 upstream slow
2026-01-12 01:28:18.989 [INFO ] api: cache hit
2026-01-12 01:28:19.026 [ERROR] api: null ref in handler #8880
2026-01-12 01:28:20.063 [INFO ] api: user login ok
2026-01-12 01:28:21.100 [DEBUG] api: ttl=300 key=sess:8906
2026-01-12 01:28:22.137 [INFO ] api: job scheduled
2026-01-12 01:28:23.174 [DEBUG] api: pool idle=4 active=2
2026-01-12 01:28:24.211 [INFO ] api: batch flushed
2026-01-12 01:28:25.248 [INFO ] api: user login ok
2026-01-12 01:28:26.285 [INFO ] api: request handled
2026-01-12 01:28:27.322 [WARN ] api: deprecated header seen
2026-01-12 01:28:28.359 [INFO ] api: cache hit
2026-01-12 01:28:29.396 [ERROR] api: upstream 503 after 3 retries
2026-01-12 01:28:30.433 [INFO ] api: user login ok
2026-01-12 01:28:31.470 [DEBUG] api: pool idle=4 active=2
2026-01-12 01:28:32.507 [INFO ] api: job scheduled
2026-01-12 01:28:33.544 [DEBUG] api: ttl=300 key=sess:9062
2026-01-12 01:28:34.581 [INFO ] api: batch flushed
2026-01-12 01:28:35.618 [INFO ] api: user login ok
2026-01-12 01:28:36.655 [INFO ] api: request handled
2026-01-12 01:28:37.692 [WARN ] api: retry 9114/3 upstream slow
2026-01-12 01:28:38.729 [INFO ] api: cache hit
2026-01-12 01:28:39.766 [ERROR] api: null ref in handler #9140
2026-01-12 01:28:40.803 [INFO ] api: user login ok
2026-01-12 01:28:41.840 [DEBUG] api: ttl=300 key=sess:9166
2026-01-12 01:28:42.877 [INFO ] api: job scheduled
2026-01-12 01:28:43.914 [DEBUG] api: pool idle=4 active=2
2026-01-12 01:28:44.951 [INFO ] api: batch flushed
2026-01-12 01:28:45.988 [INFO ] api: user login ok
2026-01-12 01:28:46.025 [INFO ] api: request handled
2026-01-12 01:28:47.062 [WARN ] api: deprecated header seen
2026-01-12 01:28:48.099 [INFO ] api: cache hit
2026-01-12 01:28:49.136 [ERROR] api: upstream 503 after 3 retries
2026-01-12 01:28:50.173 [INFO ] api: user login ok
2026-01-12 01:28:51.210 [DEBUG] api: pool idle=4 active=2
2026-01-12 01:28:52.247 [INFO ] api: job scheduled
2026-01-12 01:28:53.284 [DEBUG] api: ttl=300 key=sess:9322
2026-01-12 01:28:54.321 [INFO ] api: batch flushed
2026-01-12 01:28:55.358 [INFO ] api: user login ok
2026-01-12 01:28:56.395 [INFO ] api: request handled
2026-01-12 01:28:57.432 [WARN ] api: retry 9374/3 upstream slow
2026-01-12 01:28:58.469 [INFO ] api: cache hit
2026-01-12 01:28:59.506 [ERROR] api: null ref in handler #9400
2026-01-12 01:29:00.543 [INFO ] api: user login ok
2026-01-12 01:29:01.580 [DEBUG] api: ttl=300 key=sess:9426
2026-01-12 01:29:02.617 [INFO ] api: job scheduled
2026-01-12 01:29:03.654 [DEBUG] api: pool idle=4 active=2
2026-01-12 01:29:04.691 [INFO ] api: batch flushed
2026-01-12 01:29:05.728 [INFO ] api: user login ok
2026-01-12 01:29:06.765 [INFO ] api: request handled
2026-01-12 01:29:07.802 [WARN ] api: deprecated header seen
2026-01-12 01:29:08.839 [INFO ] api: cache hit
2026-01-12 01:29:09.876 [ERROR] api: upstream 503 after 3 retries
2026-01-12 01:29:10.913 [INFO ] api: user login ok
2026-01-12 01:29:11.950 [DEBUG] api: pool idle=4 active=2
2026-01-12 01:29:12.987 [INFO ] api: job scheduled
2026-01-12 01:29:13.024 [DEBUG] api: ttl=300 key=sess:9582
2026-01-12 01:29:14.061 [INFO ] api: batch flushed
2026-01-12 01:29:15.098 [INFO ] api: user login ok
2026-01-12 01:29:16.135 [INFO ] api: request handled
2026-01-12 01:29:17.172 [WARN ] api: retry 9634/3 upstream slow
2026-01-12 01:29:18.209 [INFO ] api: cache hit
2026-01-12 01:29:19.246 [ERROR] api: null ref in handler #9660
2026-01-12 01:29:20.283 [INFO ] api: user login ok
2026-01-12 01:29:21.320 [DEBUG] api: ttl=300 key=sess:9686
2026-01-12 01:29:22.357 [INFO ] api: job scheduled
2026-01-12 01:29:23.394 [DEBUG] api: pool idle=4 active=2
2026-01-12 01:29:24.431 [INFO ] api: batch flushed
2026-01-12 01:29:25.468 [INFO ] api: user login ok
2026-01-12 01:29:26.505 [INFO ] api: request handled
2026-01-12 01:29:27.542 [WARN ] api: deprecated header seen
2026-01-12 01:29:28.579 [INFO ] api: cache hit
2026-01-12 01:29:29.616 [ERROR] api: upstream 503 after 3 retries
2026-01-12 01:29:30.653 [INFO ] api: user login ok
2026-01-12 01:29:31.690 [DEBUG] api: pool idle=4 active=2
2026-01-12 01:29:32.727 [INFO ] api: job scheduled
2026-01-12 01:29:33.764 [DEBUG] api: ttl=300 key=sess:9842
2026-01-12 01:29:34.801 [INFO ] api: batch flushed
2026-01-12 01:29:35.838 [INFO ] api: user login ok
2026-01-12 01:29:36.875 [INFO ] api: request handled
2026-01-12 01:29:37.912 [WARN ] api: retry 9894/3 upstream slow
2026-01-12 01:29:38.949 [INFO ] api: cache hit
2026-01-12 01:29:39.986 [ERROR] api: null ref in handler #9920
2026-01-12 01:29:40.023 [INFO ] api: user login ok
2026-01-12 01:29:41.060 [DEBUG] api: ttl=300 key=sess:9946
2026-01-12 01:29:42.097 [INFO ] api: job scheduled
2026-01-12 01:29:43.134 [DEBUG] api: pool idle=4 active=2
2026-01-12 01:29:44.171 [INFO ] api: batch flushed
2026-01-12 01:29:45.208 [INFO ] api: user login ok
2026-01-12 01:29:46.245 [INFO ] api: request handled
2026-01-12 01:29:47.282 [WARN ] api: deprecated header seen
2026-01-12 01:29:48.319 [INFO ] api: cache hit
2026-01-12 01:29:49.356 [ERROR] api: upstream 503 after 3 retries
2026-01-12 01:29:50.393 [INFO ] api: user login ok
2026-01-12 01:29:51.430 [DEBUG] api: pool idle=4 active=2
2026-01-12 01:29:52.467 [INFO ] api: job scheduled
2026-01-12 01:29:53.504 [DEBUG] api: ttl=300 key=sess:103
2026-01-12 01:29:54.541 [INFO ] api: batch flushed
2026-01-12 01:29:55.578 [INFO ] api: user login ok
2026-01-12 01:29:56.615 [INFO ] api: request handled
2026-01-12 01:29:57.652 [WARN ] api: retry 155/3 upstream slow
2026-01-12 01:29:58.689 [INFO ] api: cache hit
2026-01-12 01:29:59.726 [ERROR] api: null ref in handler #181
2026-01-12 01:30:00.763 [INFO ] api: user login ok
2026-01-12 01:30:01.800 [DEBUG] api: ttl=300 key=sess:207
2026-01-12 01:30:02.837 [INFO ] api: job scheduled
2026-01-12 01:30:03.874 [DEBUG] api: pool idle=4 active=2
2026-01-12 01:30:04.911 [INFO ] api: batch flushed
2026-01-12 01:30:05.948 [INFO ] api: user login ok
2026-01-12 01:30:06.985 [INFO ] api: request handled
2026-01-12 01:30:07.022 [WARN ] api: deprecated header seen
2026-01-12 01:30:08.059 [INFO ] api: cache hit
2026-01-12 01:30:09.096 [ERROR] api: upstream 503 after 3 retries
2026-01-12 01:30:10.133 [INFO ] api: user login ok
2026-01-12 01:30:11.170 [DEBUG] api: pool idle=4 active=2
2026-01-12 01:30:12.207 [INFO ] api: job scheduled
2026-01-12 01:30:13.244 [DEBUG] api: ttl=300 key=sess:363
2026-01-12 01:30:14.281 [INFO ] api: batch flushed
2026-01-12 01:30:15.318 [INFO ] api: user login ok
2026-01-12 01:30:16.355 [INFO ] api: request handled
2026-01-12 01:30:17.392 [WARN ] api: retry 415/3 upstream slow
2026-01-12 01:30:18.429 [INFO ] api: cache hit
2026-01-12 01:30:19.466 [ERROR] api: null ref in handler #441
2026-01-12 01:30:20.503 [INFO ] api: user login ok
2026-01-12 01:30:21.540 [DEBUG] api: ttl=300 key=sess:467
2026-01-12 01:30:22.577 [INFO ] api: job scheduled
2026-01-12 01:30:23.614 [DEBUG] api: pool idle=4 active=2
2026-01-12 01:30:24.651 [INFO ] api: batch flushed
2026-01-12 01:30:25.688 [INFO ] api: user login ok
2026-01-12 01:30:26.725 [INFO ] api: request handled
2026-01-12 01:30:27.762 [WARN ] api: deprecated header seen
2026-01-12 01:30:28.799 [INFO ] api: cache hit
2026-01-12 01:30:29.836 [ERROR] api: upstream 503 after 3 retries
2026-01-12 01:30:30.873 [INFO ] api: user login ok
2026-01-12 01:30:31.910 [DEBUG] api: pool idle=4 active=2
2026-01-12 01:30:32.947 [INFO ] api: job scheduled
2026-01-12 01:30:33.984 [DEBUG] api: ttl=300 key=sess:623
2026-01-12 01:30:34.021 [INFO ] api: batch flushed
2026-01-12 01:30:35.058 [INFO ] api: user login ok
2026-01-12 01:30:36.095 [INFO ] api: request handled
2026-01-12 01:30:37.132 [WARN ] api: retry 675/3 upstream slow
2026-01-12 01:30:38.169 [INFO ] api: cache hit
2026-01-12 01:30:39.206 [ERROR] api: null ref in handler #701
2026-01-12 01:30:40.243 [INFO ] api: user login ok
2026-01-12 01:30:41.280 [DEBUG] api: ttl=300 key=sess:727
2026-01-12 01:30:42.317 [INFO ] api: job scheduled
2026-01-12 01:30:43.354 [DEBUG] api: pool idle=4 active=2
2026-01-12 01:30:44.391 [INFO ] api: batch flushed
2026-01-12 01:30:45.428 [INFO ] api: user login ok
2026-01-12 01:30:46.465 [INFO ] api: request handled
2026-01-12 01:30:47.502 [WARN ] api: deprecated header seen
2026-01-12 01:30:48.539 [INFO ] api: cache hit
2026-01-12 01:30:49.576 [ERROR] api: upstream 503 after 3 retries
2026-01-12 01:30:50.613 [INFO ] api: user login ok
2026-01-12 01:30:51.650 [DEBUG] api: pool idle=4 active=2
2026-01-12 01:30:52.687 [INFO ] api: job scheduled
2026-01-12 01:30:53.724 [DEBUG] api: ttl=300 key=sess:883
2026-01-12 01:30:54.761 [INFO ] api: batch flushed
2026-01-12 01:30:55.798 [INFO ] api: user login ok
2026-01-12 01:30:56.835 [INFO ] api: request handled
2026-01-12 01:30:57.872 [WARN ] api: retry 935/3 upstream slow
2026-01-12 01:30:58.909 [INFO ] api: cache hit
2026-01-12 01:30:59.946 [ERROR] api: null ref in handler #961
2026-01-12 01:31:00.983 [INFO ] api: user login ok
2026-01-12 01:31:01.020 [DEBUG] api: ttl=300 key=sess:987
2026-01-12 01:31:02.057 [INFO ] api: job scheduled
2026-01-12 01:31:03.094 [DEBUG] api: pool idle=4 active=2
2026-01-12 01:31:04.131 [INFO ] api: batch flushed
2026-01-12 01:31:05.168 [INFO ] api: user login ok
2026-01-12 01:31:06.205 [INFO ] api: request handled
2026-01-12 01:31:07.242 [WARN ] api: deprecated header seen
2026-01-12 01:31:08.279 [INFO ] api: cache hit
2026-01-12 01:31:09.316 [ERROR] api: upstream 503 after 3 retries
2026-01-12 01:31:10.353 [INFO ] api: user login ok
2026-01-12 01:31:11.390 [DEBUG] api: pool idle=4 active=2
2026-01-12 01:31:12.427 [INFO ] api: job scheduled
2026-01-12 01:31:13.464 [DEBUG] api: ttl=300 key=sess:1143
2026-01-12 01:31:14.501 [INFO ] api: batch flushed
2026-01-12 01:31:15.538 [INFO ] api: user login ok
2026-01-12 01:31:16.575 [INFO ] api: request handled
2026-01-12 01:31:17.612 [WARN ] api: retry 1195/3 upstream slow
2026-01-12 01:31:18.649 [INFO ] api: cache hit
2026-01-12 01:31:19.686 [ERROR] api: null ref in handler #1221
2026-01-12 01:31:20.723 [INFO ] api: user login ok
2026-01-12 01:31:21.760 [DEBUG] api: ttl=300 key=sess:1247
2026-01-12 01:31:22.797 [INFO ] api: job scheduled
2026-01-12 01:31:23.834 [DEBUG] api: pool idle=4 active=2
2026-01-12 01:31:24.871 [INFO ] api: batch flushed
2026-01-12 01:31:25.908 [INFO ] api: user login ok
2026-01-12 01:31:26.945 [INFO ] api: request handled
2026-01-12 01:31:27.982 [WARN ] api: deprecated header seen
2026-01-12 01:31:28.019 [INFO ] api: cache hit
2026-01-12 01:31:29.056 [ERROR] api: upstream 503 after 3 retries
2026-01-12 01:31:30.093 [INFO ] api: user login ok
2026-01-12 01:31:31.130 [DEBUG] api: pool idle=4 active=2
2026-01-12 01:31:32.167 [INFO ] api: job scheduled
2026-01-12 01:31:33.204 [DEBUG] api: ttl=300 key=sess:1403
2026-01-12 01:31:34.241 [INFO ] api: batch flushed
2026-01-12 01:31:35.278 [INFO ] api: user login ok
2026-01-12 01:31:36.315 [INFO ] api: request handled
2026-01-12 01:31:37.352 [WARN ] api: retry 1455/3 upstream slow
2026-01-12 01:31:38.389 [INFO ] api: cache hit
2026-01-12 01:31:39.426 [ERROR] api: null ref in handler #1481
2026-01-12 01:31:40.463 [INFO ] api: user login ok
2026-01-12 01:31:41.500 [DEBUG] api: ttl=300 key=sess:1507
2026-01-12 01:31:42.537 [INFO ] api: job scheduled
2026-01-12 01:31:43.574 [DEBUG] api: pool idle=4 active=2
2026-01-12 01:31:44.611 [INFO ] api: batch flushed
2026-01-12 01:31:45.648 [INFO ] api: user login ok
2026-01-12 01:31:46.685 [INFO ] api: request handled
2026-01-12 01:31:47.722 [WARN ] api: deprecated header seen
2026-01-12 01:31:48.759 [INFO ] api: cache hit
2026-01-12 01:31:49.796 [ERROR] api: upstream 503 after 3 retries
2026-01-12 01:31:50.833 [INFO ] api: user login ok
2026-01-12 01:31:51.870 [DEBUG] api: pool idle=4 active=2
2026-01-12 01:31:52.907 [INFO ] api: job scheduled
2026-01-12 01:31:53.944 [DEBUG] api: ttl=300 key=sess:1663
2026-01-12 01:31:54.981 [INFO ] api: batch flushed
2026-01-12 01:31:55.018 [INFO ] api: user login ok
2026-01-12 01:31:56.055 [INFO ] api: request handled
2026-01-12 01:31:57.092 [WARN ] api: retry 1715/3 upstream slow
2026-01-12 01:31:58.129 [INFO ] api: cache hit
2026-01-12 01:31:59.166 [ERROR] api: null ref in handler #1741
2026-01-12 01:32:00.203 [INFO ] api: user login ok
2026-01-12 01:32:01.240 [DEBUG] api: ttl=300 key=sess:1767
2026-01-12 01:32:02.277 [INFO ] api: job scheduled
2026-01-12 01:32:03.314 [DEBUG] api: pool idle=4 active=2
2026-01-12 01:32:04.351 [INFO ] api: batch flushed
2026-01-12 01:32:05.388 [INFO ] api: user login ok
2026-01-12 01:32:06.425 [INFO ] api: request handled
2026-01-12 01:32:07.462 [WARN ] api: deprecated header seen
2026-01-12 01:32:08.499 [INFO ] api: cache hit
2026-01-12 01:32:09.536 [ERROR] api: upstream 503 after 3 retries
2026-01-12 01:32:10.573 [INFO ] api: user login ok
2026-01-12 01:32:11.610 [DEBUG] api: pool idle=4 active=2
2026-01-12 01:32:12.647 [INFO ] api: job scheduled
2026-01-12 01:32:13.684 [DEBUG] api: ttl=300 key=sess:1923
2026-01-12 01:32:14.721 [INFO ] api: batch flushed
2026-01-12 01:32:15.758 [INFO ] api: user login ok
2026-01-12 01:32:16.795 [INFO ] api: request handled
2026-01-12 01:32:17.832 [WARN ] api: retry 1975/3 upstream slow
2026-01-12 01:32:18.869 [INFO ] api: cache hit
2026-01-12 01:32:19.906 [ERROR] api: null ref in handler #2001
2026-01-12 01:32:20.943 [INFO ] api: user login ok
2026-01-12 01:32:21.980 [DEBUG] api: ttl=300 key=sess:2027
2026-01-12 01:32:22.017 [INFO ] api: job scheduled
2026-01-12 01:32:23.054 [DEBUG] api: pool idle=4 active=2
2026-01-12 01:32:24.091 [INFO ] api: batch flushed
2026-01-12 01:32:25.128 [INFO ] api: user login ok
2026-01-12 01:32:26.165 [INFO ] api: request handled
2026-01-12 01:32:27.202 [WARN ] api: deprecated header seen
2026-01-12 01:32:28.239 [INFO ] api: cache hit
2026-01-12 01:32:29.276 [ERROR] api: upstream 503 after 3 retries
2026-01-12 01:32:30.313 [INFO ] api: user login ok
2026-01-12 01:32:31.350 [DEBUG] api: pool idle=4 active=2
2026-01-12 01:32:32.387 [INFO ] api: job scheduled
2026-01-12 01:32:33.424 [DEBUG] api: ttl=300 key=sess:2183
2026-01-12 01:32:34.461 [INFO ] api: batch flushed
2026-01-12 01:32:35.498 [INFO ] api: user login ok
2026-01-12 01:32:36.535 [INFO ] api: request handled
2026-01-12 01:32:37.572 [WARN ] api: retry 2235/3 upstream slow
2026-01-12 01:32:38.609 [INFO ] api: cache hit
2026-01-12 01:32:39.646 [ERROR] api: null ref in handler #2261
2026-01-12 01:32:40.683 [INFO ] api: user login ok
2026-01-12 01:32:41.720 [DEBUG] api: ttl=300 key=sess:2287
2026-01-12 01:32:42.757 [INFO ] api: job scheduled
2026-01-12 01:32:43.794 [DEBUG] api: pool idle=4 active=2
2026-01-12 01:32:44.831 [INFO ] api: batch flushed
2026-01-12 01:32:45.868 [INFO ] api: user login ok
2026-01-12 01:32:46.905 [INFO ] api: request handled
2026-01-12 01:32:47.942 [WARN ] api: deprecated header seen
2026-01-12 01:32:48.979 [INFO ] api: cache hit
2026-01-12 01:32:49.016 [ERROR] api: upstream 503 after 3 retries
2026-01-12 01:32:50.053 [INFO ] api: user login ok
2026-01-12 01:32:51.090 [DEBUG] api: pool idle=4 active=2
2026-01-12 01:32:52.127 [INFO ] api: job scheduled
2026-01-12 01:32:53.164 [DEBUG] api: ttl=300 key=sess:2443
2026-01-12 01:32:54.201 [INFO ] api: batch flushed
2026-01-12 01:32:55.238 [INFO ] api: user login ok
2026-01-12 01:32:56.275 [INFO ] api: request handled
2026-01-12 01:32:57.312 [WARN ] api: retry 2495/3 upstream slow
2026-01-12 01:32:58.349 [INFO ] api: cache hit
2026-01-12 01:32:59.386 [ERROR] api: null ref in handler #2521
2026-01-12 01:33:00.423 [INFO ] api: user login ok
2026-01-12 01:33:01.460 [DEBUG] api: ttl=300 key=sess:2547
2026-01-12 01:33:02.497 [INFO ] api: job scheduled
2026-01-12 01:33:03.534 [DEBUG] api: pool idle=4 active=2
2026-01-12 01:33:04.571 [INFO ] api: batch flushed
2026-01-12 01:33:05.608 [INFO ] api: user login ok
2026-01-12 01:33:06.645 [INFO ] api: request handled
2026-01-12 01:33:07.682 [WARN ] api: deprecated header seen
2026-01-12 01:33:08.719 [INFO ] api: cache hit
2026-01-12 01:33:09.756 [ERROR] api: upstream 503 after 3 retries
2026-01-12 01:33:10.793 [INFO ] api: user login ok
2026-01-12 01:33:11.830 [DEBUG] api: pool idle=4 active=2
2026-01-12 01:33:12.867 [INFO ] api: job scheduled
2026-01-12 01:33:13.904 [DEBUG] api: ttl=300 key=sess:2703
2026-01-12 01:33:14.941 [INFO ] api: batch flushed
2026-01-12 01:33:15.978 [INFO ] api: user login ok
2026-01-12 01:33:16.015 [INFO ] api: request handled
2026-01-12 01:33:17.052 [WARN ] api: retry 2755/3 upstream slow
2026-01-12 01:33:18.089 [INFO ] api: cache hit
2026-01-12 01:33:19.126 [ERROR] api: null ref in handler #2781
2026-01-12 01:33:20.163 [INFO ] api: user login ok
2026-01-12 01:33:21.200 [DEBUG] api: ttl=300 key=sess:2807
2026-01-12 01:33:22.237 [INFO ] api: job scheduled
2026-01-12 01:33:23.274 [DEBUG] api: pool idle=4 active=2
2026-01-12 01:33:24.311 [INFO ] api: batch flushed
2026-01-12 01:33:25.348 [INFO ] api: user login ok
2026-01-12 01:33:26.385 [INFO ] api: request handled
2026-01-12 01:33:27.422 [WARN ] api: deprecated header seen
2026-01-12 01:33:28.459 [INFO ] api: cache hit
2026-01-12 01:33:29.496 [ERROR] api: upstream 503 after 3 retries
2026-01-12 01:33:30.533 [INFO ] api: user login ok
2026-01-12 01:33:31.570 [DEBUG] api: pool idle=4 active=2
2026-01-12 01:33:32.607 [INFO ] api: job scheduled
2026-01-12 01:33:33.644 [DEBUG] api: ttl=300 key=sess:2963
2026-01-12 01:33:34.681 [INFO ] api: batch flushed
2026-01-12 01:33:35.718 [INFO ] api: user login ok
2026-01-12 01:33:36.755 [INFO ] api: request handled
2026-01-12 01:33:37.792 [WARN ] api: retry 3015/3 upstream slow
2026-01-12 01:33:38.829 [INFO ] api: cache hit
2026-01-12 01:33:39.866 [ERROR] api: null ref in handler #3041
2026-01-12 01:33:40.903 [INFO ] api: user login ok
2026-01-12 01:33:41.940 [DEBUG] api: ttl=300 key=sess:3067
2026-01-12 01:33:42.977 [INFO ] api: job scheduled
2026-01-12 01:33:43.014 [DEBUG] api: pool idle=4 active=2
2026-01-12 01:33:44.051 [INFO ] api: batch flushed
2026-01-12 01:33:45.088 [INFO ] api: user login ok
2026-01-12 01:33:46.125 [INFO ] api: request handled
2026-01-12 01:33:47.162 [WARN ] api: deprecated header seen
2026-01-12 01:33:48.199 [INFO ] api: cache hit
2026-01-12 01:33:49.236 [ERROR] api: upstream 503 after 3 retries
2026-01-12 01:33:50.273 [INFO ] api: user login ok
2026-01-12 01:33:51.310 [DEBUG] api: pool idle=4 active=2
2026-01-12 01:33:52.347 [INFO ] api: job scheduled
2026-01-12 01:33:53.384 [DEBUG] api: ttl=300 key=sess:3223
2026-01-12 01:33:54.421 [INFO ] api: batch flushed
2026-01-12 01:33:55.458 [INFO ] api: user login ok
2026-01-12 01:33:56.495 [INFO ] api: request handled
2026-01-12 01:33:57.532 [WARN ] api: retry 3275/3 upstream slow
2026-01-12 01:33:58.569 [INFO ] api: cache hit
2026-01-12 01:33:59.606 [ERROR] api: null ref in handler #3301
2026-01-12 01:34:00.643 [INFO ] api: user login ok
2026-01-12 01:34:01.680 [DEBUG] api: ttl=300 key=sess:3327
2026-01-12 01:34:02.717 [INFO ] api: job scheduled
2026-01-12 01:34:03.754 [DEBUG] api: pool idle=4 active=2
2026-01-12 01:34:04.791 [INFO ] api: batch flushed
2026-01-12 01:34:05.828 [INFO ] api: user login ok
2026-01-12 01:34:06.865 [INFO ] api: request handled
2026-01-12 01:34:07.902 [WARN ] api: deprecated header seen
2026-01-12 01:34:08.939 [INFO ] api: cache hit
2026-01-12 01:34:09.976 [ERROR] api: upstream 503 after 3 retries
2026-01-12 01:34:10.013 [INFO ] api: user login ok
2026-01-12 01:34:11.050 [DEBUG] api: pool idle=4 active=2
2026-01-12 01:34:12.087 [INFO ] api: job scheduled
2026-01-12 01:34:13.124 [DEBUG] api: ttl=300 key=sess:3483
2026-01-12 01:34:14.161 [INFO ] api: batch flushed
2026-01-12 01:34:15.198 [INFO ] api: user login ok
2026-01-12 01:34:16.235 [INFO ] api: request handled
2026-01-12 01:34:17.272 [WARN ] api: retry 3535/3 upstream slow
2026-01-12 01:34:18.309 [INFO ] api: cache hit
2026-01-12 01:34:19.346 [ERROR] api: null ref in handler #3561
2026-01-12 01:34:20.383 [INFO ] api: user login ok
2026-01-12 01:34:21.420 [DEBUG] api: ttl=300 key=sess:3587
2026-01-12 01:34:22.457 [INFO ] api: job scheduled
2026-01-12 01:34:23.494 [DEBUG] api: pool idle=4 active=2
2026-01-12 01:34:24.531 [INFO ] api: batch flushed
2026-01-12 01:34:25.568 [INFO ] api: user login ok
2026-01-12 01:34:26.605 [INFO ] api: request handled
2026-01-12 01:34:27.642 [WARN ] api: deprecated header seen
2026-01-12 01:34:28.679 [INFO ] api: cache hit
2026-01-12 01:34:29.716 [ERROR] api: upstream 503 after 3 retries
2026-01-12 01:34:30.753 [INFO ] api: user login ok
2026-01-12 01:34:31.790 [DEBUG] api: pool idle=4 active=2
2026-01-12 01:34:32.827 [INFO ] api: job scheduled
2026-01-12 01:34:33.864 [DEBUG] api: ttl=300 key=sess:3743
2026-01-12 01:34:34.901 [INFO ] api: batch flushed
2026-01-12 01:34:35.938 [INFO ] api: user login ok
2026-01-12 01:34:36.975 [INFO ] api: request handled
2026-01-12 01:34:37.012 [WARN ] api: retry 3795/3 upstream slow
2026-01-12 01:34:38.049 [INFO ] api: cache hit
2026-01-12 01:34:39.086 [ERROR] api: null ref in handler #3821
2026-01-12 01:34:40.123 [INFO ] api: user login ok
2026-01-12 01:34:41.160 [DEBUG] api: ttl=300 key=sess:3847
2026-01-12 01:34:42.197 [INFO ] api: job scheduled
2026-01-12 01:34:43.234 [DEBUG] api: pool idle=4 active=2
2026-01-12 01:34:44.271 [INFO ] api: batch flushed
2026-01-12 01:34:45.308 [INFO ] api: user login ok
2026-01-12 01:34:46.345 [INFO ] api: request handled
2026-01-12 01:34:47.382 [WARN ] api: deprecated header seen
2026-01-12 01:34:48.419 [INFO ] api: cache hit
2026-01-12 01:34:49.456 [ERROR] api: upstream 503 after 3 retries
2026-01-12 01:34:50.493 [INFO ] api: user login ok
2026-01-12 01:34:51.530 [DEBUG] api: pool idle=4 active=2
2026-01-12 01:34:52.567 [INFO ] api: job scheduled
2026-01-12 01:34:53.604 [DEBUG] api: ttl=300 key=sess:4003
2026-01-12 01:34:54.641 [INFO ] api: batch flushed
2026-01-12 01:34:55.678 [INFO ] api: user login ok
2026-01-12 01:34:56.715 [INFO ] api: request handled
2026-01-12 01:34:57.752 [WARN ] api: retry 4055/3 upstream slow
2026-01-12 01:34:58.789 [INFO ] api: cache hit
2026-01-12 01:34:59.826 [ERROR] api: null ref in handler #4081
2026-01-12 01:35:00.863 [INFO ] api: user login ok
2026-01-12 01:35:01.900 [DEBUG] api: ttl=300 key=sess:4107
2026-01-12 01:35:02.937 [INFO ] api: job scheduled
2026-01-12 01:35:03.974 [DEBUG] api: pool idle=4 active=2
2026-01-12 01:35:04.011 [INFO ] api: batch flushed
2026-01-12 01:35:05.048 [INFO ] api: user login ok
2026-01-12 01:35:06.085 [INFO ] api: request handled
2026-01-12 01:35:07.122 [WARN ] api: deprecated header seen
2026-01-12 01:35:08.159 [INFO ] api: cache hit
2026-01-12 01:35:09.196 [ERROR] api: upstream 503 after 3 retries
2026-01-12 01:35:10.233 [INFO ] api: user login ok
2026-01-12 01:35:11.270 [DEBUG] api: pool idle=4 active=2
2026-01-12 01:35:12.307 [INFO ] api: job scheduled
2026-01-12 01:35:13.344 [DEBUG] api: ttl=300 key=sess:4263
2026-01-12 01:35:14.381 [INFO ] api: batch flushed
2026-01-12 01:35:15.418 [INFO ] api: user login ok
2026-01-12 01:35:16.455 [INFO ] api: request handled
2026-01-12 01:35:17.492 [WARN ] api: retry 4315/3 upstream slow
2026-01-12 01:35:18.529 [INFO ] api: cache hit
2026-01-12 01:35:19.566 [ERROR] api: null ref in handler #4341
2026-01-12 01:35:20.603 [INFO ] api: user login ok
2026-01-12 01:35:21.640 [DEBUG] api: ttl=300 key=sess:4367
2026-01-12 01:35:22.677 [INFO ] api: job scheduled
2026-01-12 01:35:23.714 [DEBUG] api: pool idle=4 active=2
2026-01-12 01:35:24.751 [INFO ] api: batch flushed
2026-01-12 01:35:25.788 [INFO ] api: user login ok
2026-01-12 01:35:26.825 [INFO ] api: request handled
2026-01-12 01:35:27.862 [WARN ] api: deprecated header seen
2026-01-12 01:35:28.899 [INFO ] api: cache hit
2026-01-12 01:35:29.936 [ERROR] api: upstream 503 after 3 retries
2026-01-12 01:35:30.973 [INFO ] api: user login ok
2026-01-12 01:35:31.010 [DEBUG] api: pool idle=4 active=2
2026-01-12 01:35:32.047 [INFO ] api: job scheduled
2026-01-12 01:35:33.084 [DEBUG] api: ttl=300 key=sess:4523
2026-01-12 01:35:34.121 [INFO ] api: batch flushed
2026-01-12 01:35:35.158 [INFO ] api: user login ok
2026-01-12 01:35:36.195 [INFO ] api: request handled
2026-01-12 01:35:37.232 [WARN ] api: retry 4575/3 upstream slow
2026-01-12 01:35:38.269 [INFO ] api: cache hit
2026-01-12 01:35:39.306 [ERROR] api: null ref in handler #4601
2026-01-12 01:35:40.343 [INFO ] api: user login ok
2026-01-12 01:35:41.380 [DEBUG] api: ttl=300 key=sess:4627
2026-01-12 01:35:42.417 [INFO ] api: job scheduled
2026-01-12 01:35:43.454 [DEBUG] api: pool idle=4 active=2
2026-01-12 01:35:44.491 [INFO ] api: batch flushed
2026-01-12 01:35:45.528 [INFO ] api: user login ok
2026-01-12 01:35:46.565 [INFO ] api: request handled
2026-01-12 01:35:47.602 [WARN ] api: deprecated header seen
2026-01-12 01:35:48.639 [INFO ] api: cache hit
2026-01-12 01:35:49.676 [ERROR] api: upstream 503 after 3 retries
2026-01-12 01:35:50.713 [INFO ] api: user login ok
2026-01-12 01:35:51.750 [DEBUG] api: pool idle=4 active=2
2026-01-12 01:35:52.787 [INFO ] api: job scheduled
2026-01-12 01:35:53.824 [DEBUG] api: ttl=300 key=sess:4783
2026-01-12 01:35:54.861 [INFO ] api: batch flushed
2026-01-12 01:35:55.898 [INFO ] api: user login ok
2026-01-12 01:35:56.935 [INFO ] api: request handled
2026-01-12 01:35:57.972 [WARN ] api: retry 4835/3 upstream slow
2026-01-12 01:35:58.009 [INFO ] api: cache hit
2026-01-12 01:35:59.046 [ERROR] api: null ref in handler #4861
2026-01-12 01:36:00.083 [INFO ] api: user login ok
2026-01-12 01:36:01.120 [DEBUG] api: ttl=300 key=sess:4887
2026-01-12 01:36:02.157 [INFO ] api: job scheduled
2026-01-12 01:36:03.194 [DEBUG] api: pool idle=4 active=2
2026-01-12 01:36:04.231 [INFO ] api: batch flushed
2026-01-12 01:36:05.268 [INFO ] api: user login ok
2026-01-12 01:36:06.305 [INFO ] api: request handled
2026-01-12 01:36:07.342 [WARN ] api: deprecated header seen
2026-01-12 01:36:08.379 [INFO ] api: cache hit
2026-01-12 01:36:09.416 [ERROR] api: upstream 503 after 3 retries
2026-01-12 01:36:10.453 [INFO ] api: user login ok
2026-01-12 01:36:11.490 [DEBUG] api: pool idle=4 active=2
2026-01-12 01:36:12.527 [INFO ] api: job scheduled
2026-01-12 01:36:13.564 [DEBUG] api: ttl=300 key=sess:5043
2026-01-12 01:36:14.601 [INFO ] api: batch flushed
2026-01-12 01:36:15.638 [INFO ] api: user login ok
2026-01-12 01:36:16.675 [INFO ] api: request handled
2026-01-12 01:36:17.712 [WARN ] api: retry 5095/3 upstream slow
2026-01-12 01:36:18.749 [INFO ] api: cache hit
2026-01-12 01:36:19.786 [ERROR] api: null ref in handler #5121
2026-01-12 01:36:20.823 [INFO ] api: user login ok
2026-01-12 01:36:21.860 [DEBUG] api: ttl=300 key=sess:5147
2026-01-12 01:36:22.897 [INFO ] api: job scheduled
2026-01-12 01:36:23.934 [DEBUG] api: pool idle=4 active=2
2026-01-12 01:36:24.971 [INFO ] api: batch flushed
2026-01-12 01:36:25.008 [INFO ] api: user login ok
2026-01-12 01:36:26.045 [INFO ] api: request handled
2026-01-12 01:36:27.082 [WARN ] api: deprecated header seen
2026-01-12 01:36:28.119 [INFO ] api: cache hit
2026-01-12 01:36:29.156 [ERROR] api: upstream 503 after 3 retries
2026-01-12 01:36:30.193 [INFO ] api: user login ok
2026-01-12 01:36:31.230 [DEBUG] api: pool idle=4 active=2
2026-01-12 01:36:32.267 [INFO ] api: job scheduled
2026-01-12 01:36:33.304 [DEBUG] api: ttl=300 key=sess:5303
2026-01-12 01:36:34.341 [INFO ] api: batch flushed
2026-01-12 01:36:35.378 [INFO ] api: user login ok
2026-01-12 01:36:36.415 [INFO ] api: request handled
2026-01-12 01:36:37.452 [WARN ] api: retry 5355/3 upstream slow
2026-01-12 01:36:38.489 [INFO ] api: cache hit
2026-01-12 01:36:39.526 [ERROR] api: null ref in handler #5381
2026-01-12 01:36:40.563 [INFO ] api: user login ok
2026-01-12 01:36:41.600 [DEBUG] api: ttl=300 key=sess:5407
2026-01-12 01:36:42.637 [INFO ] api: job scheduled
2026-01-12 01:36:43.674 [DEBUG] api: pool idle=4 active=2
2026-01-12 01:36:44.711 [INFO ] api: batch flushed
2026-01-12 01:36:45.748 [INFO ] api: user login ok
2026-01-12 01:36:46.785 [INFO ] api: request handled
2026-01-12 01:36:47.822 [WARN ] api: deprecated header seen
2026-01-12 01:36:48.859 [INFO ] api: cache hit
2026-01-12 01:36:49.896 [ERROR] api: upstream 503 after 3 retries
2026-01-12 01:36:50.933 [INFO ] api: user login ok
2026-01-12 01:36:51.970 [DEBUG] api: pool idle=4 active=2
2026-01-12 01:36:52.007 [INFO ] api: job scheduled
2026-01-12 01:36:53.044 [DEBUG] api: ttl=300 key=sess:5563
2026-01-12 01:36:54.081 [INFO ] api: batch flushed
2026-01-12 01:36:55.118 [INFO ] api: user login ok
2026-01-12 01:36:56.155 [INFO ] api: request handled
2026-01-12 01:36:57.192 [WARN ] api: retry 5615/3 upstream slow
2026-01-12 01:36:58.229 [INFO ] api: cache hit
2026-01-12 01:36:59.266 [ERROR] api: null ref in handler #5641
2026-01-12 01:37:00.303 [INFO ] api: user login ok
2026-01-12 01:37:01.340 [DEBUG] api: ttl=300 key=sess:5667
2026-01-12 01:37:02.377 [INFO ] api: job scheduled
2026-01-12 01:37:03.414 [DEBUG] api: pool idle=4 active=2
2026-01-12 01:37:04.451 [INFO ] api: batch flushed
2026-01-12 01:37:05.488 [INFO ] api: user login ok
2026-01-12 01:37:06.525 [INFO ] api: request handled
2026-01-12 01:37:07.562 [WARN ] api: deprecated header seen
2026-01-12 01:37:08.599 [INFO ] api: cache hit
2026-01-12 01:37:09.636 [ERROR] api: upstream 503 after 3 retries
2026-01-12 01:37:10.673 [INFO ] api: user login ok
2026-01-12 01:37:11.710 [DEBUG] api: pool idle=4 active=2
2026-01-12 01:37:12.747 [INFO ] api: job scheduled
2026-01-12 01:37:13.784 [DEBUG] api: ttl=300 key=sess:5823
2026-01-12 01:37:14.821 [INFO ] api: batch flushed
2026-01-12 01:37:15.858 [INFO ] api: user login ok
2026-01-12 01:37:16.895 [INFO ] api: request handled
2026-01-12 01:37:17.932 [WARN ] api: retry 5875/3 upstream slow
2026-01-12 01:37:18.969 [INFO ] api: cache hit
2026-01-12 01:37:19.006 [ERROR] api: null ref in handler #5901
2026-01-12 01:37:20.043 [INFO ] api: user login ok
2026-01-12 01:37:21.080 [DEBUG] api: ttl=300 key=sess:5927
2026-01-12 01:37:22.117 [INFO ] api: job scheduled
2026-01-12 01:37:23.154 [DEBUG] api: pool idle=4 active=2
2026-01-12 01:37:24.191 [INFO ] api: batch flushed
2026-01-12 01:37:25.228 [INFO ] api: user login ok
2026-01-12 01:37:26.265 [INFO ] api: request handled
2026-01-12 01:37:27.302 [WARN ] api: deprecated header seen
2026-01-12 01:37:28.339 [INFO ] api: cache hit
2026-01-12 01:37:29.376 [ERROR] api: upstream 503 after 3 retries
2026-01-12 01:37:30.413 [INFO ] api: user login ok
2026-01-12 01:37:31.450 [DEBUG] api: pool idle=4 active=2
2026-01-12 01:37:32.487 [INFO ] api: job scheduled
2026-01-12 01:37:33.524 [DEBUG] api: ttl=300 key=sess:6083
2026-01-12 01:37:34.561 [INFO ] api: batch flushed
2026-01-12 01:37:35.598 [INFO ] api: user login ok
2026-01-12 01:37:36.635 [INFO ] api: request handled
2026-01-12 01:37:37.672 [WARN ] api: retry 6135/3 upstream slow
2026-01-12 01:37:38.709 [INFO ] api: cache hit
2026-01-12 01:37:39.746 [ERROR] api: null ref in handler #6161
2026-01-12 01:37:40.783 [INFO ] api: user login ok
2026-01-12 01:37:41.820 [DEBUG] api: ttl=300 key=sess:6187
2026-01-12 01:37:42.857 [INFO ] api: job scheduled
2026-01-12 01:37:43.894 [DEBUG] api: pool idle=4 active=2
2026-01-12 01:37:44.931 [INFO ] api: batch flushed
2026-01-12 01:37:45.968 [INFO ] api: user login ok
2026-01-12 01:37:46.005 [INFO ] api: request handled
2026-01-12 01:37:47.042 [WARN ] api: deprecated header seen
2026-01-12 01:37:48.079 [INFO ] api: cache hit
2026-01-12 01:37:49.116 [ERROR] api: upstream 503 after 3 retries
2026-01-12 01:37:50.153 [INFO ] api: user login ok
2026-01-12 01:37:51.190 [DEBUG] api: pool idle=4 active=2
2026-01-12 01:37:52.227 [INFO ] api: job scheduled
2026-01-12 01:37:53.264 [DEBUG] api: ttl=300 key=sess:6343
2026-01-12 01:37:54.301 [INFO ] api: batch flushed
2026-01-12 01:37:55.338 [INFO ] api: user login ok
2026-01-12 01:37:56.375 [INFO ] api: request handled
2026-01-12 01:37:57.412 [WARN ] api: retry 6395/3 upstream slow
2026-01-12 01:37:58.449 [INFO ] api: cache hit
2026-01-12 01:37:59.486 [ERROR] api: null ref in handler #6421
2026-01-12 01:38:00.523 [INFO ] api: user login ok
2026-01-12 01:38:01.560 [DEBUG] api: ttl=300 key=sess:6447
2026-01-12 01:38:02.597 [INFO ] api: job scheduled
2026-01-12 01:38:03.634 [DEBUG] api: pool idle=4 active=2
2026-01-12 01:38:04.671 [INFO ] api: batch flushed
2026-01-12 01:38:05.708 [INFO ] api: user login ok
2026-01-12 01:38:06.745 [INFO ] api: request handled
2026-01-12 01:38:07.782 [WARN ] api: deprecated header seen
2026-01-12 01:38:08.819 [INFO ] api: cache hit
2026-01-12 01:38:09.856 [ERROR] api: upstream 503 after 3 retries
2026-01-12 01:38:10.893 [INFO ] api: user login ok
2026-01-12 01:38:11.930 [DEBUG] api: pool idle=4 active=2
2026-01-12 01:38:12.967 [INFO ] api: job scheduled
2026-01-12 01:38:13.004 [DEBUG] api: ttl=300 key=sess:6603
2026-01-12 01:38:14.041 [INFO ] api: batch flushed
2026-01-12 01:38:15.078 [INFO ] api: user login ok
2026-01-12 01:38:16.115 [INFO ] api: request handled
2026-01-12 01:38:17.152 [WARN ] api: retry 6655/3 upstream slow
2026-01-12 01:38:18.189 [INFO ] api: cache hit
2026-01-12 01:38:19.226 [ERROR] api: null ref in handler #6681
2026-01-12 01:38:20.263 [INFO ] api: user login ok
2026-01-12 01:38:21.300 [DEBUG] api: ttl=300 key=sess:6707
2026-01-12 01:38:22.337 [INFO ] api: job scheduled
2026-01-12 01:38:23.374 [DEBUG] api: pool idle=4 active=2
2026-01-12 01:38:24.411 [INFO ] api: batch flushed
2026-01-12 01:38:25.448 [INFO ] api: user login ok
2026-01-12 01:38:26.485 [INFO ] api: request handled
2026-01-12 01:38:27.522 [WARN ] api: deprecated header seen
2026-01-12 01:38:28.559 [INFO ] api: cache hit
2026-01-12 01:38:29.596 [ERROR] api: upstream 503 after 3 retries
2026-01-12 01:38:30.633 [INFO ] api: user login ok
2026-01-12 01:38:31.670 [DEBUG] api: pool idle=4 active=2
2026-01-12 01:38:32.707 [INFO ] api: job scheduled
2026-01-12 01:38:33.744 [DEBUG] api: ttl=300 key=sess:6863
2026-01-12 01:38:34.781 [INFO ] api: batch flushed
2026-01-12 01:38:35.818 [INFO ] api: user login ok
2026-01-12 01:38:36.855 [INFO ] api: request handled
2026-01-12 01:38:37.892 [WARN ] api: retry 6915/3 upstream slow
2026-01-12 01:38:38.929 [INFO ] api: cache hit
2026-01-12 01:38:39.966 [ERROR] api: null ref in handler #6941
2026-01-12 01:38:40.003 [INFO ] api: user login ok
2026-01-12 01:38:41.040 [DEBUG] api: ttl=300 key=sess:6967
2026-01-12 01:38:42.077 [INFO ] api: job scheduled
2026-01-12 01:38:43.114 [DEBUG] api: pool idle=4 active=2
2026-01-12 01:38:44.151 [INFO ] api: batch flushed
2026-01-12 01:38:45.188 [INFO ] api: user login ok
2026-01-12 01:38:46.225 [INFO ] api: request handled
2026-01-12 01:38:47.262 [WARN ] api: deprecated header seen
2026-01-12 01:38:48.299 [INFO ] api: cache hit
2026-01-12 01:38:49.336 [ERROR] api: upstream 503 after 3 retries
2026-01-12 01:38:50.373 [INFO ] api: user login ok
2026-01-12 01:38:51.410 [DEBUG] api: pool idle=4 active=2
2026-01-12 01:38:52.447 [INFO ] api: job scheduled
2026-01-12 01:38:53.484 [DEBUG] api: ttl=300 key=sess:7123
2026-01-12 01:38:54.521 [INFO ] api: batch flushed
2026-01-12 01:38:55.558 [INFO ] api: user login ok
2026-01-12 01:38:56.595 [INFO ] api: request handled
2026-01-12 01:38:57.632 [WARN ] api: retry 7175/3 upstream slow
2026-01-12 01:38:58.669 [INFO ] api: cache hit
2026-01-12 01:38:59.706 [ERROR] api: null ref in handler #7201
2026-01-12 01:39:00.743 [INFO ] api: user login ok
2026-01-12 01:39:01.780 [DEBUG] api: ttl=300 key=sess:7227
2026-01-12 01:39:02.817 [INFO ] api: job scheduled
2026-01-12 01:39:03.854 [DEBUG] api: pool idle=4 active=2
2026-01-12 01:39:04.891 [INFO ] api: batch flushed
2026-01-12 01:39:05.928 [INFO ] api: user login ok
2026-01-12 01:39:06.965 [INFO ] api: request handled
2026-01-12 01:39:07.002 [WARN ] api: deprecated header seen
2026-01-12 01:39:08.039 [INFO ] api: cache hit
2026-01-12 01:39:09.076 [ERROR] api: upstream 503 after 3 retries
2026-01-12 01:39:10.113 [INFO ] api: user login ok
2026-01-12 01:39:11.150 [DEBUG] api: pool idle=4 active=2
2026-01-12 01:39:12.187 [INFO ] api: job scheduled
2026-01-12 01:39:13.224 [DEBUG] api: ttl=300 key=sess:7383
2026-01-12 01:39:14.261 [INFO ] api: batch flushed
2026-01-12 01:39:15.298 [INFO ] api: user login ok
2026-01-12 01:39:16.335 [INFO ] api: request handled
2026-01-12 01:39:17.372 [WARN ] api: retry 7435/3 upstream slow
2026-01-12 01:39:18.409 [INFO ] api: cache hit
2026-01-12 01:39:19.446 [ERROR] api: null ref in handler #7461
2026-01-12 01:39:20.483 [INFO ] api: user login ok
2026-01-12 01:39:21.520 [DEBUG] api: ttl=300 key=sess:7487
2026-01-12 01:39:22.557 [INFO ] api: job scheduled
2026-01-12 01:39:23.594 [DEBUG] api: pool idle=4 active=2
2026-01-12 01:39:24.631 [INFO ] api: batch flushed
2026-01-12 01:39:25.668 [INFO ] api: user login ok
2026-01-12 01:39:26.705 [INFO ] api: request handled
2026-01-12 01:39:27.742 [WARN ] api: deprecated header seen
2026-01-12 01:39:28.779 [INFO ] api: cache hit
2026-01-12 01:39:29.816 [ERROR] api: upstream 503 after 3 retries
2026-01-12 01:39:30.853 [INFO ] api: user login ok
2026-01-12 01:39:31.890 [DEBUG] api: pool idle=4 active=2
2026-01-12 01:39:32.927 [INFO ] api: job scheduled
2026-01-12 01:39:33.964 [DEBUG] api: ttl=300 key=sess:7643
2026-01-12 01:39:34.001 [INFO ] api: batch flushed
2026-01-12 01:39:35.038 [INFO ] api: user login ok
2026-01-12 01:39:36.075 [INFO ] api: request handled
2026-01-12 01:39:37.112 [WARN ] api: retry 7695/3 upstream slow
2026-01-12 01:39:38.149 [INFO ] api: cache hit
2026-01-12 01:39:39.186 [ERROR] api: null ref in handler #7721
2026-01-12 01:39:40.223 [INFO ] api: user login ok
2026-01-12 01:39:41.260 [DEBUG] api: ttl=300 key=sess:7747
2026-01-12 01:39:42.297 [INFO ] api: job scheduled
2026-01-12 01:39:43.334 [DEBUG] api: pool idle=4 active=2
2026-01-12 01:39:44.371 [INFO ] api: batch flushed
2026-01-12 01:39:45.408 [INFO ] api: user login ok
2026-01-12 01:39:46.445 [INFO ] api: request handled
2026-01-12 01:39:47.482 [WARN ] api: deprecated header seen
2026-01-12 01:39:48.519 [INFO ] api: cache hit
2026-01-12 01:39:49.556 [ERROR] api: upstream 503 after 3 retries
2026-01-12 01:39:50.593 [INFO ] api: user login ok
2026-01-12 01:39:51.630 [DEBUG] api: pool idle=4 active=2
2026-01-12 01:39:52.667 [INFO ] api: job scheduled
2026-01-12 01:39:53.704 [DEBUG] api: ttl=300 key=sess:7903
2026-01-12 01:39:54.741 [INFO ] api: batch flushed
2026-01-12 01:39:55.778 [INFO ] api: user login ok
2026-01-12 01:39:56.815 [INFO ] api: request handled
2026-01-12 01:39:57.852 [WARN ] api: retry 7955/3 upstream slow
2026-01-12 01:39:58.889 [INFO ] api: cache hit
2026-01-12 01:39:59.926 [ERROR] api: null ref in handler #7981
2026-01-12 01:40:00.963 [INFO ] api: user login ok
